code_2008,libelle_2008,code_2025,libelle_2025,type_correspondance,source_url,source_reference
01.11Z,"Culture de céréales (à l'exception du riz), de légumineuses et de graines oléagineuses",01.11Y,"Culture de céréales, à l’exception du riz, de légumineuses et de graines oléagineuses",1→1,https://www.insee.fr/fr/information/8201411,Insee — Correspondances NAF rév.2 / NAF 2025 — 01.11Z → 01.11Y
01.12Z,Culture du riz,01.12Y,Culture du riz,1→1,https://www.insee.fr/fr/information/8201411,Insee — Correspondances NAF rév.2 / NAF 2025 — 01.12Z → 01.12Y
01.13Z,"Culture de légumes, de melons, de racines et de tubercules",01.13Y,"Culture de légumes, de melons, de racines et de tubercules",1→1,https://www.insee.fr/fr/information/8201411,Insee — Correspondances NAF rév.2 / NAF 2025 — 01.13Z → 01.13Y
01.14Z,Culture de la canne à sucre,01.14Y,Culture de la canne à sucre,1→1,https://www.insee.fr/fr/information/8201411,Insee — Correspondances NAF rév.2 / NAF 2025 — 01.14Z → 01.14Y
01.15Z,Culture du tabac,01.15Y,Culture du tabac,1→1,https://www.insee.fr/fr/information/8201411,Insee — Correspondances NAF rév.2 / NAF 2025 — 01.15Z → 01.15Y
01.16Z,Culture de plantes à fibres,01.16Y,Culture de plantes à fibres,1→1,https://www.insee.fr/fr/information/8201411,Insee — Correspondances NAF rév.2 / NAF 2025 — 01.16Z → 01.16Y
01.19Z,Autres cultures non permanentes,01.19Y,Autres cultures non permanentes,1→1,https://www.insee.fr/fr/information/8201411,Insee — Correspondances NAF rév.2 / NAF 2025 — 01.19Z → 01.19Y
01.21Z,Culture de la vigne,01.21Y,Culture de la vigne,1→1,https://www.insee.fr/fr/information/8201411,Insee — Correspondances NAF rév.2 / NAF 2025 — 01.21Z → 01.21Y
01.22Z,Culture de fruits tropicaux et subtropicaux,01.22Y,Culture de fruits tropicaux et subtropicaux,1→1,https://www.insee.fr/fr/information/8201411,Insee — Correspondances NAF rév.2 / NAF 2025 — 01.22Z → 01.22Y
01.23Z,Culture d'agrumes,01.23Y,Culture d’agrumes,1→1,https://www.insee.fr/fr/information/8201411,Insee — Correspondances NAF rév.2 / NAF 2025 — 01.23Z → 01.23Y
01.24Z,Culture de fruits à pépins et à noyau,01.24Y,Culture de fruits à pépins et à noyau,1→1,https://www.insee.fr/fr/information/8201411,Insee — Correspondances NAF rév.2 / NAF 2025 — 01.24Z → 01.24Y
01.25Z,Culture d'autres fruits d'arbres ou d'arbustes et de fruits à coque,01.25Y,Culture d’autres fruits d’arbres ou d’arbustes et de fruits à coque,1→1,https://www.insee.fr/fr/information/8201411,Insee — Correspondances NAF rév.2 / NAF 2025 — 01.25Z → 01.25Y
01.26Z,Culture de fruits oléagineux,01.26Y,Culture de fruits oléagineux,1→1,https://www.insee.fr/fr/information/8201411,Insee — Correspondances NAF rév.2 / NAF 2025 — 01.26Z → 01.26Y
01.27Z,Culture de plantes à boissons,01.27Y,Culture de plantes à boissons,1→1,https://www.insee.fr/fr/information/8201411,Insee — Correspondances NAF rév.2 / NAF 2025 — 01.27Z → 01.27Y
01.28Z,"Culture de plantes à épices, aromatiques, médicinales et pharmaceutiques",01.28Y,"Culture de plantes à épices, aromatiques, médicinales et pharmaceutiques",1→1,https://www.insee.fr/fr/information/8201411,Insee — Correspondances NAF rév.2 / NAF 2025 — 01.28Z → 01.28Y
01.29Z,Autres cultures permanentes,01.29Y,Autres cultures permanentes,1→1,https://www.insee.fr/fr/information/8201411,Insee — Correspondances NAF rév.2 / NAF 2025 — 01.29Z → 01.29Y
01.30Z,Reproduction de plantes,01.30Y,Reproduction de plantes,1→1,https://www.insee.fr/fr/information/8201411,Insee — Correspondances NAF rév.2 / NAF 2025 — 01.30Z → 01.30Y
01.41Z,Élevage de vaches laitières,01.41Y,Élevage de vaches laitières,1→1,https://www.insee.fr/fr/information/8201411,Insee — Correspondances NAF rév.2 / NAF 2025 — 01.41Z → 01.41Y
01.42Z,Élevage d'autres bovins et de buffles,01.42Y,Élevage d’autres bovins et de buffles,1→1,https://www.insee.fr/fr/information/8201411,Insee — Correspondances NAF rév.2 / NAF 2025 — 01.42Z → 01.42Y
01.43Z,Élevage de chevaux et d'autres équidés,01.43Y,Élevage de chevaux et d’autres équidés,1→1,https://www.insee.fr/fr/information/8201411,Insee — Correspondances NAF rév.2 / NAF 2025 — 01.43Z → 01.43Y
01.44Z,Élevage de chameaux et d'autres camélidés,01.44Y,Élevage de chameaux et d’autres camélidés,1→1,https://www.insee.fr/fr/information/8201411,Insee — Correspondances NAF rév.2 / NAF 2025 — 01.44Z → 01.44Y
01.45Z,Élevage d'ovins et de caprins,01.45Y,Élevage d’ovins et de caprins,1→1,https://www.insee.fr/fr/information/8201411,Insee — Correspondances NAF rév.2 / NAF 2025 — 01.45Z → 01.45Y
01.46Z,Élevage de porcins,01.46Y,Élevage de porcins,1→1,https://www.insee.fr/fr/information/8201411,Insee — Correspondances NAF rév.2 / NAF 2025 — 01.46Z → 01.46Y
01.47Z,Élevage de volailles,01.47Y,Élevage de volailles,1→1,https://www.insee.fr/fr/information/8201411,Insee — Correspondances NAF rév.2 / NAF 2025 — 01.47Z → 01.47Y
01.50Z,Culture et élevage associés,01.50Y,Culture et élevage associés,1→1,https://www.insee.fr/fr/information/8201411,Insee — Correspondances NAF rév.2 / NAF 2025 — 01.50Z → 01.50Y
01.61Z,Activités de soutien aux cultures,01.61Y,Activités de soutien aux cultures,1→1,https://www.insee.fr/fr/information/8201411,Insee — Correspondances NAF rév.2 / NAF 2025 — 01.61Z → 01.61Y
01.62Z,Activités de soutien à la production animale,01.62Y,Activités de soutien à la production animale,1→1,https://www.insee.fr/fr/information/8201411,Insee — Correspondances NAF rév.2 / NAF 2025 — 01.62Z → 01.62Y
01.63Z,Traitement primaire des récoltes,01.63Y,Traitement primaire des récoltes et traitement des semences,1→1,https://www.insee.fr/fr/information/8201411,Insee — Correspondances NAF rév.2 / NAF 2025 — 01.63Z → 01.63Y
01.70Z,"Chasse, piégeage et services annexes",01.70Y,"Chasse, piégeage et activités de service connexes",1→1,https://www.insee.fr/fr/information/8201411,Insee — Correspondances NAF rév.2 / NAF 2025 — 01.70Z → 01.70Y
02.10Z,Sylviculture et autres activités forestières,02.10Y,Sylviculture et autres activités forestières,1→1,https://www.insee.fr/fr/information/8201411,Insee — Correspondances NAF rév.2 / NAF 2025 — 02.10Z → 02.10Y
02.20Z,Exploitation forestière,02.20Y,Exploitation forestière,1→1,https://www.insee.fr/fr/information/8201411,Insee — Correspondances NAF rév.2 / NAF 2025 — 02.20Z → 02.20Y
02.30Z,Récolte de produits forestiers non ligneux poussant à l'état sauvage,02.30Y,Récolte de produits forestiers non ligneux poussant à l’état sauvage,1→1,https://www.insee.fr/fr/information/8201411,Insee — Correspondances NAF rév.2 / NAF 2025 — 02.30Z → 02.30Y
02.40Z,Services de soutien à l'exploitation forestière,02.40Y,Activités de soutien à l’exploitation forestière,1→1,https://www.insee.fr/fr/information/8201411,Insee — Correspondances NAF rév.2 / NAF 2025 — 02.40Z → 02.40Y
03.11Z,Pêche en mer,03.11Y,Pêche en mer,1→1,https://www.insee.fr/fr/information/8201411,Insee — Correspondances NAF rév.2 / NAF 2025 — 03.11Z → 03.11Y
03.12Z,Pêche en eau douce,03.12Y,Pêche en eau douce,1→1,https://www.insee.fr/fr/information/8201411,Insee — Correspondances NAF rév.2 / NAF 2025 — 03.12Z → 03.12Y
03.21Z,Aquaculture en mer,03.21Y,Aquaculture en mer,1→1,https://www.insee.fr/fr/information/8201411,Insee — Correspondances NAF rév.2 / NAF 2025 — 03.21Z → 03.21Y
03.22Z,Aquaculture en eau douce,03.22Y,Aquaculture en eau douce,1→1,https://www.insee.fr/fr/information/8201411,Insee — Correspondances NAF rév.2 / NAF 2025 — 03.22Z → 03.22Y
05.10Z,Extraction de houille,05.10Y,Extraction de houille,1→1,https://www.insee.fr/fr/information/8201411,Insee — Correspondances NAF rév.2 / NAF 2025 — 05.10Z → 05.10Y
05.20Z,Extraction de lignite,05.20Y,Extraction de lignite,1→1,https://www.insee.fr/fr/information/8201411,Insee — Correspondances NAF rév.2 / NAF 2025 — 05.20Z → 05.20Y
06.10Z,Extraction de pétrole brut,06.10Y,Extraction de pétrole brut,1→1,https://www.insee.fr/fr/information/8201411,Insee — Correspondances NAF rév.2 / NAF 2025 — 06.10Z → 06.10Y
06.20Z,Extraction de gaz naturel,06.20Y,Extraction de gaz naturel,1→1,https://www.insee.fr/fr/information/8201411,Insee — Correspondances NAF rév.2 / NAF 2025 — 06.20Z → 06.20Y
07.10Z,Extraction de minerais de fer,07.10Y,Extraction de minerais de fer,1→1,https://www.insee.fr/fr/information/8201411,Insee — Correspondances NAF rév.2 / NAF 2025 — 07.10Z → 07.10Y
07.21Z,Extraction de minerais d'uranium et de thorium,07.21Y,Extraction de minerais d’uranium et de thorium,1→1,https://www.insee.fr/fr/information/8201411,Insee — Correspondances NAF rév.2 / NAF 2025 — 07.21Z → 07.21Y
07.29Z,Extraction d'autres minerais de métaux non ferreux,07.29Y,Extraction d’autres minerais de métaux non ferreux,1→1,https://www.insee.fr/fr/information/8201411,Insee — Correspondances NAF rév.2 / NAF 2025 — 07.29Z → 07.29Y
08.11Z,"Extraction de pierres ornementales et de construction, de calcaire industriel, de gypse, de craie et d'ardoise",08.11Y,"Extraction de pierres ornementales, de calcaire industriel, de gypse, d’ardoise et d’autres pierres",1→1,https://www.insee.fr/fr/information/8201411,Insee — Correspondances NAF rév.2 / NAF 2025 — 08.11Z → 08.11Y
08.12Z,"Exploitation de gravières et sablières, extraction d’argiles et de kaolin",08.12Y,"Exploitation de gravières et sablières, extraction d’argiles et de kaolin",1→1,https://www.insee.fr/fr/information/8201411,Insee — Correspondances NAF rév.2 / NAF 2025 — 08.12Z → 08.12Y
08.91Z,Extraction des minéraux chimiques et d'engrais minéraux,08.91Y,Extraction de minéraux chimiques et d’engrais minéraux,1→1,https://www.insee.fr/fr/information/8201411,Insee — Correspondances NAF rév.2 / NAF 2025 — 08.91Z → 08.91Y
08.92Z,Extraction de tourbe,08.92Y,Extraction de tourbe,1→1,https://www.insee.fr/fr/information/8201411,Insee — Correspondances NAF rév.2 / NAF 2025 — 08.92Z → 08.92Y
08.93Z,Production de sel,08.93Y,Production de sel,1→1,https://www.insee.fr/fr/information/8201411,Insee — Correspondances NAF rév.2 / NAF 2025 — 08.93Z → 08.93Y
08.99Z,Autres activités extractives n.c.a.,08.99Y,Autres activités extractives n.c.a.,1→1,https://www.insee.fr/fr/information/8201411,Insee — Correspondances NAF rév.2 / NAF 2025 — 08.99Z → 08.99Y
09.10Z,Activités de soutien à l'extraction d'hydrocarbures,09.10Y,Activités de soutien à l’extraction d’hydrocarbures,1→1,https://www.insee.fr/fr/information/8201411,Insee — Correspondances NAF rév.2 / NAF 2025 — 09.10Z → 09.10Y
09.90Z,Activités de soutien aux autres industries extractives,09.90Y,Activités de soutien aux autres industries extractives,1→1,https://www.insee.fr/fr/information/8201411,Insee — Correspondances NAF rév.2 / NAF 2025 — 09.90Z → 09.90Y
10.11Z,Transformation et conservation de la viande de boucherie,10.11Y,"Transformation et conservation de la viande, à l’exception de la viande de volaille",1→1,https://www.insee.fr/fr/information/8201411,Insee — Correspondances NAF rév.2 / NAF 2025 — 10.11Z → 10.11Y
10.12Z,Transformation et conservation de la viande de volaille,10.12Y,Transformation et conservation de la viande de volaille,1→1,https://www.insee.fr/fr/information/8201411,Insee — Correspondances NAF rév.2 / NAF 2025 — 10.12Z → 10.12Y
10.13A,Préparation industrielle de produits à base de viande,10.13G,Préparation industrielle de produits à base de viande,n↔n,https://www.insee.fr/fr/information/8201411,Insee — Correspondances NAF rév.2 / NAF 2025 — 10.13A → 10.13G
10.13A,Préparation industrielle de produits à base de viande,10.13H,Préparation de produits à base de viande associée à leur vente au détail,n↔n,https://www.insee.fr/fr/information/8201411,Insee — Correspondances NAF rév.2 / NAF 2025 — 10.13A → 10.13H
10.13B,Charcuterie,10.13G,Préparation industrielle de produits à base de viande,n↔n,https://www.insee.fr/fr/information/8201411,Insee — Correspondances NAF rév.2 / NAF 2025 — 10.13B → 10.13G
10.13B,Charcuterie,10.13H,Préparation de produits à base de viande associée à leur vente au détail,n↔n,https://www.insee.fr/fr/information/8201411,Insee — Correspondances NAF rév.2 / NAF 2025 — 10.13B → 10.13H
10.20Z,"Transformation et conservation de poisson, de crustacés et de mollusques",10.20Y,"Transformation et conservation de poisson, de crustacés et de mollusques",1→1,https://www.insee.fr/fr/information/8201411,Insee — Correspondances NAF rév.2 / NAF 2025 — 10.20Z → 10.20Y
10.31Z,Transformation et conservation de pommes de terre,10.31Y,Transformation et conservation de pommes de terre,1→1,https://www.insee.fr/fr/information/8201411,Insee — Correspondances NAF rév.2 / NAF 2025 — 10.31Z → 10.31Y
10.32Z,Préparation de jus de fruits et légumes,10.32Y,Préparation de jus de fruits et légumes,1→1,https://www.insee.fr/fr/information/8201411,Insee — Correspondances NAF rév.2 / NAF 2025 — 10.32Z → 10.32Y
10.39A,Autre transformation et conservation de légumes,10.39G,Autre transformation et conservation de légumes,n↔n,https://www.insee.fr/fr/information/8201411,Insee — Correspondances NAF rév.2 / NAF 2025 — 10.39A → 10.39G
10.39A,Autre transformation et conservation de légumes,10.39H,Autre transformation et conservation de fruits,n↔n,https://www.insee.fr/fr/information/8201411,Insee — Correspondances NAF rév.2 / NAF 2025 — 10.39A → 10.39H
10.39B,Transformation et conservation de fruits,10.39G,Autre transformation et conservation de légumes,n↔n,https://www.insee.fr/fr/information/8201411,Insee — Correspondances NAF rév.2 / NAF 2025 — 10.39B → 10.39G
10.39B,Transformation et conservation de fruits,10.39H,Autre transformation et conservation de fruits,n↔n,https://www.insee.fr/fr/information/8201411,Insee — Correspondances NAF rév.2 / NAF 2025 — 10.39B → 10.39H
10.41A,Fabrication d'huiles et graisses brutes,10.41Y,Fabrication d’huiles et graisses,n→1,https://www.insee.fr/fr/information/8201411,Insee — Correspondances NAF rév.2 / NAF 2025 — 10.41A → 10.41Y
10.41B,Fabrication d'huiles et graisses raffinées,10.41Y,Fabrication d’huiles et graisses,n→1,https://www.insee.fr/fr/information/8201411,Insee — Correspondances NAF rév.2 / NAF 2025 — 10.41B → 10.41Y
10.42Z,Fabrication de margarine et graisses comestibles similaires,10.42Y,Fabrication de margarine et graisses comestibles similaires,1→1,https://www.insee.fr/fr/information/8201411,Insee — Correspondances NAF rév.2 / NAF 2025 — 10.42Z → 10.42Y
10.51A,Fabrication de lait liquide et de produits frais,10.51G,"Fabrication de lait liquide, crèmes de lait et laits fermentés",n↔n,https://www.insee.fr/fr/information/8201411,Insee — Correspondances NAF rév.2 / NAF 2025 — 10.51A → 10.51G
10.51A,Fabrication de lait liquide et de produits frais,10.51H,Fabrication de fromage,n↔n,https://www.insee.fr/fr/information/8201411,Insee — Correspondances NAF rév.2 / NAF 2025 — 10.51A → 10.51H
10.51A,Fabrication de lait liquide et de produits frais,10.51J,Fabrication de beurre et d'autres produits laitiers,n↔n,https://www.insee.fr/fr/information/8201411,Insee — Correspondances NAF rév.2 / NAF 2025 — 10.51A → 10.51J
10.51B,Fabrication de beurre,10.51G,"Fabrication de lait liquide, crèmes de lait et laits fermentés",n↔n,https://www.insee.fr/fr/information/8201411,Insee — Correspondances NAF rév.2 / NAF 2025 — 10.51B → 10.51G
10.51B,Fabrication de beurre,10.51H,Fabrication de fromage,n↔n,https://www.insee.fr/fr/information/8201411,Insee — Correspondances NAF rév.2 / NAF 2025 — 10.51B → 10.51H
10.51B,Fabrication de beurre,10.51J,Fabrication de beurre et d'autres produits laitiers,n↔n,https://www.insee.fr/fr/information/8201411,Insee — Correspondances NAF rév.2 / NAF 2025 — 10.51B → 10.51J
10.51C,Fabrication de fromage,10.51G,"Fabrication de lait liquide, crèmes de lait et laits fermentés",n↔n,https://www.insee.fr/fr/information/8201411,Insee — Correspondances NAF rév.2 / NAF 2025 — 10.51C → 10.51G
10.51C,Fabrication de fromage,10.51H,Fabrication de fromage,n↔n,https://www.insee.fr/fr/information/8201411,Insee — Correspondances NAF rév.2 / NAF 2025 — 10.51C → 10.51H
10.51C,Fabrication de fromage,10.51J,Fabrication de beurre et d'autres produits laitiers,n↔n,https://www.insee.fr/fr/information/8201411,Insee — Correspondances NAF rév.2 / NAF 2025 — 10.51C → 10.51J
10.51D,Fabrication d'autres produits laitiers,10.51G,"Fabrication de lait liquide, crèmes de lait et laits fermentés",n↔n,https://www.insee.fr/fr/information/8201411,Insee — Correspondances NAF rév.2 / NAF 2025 — 10.51D → 10.51G
10.51D,Fabrication d'autres produits laitiers,10.51H,Fabrication de fromage,n↔n,https://www.insee.fr/fr/information/8201411,Insee — Correspondances NAF rév.2 / NAF 2025 — 10.51D → 10.51H
10.51D,Fabrication d'autres produits laitiers,10.51J,Fabrication de beurre et d'autres produits laitiers,n↔n,https://www.insee.fr/fr/information/8201411,Insee — Correspondances NAF rév.2 / NAF 2025 — 10.51D → 10.51J
10.52Z,Fabrication de glaces et sorbets,10.52Y,Fabrication de crèmes glacées et autres glaces alimentaires,1→1,https://www.insee.fr/fr/information/8201411,Insee — Correspondances NAF rév.2 / NAF 2025 — 10.52Z → 10.52Y
10.61A,Meunerie,10.61G,Meunerie,n↔n,https://www.insee.fr/fr/information/8201411,Insee — Correspondances NAF rév.2 / NAF 2025 — 10.61A → 10.61G
10.61A,Meunerie,10.61H,Autres activités du travail des grains,n↔n,https://www.insee.fr/fr/information/8201411,Insee — Correspondances NAF rév.2 / NAF 2025 — 10.61A → 10.61H
10.61B,Autres activités du travail des grains,10.61G,Meunerie,n↔n,https://www.insee.fr/fr/information/8201411,Insee — Correspondances NAF rév.2 / NAF 2025 — 10.61B → 10.61G
10.61B,Autres activités du travail des grains,10.61H,Autres activités du travail des grains,n↔n,https://www.insee.fr/fr/information/8201411,Insee — Correspondances NAF rév.2 / NAF 2025 — 10.61B → 10.61H
10.62Z,Fabrication de produits amylacés,10.62Y,Fabrication de produits amylacés,1→1,https://www.insee.fr/fr/information/8201411,Insee — Correspondances NAF rév.2 / NAF 2025 — 10.62Z → 10.62Y
10.71A,Fabrication industrielle de pain et de pâtisserie fraîche,10.71G,Fabrication industrielle de pain et de pâtisserie fraîche,n↔n,https://www.insee.fr/fr/information/8201411,Insee — Correspondances NAF rév.2 / NAF 2025 — 10.71A → 10.71G
10.71A,Fabrication industrielle de pain et de pâtisserie fraîche,10.71H,Fabrication de pain et d'autres produits de boulangerie-pâtisserie associée à leur vente au détail,n↔n,https://www.insee.fr/fr/information/8201411,Insee — Correspondances NAF rév.2 / NAF 2025 — 10.71A → 10.71H
10.71A,Fabrication industrielle de pain et de pâtisserie fraîche,10.71J,Fabrication de pâtisserie fraîche associée à sa vente au détail,n↔n,https://www.insee.fr/fr/information/8201411,Insee — Correspondances NAF rév.2 / NAF 2025 — 10.71A → 10.71J
10.71B,Cuisson de produits de boulangerie,10.71G,Fabrication industrielle de pain et de pâtisserie fraîche,n↔n,https://www.insee.fr/fr/information/8201411,Insee — Correspondances NAF rév.2 / NAF 2025 — 10.71B → 10.71G
10.71B,Cuisson de produits de boulangerie,10.71H,Fabrication de pain et d'autres produits de boulangerie-pâtisserie associée à leur vente au détail,n↔n,https://www.insee.fr/fr/information/8201411,Insee — Correspondances NAF rév.2 / NAF 2025 — 10.71B → 10.71H
10.71B,Cuisson de produits de boulangerie,10.71J,Fabrication de pâtisserie fraîche associée à sa vente au détail,n↔n,https://www.insee.fr/fr/information/8201411,Insee — Correspondances NAF rév.2 / NAF 2025 — 10.71B → 10.71J
10.71C,Boulangerie et boulangerie-pâtisserie,10.71G,Fabrication industrielle de pain et de pâtisserie fraîche,n↔n,https://www.insee.fr/fr/information/8201411,Insee — Correspondances NAF rév.2 / NAF 2025 — 10.71C → 10.71G
10.71C,Boulangerie et boulangerie-pâtisserie,10.71H,Fabrication de pain et d'autres produits de boulangerie-pâtisserie associée à leur vente au détail,n↔n,https://www.insee.fr/fr/information/8201411,Insee — Correspondances NAF rév.2 / NAF 2025 — 10.71C → 10.71H
10.71C,Boulangerie et boulangerie-pâtisserie,10.71J,Fabrication de pâtisserie fraîche associée à sa vente au détail,n↔n,https://www.insee.fr/fr/information/8201411,Insee — Correspondances NAF rév.2 / NAF 2025 — 10.71C → 10.71J
10.71D,Pâtisserie,10.71G,Fabrication industrielle de pain et de pâtisserie fraîche,n↔n,https://www.insee.fr/fr/information/8201411,Insee — Correspondances NAF rév.2 / NAF 2025 — 10.71D → 10.71G
10.71D,Pâtisserie,10.71H,Fabrication de pain et d'autres produits de boulangerie-pâtisserie associée à leur vente au détail,n↔n,https://www.insee.fr/fr/information/8201411,Insee — Correspondances NAF rév.2 / NAF 2025 — 10.71D → 10.71H
10.71D,Pâtisserie,10.71J,Fabrication de pâtisserie fraîche associée à sa vente au détail,n↔n,https://www.insee.fr/fr/information/8201411,Insee — Correspondances NAF rév.2 / NAF 2025 — 10.71D → 10.71J
10.72Z,"Fabrication de biscuits, biscottes et pâtisseries de conservation",10.72Y,"Fabrication de biscuits, biscottes et pâtisseries de conservation",1→1,https://www.insee.fr/fr/information/8201411,Insee — Correspondances NAF rév.2 / NAF 2025 — 10.72Z → 10.72Y
10.73Z,Fabrication de pâtes alimentaires,10.73Y,Fabrication de pâtes alimentaires,1→1,https://www.insee.fr/fr/information/8201411,Insee — Correspondances NAF rév.2 / NAF 2025 — 10.73Z → 10.73Y
10.81Z,Fabrication de sucre,10.81Y,Fabrication de sucre,1→1,https://www.insee.fr/fr/information/8201411,Insee — Correspondances NAF rév.2 / NAF 2025 — 10.81Z → 10.81Y
10.82Z,"Fabrication de cacao, chocolat et de produits de confiserie",10.82Y,"Fabrication de cacao, de chocolat et de produits de confiserie",1→1,https://www.insee.fr/fr/information/8201411,Insee — Correspondances NAF rév.2 / NAF 2025 — 10.82Z → 10.82Y
10.83Z,Transformation du thé et du café,10.83Y,Transformation du thé et du café,1→1,https://www.insee.fr/fr/information/8201411,Insee — Correspondances NAF rév.2 / NAF 2025 — 10.83Z → 10.83Y
10.84Z,Fabrication de condiments et assaisonnements,10.84Y,Fabrication de condiments et assaisonnements,1→1,https://www.insee.fr/fr/information/8201411,Insee — Correspondances NAF rév.2 / NAF 2025 — 10.84Z → 10.84Y
10.85Z,Fabrication de plats préparés,10.85Y,Fabrication de plats préparés,1→1,https://www.insee.fr/fr/information/8201411,Insee — Correspondances NAF rév.2 / NAF 2025 — 10.85Z → 10.85Y
10.86Z,Fabrication d'aliments homogénéisés et diététiques,10.86Y,Fabrication d’aliments homogénéisés et diététiques,1→1,https://www.insee.fr/fr/information/8201411,Insee — Correspondances NAF rév.2 / NAF 2025 — 10.86Z → 10.86Y
10.89Z,Fabrication d'autres produits alimentaires n.c.a.,10.89Y,Fabrication d’autres produits alimentaires n.c.a.,1→1,https://www.insee.fr/fr/information/8201411,Insee — Correspondances NAF rév.2 / NAF 2025 — 10.89Z → 10.89Y
10.91Z,Fabrication d'aliments pour animaux de ferme,10.91Y,Fabrication d’aliments pour animaux de ferme,1→1,https://www.insee.fr/fr/information/8201411,Insee — Correspondances NAF rév.2 / NAF 2025 — 10.91Z → 10.91Y
10.92Z,Fabrication d'aliments pour animaux de compagnie,10.92Y,Fabrication d’aliments pour animaux de compagnie,1→1,https://www.insee.fr/fr/information/8201411,Insee — Correspondances NAF rév.2 / NAF 2025 — 10.92Z → 10.92Y
11.01Z,Production de boissons alcooliques distillées,11.01Y,Production de boissons alcoolisées distillées,1→1,https://www.insee.fr/fr/information/8201411,Insee — Correspondances NAF rév.2 / NAF 2025 — 11.01Z → 11.01Y
11.02A,Fabrication de vins effervescents,11.02G,Fabrication de vins effervescents,n↔n,https://www.insee.fr/fr/information/8201411,Insee — Correspondances NAF rév.2 / NAF 2025 — 11.02A → 11.02G
11.02A,Fabrication de vins effervescents,11.02H,Fabrication de vins non effervescents,n↔n,https://www.insee.fr/fr/information/8201411,Insee — Correspondances NAF rév.2 / NAF 2025 — 11.02A → 11.02H
11.02B,Vinification,11.02G,Fabrication de vins effervescents,n↔n,https://www.insee.fr/fr/information/8201411,Insee — Correspondances NAF rév.2 / NAF 2025 — 11.02B → 11.02G
11.02B,Vinification,11.02H,Fabrication de vins non effervescents,n↔n,https://www.insee.fr/fr/information/8201411,Insee — Correspondances NAF rév.2 / NAF 2025 — 11.02B → 11.02H
11.03Z,Fabrication de cidre et de vins de fruits,11.03Y,Fabrication de cidre et autres boissons fermentées à base de fruits,1→1,https://www.insee.fr/fr/information/8201411,Insee — Correspondances NAF rév.2 / NAF 2025 — 11.03Z → 11.03Y
11.04Z,Production d'autres boissons fermentées non distillées,11.04Y,Production d’autres boissons fermentées non distillées,1→1,https://www.insee.fr/fr/information/8201411,Insee — Correspondances NAF rév.2 / NAF 2025 — 11.04Z → 11.04Y
11.05Z,Fabrication de bière,11.05Y,Fabrication de bière,1→1,https://www.insee.fr/fr/information/8201411,Insee — Correspondances NAF rév.2 / NAF 2025 — 11.05Z → 11.05Y
11.06Z,Fabrication de malt,11.06Y,Fabrication de malt,1→1,https://www.insee.fr/fr/information/8201411,Insee — Correspondances NAF rév.2 / NAF 2025 — 11.06Z → 11.06Y
11.07A,Industrie des eaux de table,11.07G,Industrie des eaux de table,n↔n,https://www.insee.fr/fr/information/8201411,Insee — Correspondances NAF rév.2 / NAF 2025 — 11.07A → 11.07G
11.07A,Industrie des eaux de table,11.07H,Production d'autres boissons non alcoolisées,n↔n,https://www.insee.fr/fr/information/8201411,Insee — Correspondances NAF rév.2 / NAF 2025 — 11.07A → 11.07H
11.07B,Production de boissons rafraîchissantes,11.07G,Industrie des eaux de table,n↔n,https://www.insee.fr/fr/information/8201411,Insee — Correspondances NAF rév.2 / NAF 2025 — 11.07B → 11.07G
11.07B,Production de boissons rafraîchissantes,11.07H,Production d'autres boissons non alcoolisées,n↔n,https://www.insee.fr/fr/information/8201411,Insee — Correspondances NAF rév.2 / NAF 2025 — 11.07B → 11.07H
12.00Z,Fabrication de produits à base de tabac,12.00Y,Fabrication de produits à base de tabac,1→1,https://www.insee.fr/fr/information/8201411,Insee — Correspondances NAF rév.2 / NAF 2025 — 12.00Z → 12.00Y
13.10Z,Préparation de fibres textiles et filature,13.10Y,Préparation de fibres textiles et filature,1→1,https://www.insee.fr/fr/information/8201411,Insee — Correspondances NAF rév.2 / NAF 2025 — 13.10Z → 13.10Y
13.20Z,Tissage,13.20Y,Tissage,1→1,https://www.insee.fr/fr/information/8201411,Insee — Correspondances NAF rév.2 / NAF 2025 — 13.20Z → 13.20Y
13.30Z,Ennoblissement textile,13.30Y,Ennoblissement textile,1→1,https://www.insee.fr/fr/information/8201411,Insee — Correspondances NAF rév.2 / NAF 2025 — 13.30Z → 13.30Y
13.91Z,Fabrication d'étoffes à mailles,13.91Y,Fabrication d’étoffes à mailles,1→1,https://www.insee.fr/fr/information/8201411,Insee — Correspondances NAF rév.2 / NAF 2025 — 13.91Z → 13.91Y
13.92Z,"Fabrication d'articles textiles, sauf habillement",13.92Y,Fabrication de textiles ménagers et d’articles d’ameublement confectionnés,1→1,https://www.insee.fr/fr/information/8201411,Insee — Correspondances NAF rév.2 / NAF 2025 — 13.92Z → 13.92Y
13.93Z,Fabrication de tapis et moquettes,13.93Y,Fabrication de tapis et moquettes,1→1,https://www.insee.fr/fr/information/8201411,Insee — Correspondances NAF rév.2 / NAF 2025 — 13.93Z → 13.93Y
13.94Z,"Fabrication de ficelles, cordes et filets",13.94Y,"Fabrication de ficelles, cordes et filets",1→1,https://www.insee.fr/fr/information/8201411,Insee — Correspondances NAF rév.2 / NAF 2025 — 13.94Z → 13.94Y
13.95Z,"Fabrication de non-tissés, sauf habillement",13.95Y,Fabrication de textiles non-tissés et articles non-tissés,1→1,https://www.insee.fr/fr/information/8201411,Insee — Correspondances NAF rév.2 / NAF 2025 — 13.95Z → 13.95Y
13.96Z,Fabrication d'autres textiles techniques et industriels,13.96Y,Fabrication d’autres textiles techniques et industriels,1→1,https://www.insee.fr/fr/information/8201411,Insee — Correspondances NAF rév.2 / NAF 2025 — 13.96Z → 13.96Y
13.99Z,Fabrication d'autres textiles n.c.a.,13.99Y,Fabrication d’autres textiles n.c.a.,1→1,https://www.insee.fr/fr/information/8201411,Insee — Correspondances NAF rév.2 / NAF 2025 — 13.99Z → 13.99Y
15.11Z,Apprêt et tannage des cuirs ; préparation et teinture des fourrures,15.11Y,"Tannage, apprêt et teinture des cuirs et des fourrures",1→1,https://www.insee.fr/fr/information/8201411,Insee — Correspondances NAF rév.2 / NAF 2025 — 15.11Z → 15.11Y
15.12Z,"Fabrication d'articles de voyage, de maroquinerie et de sellerie",15.12Y,"Fabrication de bagages, de maroquinerie, sellerie et bourrellerie, en toutes matières",1→1,https://www.insee.fr/fr/information/8201411,Insee — Correspondances NAF rév.2 / NAF 2025 — 15.12Z → 15.12Y
15.20Z,Fabrication de chaussures,15.20Y,Fabrication de chaussures,1→1,https://www.insee.fr/fr/information/8201411,Insee — Correspondances NAF rév.2 / NAF 2025 — 15.20Z → 15.20Y
16.21Z,Fabrication de placage et de panneaux de bois,16.21Y,Fabrication de placage et de panneaux de bois,1→1,https://www.insee.fr/fr/information/8201411,Insee — Correspondances NAF rév.2 / NAF 2025 — 16.21Z → 16.21Y
16.22Z,Fabrication de parquets assemblés,16.22Y,Fabrication de parquets assemblés,1→1,https://www.insee.fr/fr/information/8201411,Insee — Correspondances NAF rév.2 / NAF 2025 — 16.22Z → 16.22Y
16.23Z,Fabrication de charpentes et d'autres menuiseries,16.23Y,Fabrication de charpentes et d’autres menuiseries,1→1,https://www.insee.fr/fr/information/8201411,Insee — Correspondances NAF rév.2 / NAF 2025 — 16.23Z → 16.23Y
16.24Z,Fabrication d'emballages en bois,16.24Y,Fabrication d’emballages en bois,1→1,https://www.insee.fr/fr/information/8201411,Insee — Correspondances NAF rév.2 / NAF 2025 — 16.24Z → 16.24Y
17.11Z,Fabrication de pâte à papier,17.11Y,Fabrication de pâte à papier,1→1,https://www.insee.fr/fr/information/8201411,Insee — Correspondances NAF rév.2 / NAF 2025 — 17.11Z → 17.11Y
17.12Z,Fabrication de papier et de carton,17.12Y,Fabrication de papier et de carton,1→1,https://www.insee.fr/fr/information/8201411,Insee — Correspondances NAF rév.2 / NAF 2025 — 17.12Z → 17.12Y
17.21A,Fabrication de carton ondulé,17.21Y,Fabrication de papier et carton ondulés et d’emballages en papier ou en carton,n→1,https://www.insee.fr/fr/information/8201411,Insee — Correspondances NAF rév.2 / NAF 2025 — 17.21A → 17.21Y
17.21B,Fabrication de cartonnages,17.21Y,Fabrication de papier et carton ondulés et d’emballages en papier ou en carton,n→1,https://www.insee.fr/fr/information/8201411,Insee — Correspondances NAF rév.2 / NAF 2025 — 17.21B → 17.21Y
17.21C,Fabrication d'emballages en papier,17.21Y,Fabrication de papier et carton ondulés et d’emballages en papier ou en carton,n→1,https://www.insee.fr/fr/information/8201411,Insee — Correspondances NAF rév.2 / NAF 2025 — 17.21C → 17.21Y
17.22Z,Fabrication d'articles en papier à usage sanitaire ou domestique,17.22Y,Fabrication d’articles en papier à usage sanitaire ou domestique,1→1,https://www.insee.fr/fr/information/8201411,Insee — Correspondances NAF rév.2 / NAF 2025 — 17.22Z → 17.22Y
17.23Z,Fabrication d'articles de papeterie,17.23Y,Fabrication d’articles de papeterie,1→1,https://www.insee.fr/fr/information/8201411,Insee — Correspondances NAF rév.2 / NAF 2025 — 17.23Z → 17.23Y
17.24Z,Fabrication de papiers peints,17.24Y,Fabrication de papiers peints,1→1,https://www.insee.fr/fr/information/8201411,Insee — Correspondances NAF rév.2 / NAF 2025 — 17.24Z → 17.24Y
18.11Z,Imprimerie de journaux,18.11Y,Imprimerie de journaux,1→1,https://www.insee.fr/fr/information/8201411,Insee — Correspondances NAF rév.2 / NAF 2025 — 18.11Z → 18.11Y
18.12Z,Autre imprimerie (labeur),18.12Y,Autres activités d’imprimerie,1→1,https://www.insee.fr/fr/information/8201411,Insee — Correspondances NAF rév.2 / NAF 2025 — 18.12Z → 18.12Y
18.13Z,Activités de pré-presse,18.13Y,Activités de pré-presse,1→1,https://www.insee.fr/fr/information/8201411,Insee — Correspondances NAF rév.2 / NAF 2025 — 18.13Z → 18.13Y
18.14Z,Reliure et activités connexes,18.14Y,Reliure et activités connexes,1→1,https://www.insee.fr/fr/information/8201411,Insee — Correspondances NAF rév.2 / NAF 2025 — 18.14Z → 18.14Y
18.20Z,Reproduction d'enregistrements,18.20Y,Reproduction d’enregistrements,1→1,https://www.insee.fr/fr/information/8201411,Insee — Correspondances NAF rév.2 / NAF 2025 — 18.20Z → 18.20Y
19.10Z,Cokéfaction,19.10Y,Cokéfaction,1→1,https://www.insee.fr/fr/information/8201411,Insee — Correspondances NAF rév.2 / NAF 2025 — 19.10Z → 19.10Y
19.20Z,Raffinage du pétrole,19.20Y,Raffinage du pétrole et fabrication de produits à base de combustibles fossiles,1→1,https://www.insee.fr/fr/information/8201411,Insee — Correspondances NAF rév.2 / NAF 2025 — 19.20Z → 19.20Y
20.11Z,Fabrication de gaz industriels,20.11Y,Fabrication de gaz industriels,1→1,https://www.insee.fr/fr/information/8201411,Insee — Correspondances NAF rév.2 / NAF 2025 — 20.11Z → 20.11Y
20.12Z,Fabrication de colorants et de pigments,20.12Y,Fabrication de colorants et de pigments,1→1,https://www.insee.fr/fr/information/8201411,Insee — Correspondances NAF rév.2 / NAF 2025 — 20.12Z → 20.12Y
20.13A,Enrichissement et  retraitement de matières nucléaires,20.13Y,Fabrication d’autres produits chimiques inorganiques de base,n→1,https://www.insee.fr/fr/information/8201411,Insee — Correspondances NAF rév.2 / NAF 2025 — 20.13A → 20.13Y
20.13B,Fabrication d'autres produits chimiques inorganiques de base n.c.a.,20.13Y,Fabrication d’autres produits chimiques inorganiques de base,n→1,https://www.insee.fr/fr/information/8201411,Insee — Correspondances NAF rév.2 / NAF 2025 — 20.13B → 20.13Y
20.14Z,Fabrication d'autres produits chimiques organiques de base,20.14Y,Fabrication d’autres produits chimiques organiques de base,1→1,https://www.insee.fr/fr/information/8201411,Insee — Correspondances NAF rév.2 / NAF 2025 — 20.14Z → 20.14Y
20.15Z,Fabrication de produits azotés et d'engrais,20.15Y,Fabrication de produits azotés et d’engrais,1→1,https://www.insee.fr/fr/information/8201411,Insee — Correspondances NAF rév.2 / NAF 2025 — 20.15Z → 20.15Y
20.16Z,Fabrication de matières plastiques de base,20.16Y,Fabrication de matières plastiques de base,1→1,https://www.insee.fr/fr/information/8201411,Insee — Correspondances NAF rév.2 / NAF 2025 — 20.16Z → 20.16Y
20.17Z,Fabrication de caoutchouc synthétique,20.17Y,Fabrication de caoutchouc synthétique,1→1,https://www.insee.fr/fr/information/8201411,Insee — Correspondances NAF rév.2 / NAF 2025 — 20.17Z → 20.17Y
20.20Z,Fabrication de pesticides et d’autres produits agrochimiques,20.20Y,"Fabrication de pesticides, de désinfectants et d’autres produits agrochimiques",1→1,https://www.insee.fr/fr/information/8201411,Insee — Correspondances NAF rév.2 / NAF 2025 — 20.20Z → 20.20Y
20.30Z,"Fabrication de peintures, vernis, encres et mastics",20.30Y,"Fabrication de peintures, vernis, encres et mastics",1→1,https://www.insee.fr/fr/information/8201411,Insee — Correspondances NAF rév.2 / NAF 2025 — 20.30Z → 20.30Y
20.41Z,"Fabrication de savons, détergents et produits d'entretien",20.41Y,"Fabrication de savons, détergents et produits d’entretien",1→1,https://www.insee.fr/fr/information/8201411,Insee — Correspondances NAF rév.2 / NAF 2025 — 20.41Z → 20.41Y
20.42Z,Fabrication de parfums et de produits pour la toilette,20.42Y,Fabrication de parfums et de produits pour la toilette,1→1,https://www.insee.fr/fr/information/8201411,Insee — Correspondances NAF rév.2 / NAF 2025 — 20.42Z → 20.42Y
20.51Z,Fabrication de produits explosifs,20.51Y,Fabrication de biocarburants liquides,1→1,https://www.insee.fr/fr/information/8201411,Insee — Correspondances NAF rév.2 / NAF 2025 — 20.51Z → 20.51Y
20.59Z,Fabrication d'autres produits chimiques n.c.a.,20.59Y,Fabrication d’autres produits chimiques n.c.a.,1→1,https://www.insee.fr/fr/information/8201411,Insee — Correspondances NAF rév.2 / NAF 2025 — 20.59Z → 20.59Y
20.60Z,Fabrication de fibres artificielles ou synthétiques,20.60Y,Fabrication de fibres artificielles ou synthétiques,1→1,https://www.insee.fr/fr/information/8201411,Insee — Correspondances NAF rév.2 / NAF 2025 — 20.60Z → 20.60Y
21.10Z,Fabrication de produits pharmaceutiques de base,21.10Y,Fabrication de produits pharmaceutiques de base,1→1,https://www.insee.fr/fr/information/8201411,Insee — Correspondances NAF rév.2 / NAF 2025 — 21.10Z → 21.10Y
21.20Z,Fabrication de préparations pharmaceutiques,21.20Y,Fabrication de préparations pharmaceutiques,1→1,https://www.insee.fr/fr/information/8201411,Insee — Correspondances NAF rév.2 / NAF 2025 — 21.20Z → 21.20Y
22.11Z,Fabrication et rechapage de pneumatiques,22.11Y,Fabrication et rechapage de pneus en caoutchouc et fabrication de chambres à air,1→1,https://www.insee.fr/fr/information/8201411,Insee — Correspondances NAF rév.2 / NAF 2025 — 22.11Z → 22.11Y
22.21Z,"Fabrication de plaques, feuilles, tubes et profilés en matières plastiques",22.21Y,"Fabrication de plaques, feuilles, tubes et profilés en matières plastiques",1→1,https://www.insee.fr/fr/information/8201411,Insee — Correspondances NAF rév.2 / NAF 2025 — 22.21Z → 22.21Y
22.22Z,Fabrication d'emballages en matières plastiques,22.22Y,Fabrication d’emballages en matières plastiques,1→1,https://www.insee.fr/fr/information/8201411,Insee — Correspondances NAF rév.2 / NAF 2025 — 22.22Z → 22.22Y
22.23Z,Fabrication d'éléments en matières plastiques pour la construction,22.23Y,Fabrication de portes et fenêtres en matières plastiques,1→1,https://www.insee.fr/fr/information/8201411,Insee — Correspondances NAF rév.2 / NAF 2025 — 22.23Z → 22.23Y
23.11Z,Fabrication de verre plat,23.11Y,Fabrication de verre plat,1→1,https://www.insee.fr/fr/information/8201411,Insee — Correspondances NAF rév.2 / NAF 2025 — 23.11Z → 23.11Y
23.12Z,Façonnage et transformation du verre plat,23.12Y,Façonnage et transformation du verre plat,1→1,https://www.insee.fr/fr/information/8201411,Insee — Correspondances NAF rév.2 / NAF 2025 — 23.12Z → 23.12Y
23.13Z,Fabrication de verre creux,23.13Y,Fabrication de verre creux,1→1,https://www.insee.fr/fr/information/8201411,Insee — Correspondances NAF rév.2 / NAF 2025 — 23.13Z → 23.13Y
23.14Z,Fabrication de fibres de verre,23.14Y,Fabrication de fibres de verre,1→1,https://www.insee.fr/fr/information/8201411,Insee — Correspondances NAF rév.2 / NAF 2025 — 23.14Z → 23.14Y
23.20Z,Fabrication de produits réfractaires,23.20Y,Fabrication de produits réfractaires,1→1,https://www.insee.fr/fr/information/8201411,Insee — Correspondances NAF rév.2 / NAF 2025 — 23.20Z → 23.20Y
23.31Z,Fabrication de carreaux en céramique,23.31Y,Fabrication de carreaux en céramique,1→1,https://www.insee.fr/fr/information/8201411,Insee — Correspondances NAF rév.2 / NAF 2025 — 23.31Z → 23.31Y
23.32Z,"Fabrication de briques, tuiles et produits de construction, en terre cuite",23.32Y,"Fabrication de briques, tuiles et produits de construction, en terre cuite",1→1,https://www.insee.fr/fr/information/8201411,Insee — Correspondances NAF rév.2 / NAF 2025 — 23.32Z → 23.32Y
23.41Z,Fabrication d'articles céramiques à usage domestique ou ornemental,23.41Y,Fabrication d’articles céramiques à usage domestique ou ornemental,1→1,https://www.insee.fr/fr/information/8201411,Insee — Correspondances NAF rév.2 / NAF 2025 — 23.41Z → 23.41Y
23.42Z,Fabrication d'appareils sanitaires en céramique,23.42Y,Fabrication d’appareils sanitaires en céramique,1→1,https://www.insee.fr/fr/information/8201411,Insee — Correspondances NAF rév.2 / NAF 2025 — 23.42Z → 23.42Y
23.43Z,Fabrication d'isolateurs et pièces isolantes en céramique,23.43Y,Fabrication d’isolateurs et pièces isolantes en céramique,1→1,https://www.insee.fr/fr/information/8201411,Insee — Correspondances NAF rév.2 / NAF 2025 — 23.43Z → 23.43Y
23.44Z,Fabrication d'autres produits céramiques à usage technique,23.44Y,Fabrication d’autres produits céramiques à usage technique,1→1,https://www.insee.fr/fr/information/8201411,Insee — Correspondances NAF rév.2 / NAF 2025 — 23.44Z → 23.44Y
23.51Z,Fabrication de ciment,23.51Y,Fabrication de ciment,1→1,https://www.insee.fr/fr/information/8201411,Insee — Correspondances NAF rév.2 / NAF 2025 — 23.51Z → 23.51Y
23.52Z,Fabrication de chaux et plâtre,23.52Y,Fabrication de chaux et plâtre,1→1,https://www.insee.fr/fr/information/8201411,Insee — Correspondances NAF rév.2 / NAF 2025 — 23.52Z → 23.52Y
23.61Z,Fabrication d'éléments en béton pour la construction,23.61Y,Fabrication d’éléments en béton pour la construction,1→1,https://www.insee.fr/fr/information/8201411,Insee — Correspondances NAF rév.2 / NAF 2025 — 23.61Z → 23.61Y
23.62Z,Fabrication d'éléments en plâtre pour la construction,23.62Y,Fabrication d’éléments en plâtre pour la construction,1→1,https://www.insee.fr/fr/information/8201411,Insee — Correspondances NAF rév.2 / NAF 2025 — 23.62Z → 23.62Y
23.63Z,Fabrication de béton prêt à l'emploi,23.63Y,Fabrication de béton prêt à l’emploi,1→1,https://www.insee.fr/fr/information/8201411,Insee — Correspondances NAF rév.2 / NAF 2025 — 23.63Z → 23.63Y
23.64Z,Fabrication de mortiers et bétons secs,23.64Y,Fabrication de mortiers et de bétons secs,1→1,https://www.insee.fr/fr/information/8201411,Insee — Correspondances NAF rév.2 / NAF 2025 — 23.64Z → 23.64Y
23.65Z,Fabrication d'ouvrages en fibre-ciment,23.65Y,Fabrication d’ouvrages en fibre-ciment,1→1,https://www.insee.fr/fr/information/8201411,Insee — Correspondances NAF rév.2 / NAF 2025 — 23.65Z → 23.65Y
23.70Z,"Taille, façonnage et finissage de pierres",23.70Y,"Taille, façonnage et finissage de pierres",1→1,https://www.insee.fr/fr/information/8201411,Insee — Correspondances NAF rév.2 / NAF 2025 — 23.70Z → 23.70Y
23.91Z,Fabrication de produits abrasifs,23.91Y,Fabrication de produits abrasifs,1→1,https://www.insee.fr/fr/information/8201411,Insee — Correspondances NAF rév.2 / NAF 2025 — 23.91Z → 23.91Y
23.99Z,Fabrication d'autres produits minéraux non métalliques n.c.a.,23.99Y,Fabrication d’autres produits minéraux non métalliques n.c.a.,1→1,https://www.insee.fr/fr/information/8201411,Insee — Correspondances NAF rév.2 / NAF 2025 — 23.99Z → 23.99Y
24.10Z,Sidérurgie,24.10Y,Sidérurgie,1→1,https://www.insee.fr/fr/information/8201411,Insee — Correspondances NAF rév.2 / NAF 2025 — 24.10Z → 24.10Y
24.20Z,"Fabrication de tubes, tuyaux, profilés creux et accessoires correspondants en acier",24.20Y,"Fabrication de tubes, tuyaux, profilés creux et accessoires correspondants en acier",1→1,https://www.insee.fr/fr/information/8201411,Insee — Correspondances NAF rév.2 / NAF 2025 — 24.20Z → 24.20Y
24.31Z,Étirage à froid de barres,24.31Y,Étirage à froid de barres,1→1,https://www.insee.fr/fr/information/8201411,Insee — Correspondances NAF rév.2 / NAF 2025 — 24.31Z → 24.31Y
24.32Z,Laminage à froid de feuillards,24.32Y,Laminage à froid de feuillards,1→1,https://www.insee.fr/fr/information/8201411,Insee — Correspondances NAF rév.2 / NAF 2025 — 24.32Z → 24.32Y
24.33Z,Profilage à froid par formage ou pliage,24.33Y,Profilage à froid par formage ou pliage,1→1,https://www.insee.fr/fr/information/8201411,Insee — Correspondances NAF rév.2 / NAF 2025 — 24.33Z → 24.33Y
24.34Z,Tréfilage à froid,24.34Y,Tréfilage à froid,1→1,https://www.insee.fr/fr/information/8201411,Insee — Correspondances NAF rév.2 / NAF 2025 — 24.34Z → 24.34Y
24.41Z,Production de métaux précieux,24.41Y,Production de métaux précieux,1→1,https://www.insee.fr/fr/information/8201411,Insee — Correspondances NAF rév.2 / NAF 2025 — 24.41Z → 24.41Y
24.42Z,Métallurgie de l'aluminium,24.42Y,Métallurgie de l’aluminium,1→1,https://www.insee.fr/fr/information/8201411,Insee — Correspondances NAF rév.2 / NAF 2025 — 24.42Z → 24.42Y
24.43Z,"Métallurgie du plomb, du zinc ou de l'étain",24.43Y,"Métallurgie du plomb, du zinc ou de l’étain",1→1,https://www.insee.fr/fr/information/8201411,Insee — Correspondances NAF rév.2 / NAF 2025 — 24.43Z → 24.43Y
24.44Z,Métallurgie du cuivre,24.44Y,Métallurgie du cuivre,1→1,https://www.insee.fr/fr/information/8201411,Insee — Correspondances NAF rév.2 / NAF 2025 — 24.44Z → 24.44Y
24.45Z,Métallurgie des autres métaux non ferreux,24.45Y,Métallurgie des autres métaux non ferreux,1→1,https://www.insee.fr/fr/information/8201411,Insee — Correspondances NAF rév.2 / NAF 2025 — 24.45Z → 24.45Y
24.46Z,Élaboration et transformation de matières nucléaires,24.46Y,Élaboration et transformation de matières nucléaires,1→1,https://www.insee.fr/fr/information/8201411,Insee — Correspondances NAF rév.2 / NAF 2025 — 24.46Z → 24.46Y
24.51Z,Fonderie de fonte,24.51Y,Fonderie de fonte,1→1,https://www.insee.fr/fr/information/8201411,Insee — Correspondances NAF rév.2 / NAF 2025 — 24.51Z → 24.51Y
24.52Z,Fonderie d'acier,24.52Y,Fonderie d’acier,1→1,https://www.insee.fr/fr/information/8201411,Insee — Correspondances NAF rév.2 / NAF 2025 — 24.52Z → 24.52Y
24.53Z,Fonderie de métaux légers,24.53Y,Fonderie de métaux légers,1→1,https://www.insee.fr/fr/information/8201411,Insee — Correspondances NAF rév.2 / NAF 2025 — 24.53Z → 24.53Y
24.54Z,Fonderie d'autres métaux non ferreux,24.54Y,Fonderie d’autres métaux non ferreux,1→1,https://www.insee.fr/fr/information/8201411,Insee — Correspondances NAF rév.2 / NAF 2025 — 24.54Z → 24.54Y
25.11Z,Fabrication de structures métalliques et de parties de structures,25.11Y,Fabrication de structures métalliques et de parties de structures,1→1,https://www.insee.fr/fr/information/8201411,Insee — Correspondances NAF rév.2 / NAF 2025 — 25.11Z → 25.11Y
25.12Z,Fabrication de portes et fenêtres en métal,25.12Y,Fabrication de portes et fenêtres en métal,1→1,https://www.insee.fr/fr/information/8201411,Insee — Correspondances NAF rév.2 / NAF 2025 — 25.12Z → 25.12Y
25.21Z,Fabrication de radiateurs et de chaudières pour le chauffage central,25.21Y,Fabrication de radiateurs et de chaudières pour le chauffage central,1→1,https://www.insee.fr/fr/information/8201411,Insee — Correspondances NAF rév.2 / NAF 2025 — 25.21Z → 25.21Y
25.30Z,"Fabrication de générateurs de vapeur, à l'exception des chaudières pour le chauffage central",25.30Y,Fabrication d’armes et de munitions,1→1,https://www.insee.fr/fr/information/8201411,Insee — Correspondances NAF rév.2 / NAF 2025 — 25.30Z → 25.30Y
25.40Z,Fabrication d'armes et de munitions,25.40Y,Forgeage et façonnage de métal ; métallurgie des poudres,1→1,https://www.insee.fr/fr/information/8201411,Insee — Correspondances NAF rév.2 / NAF 2025 — 25.40Z → 25.40Y
25.61Z,Traitement et revêtement des métaux,25.61Y,Fabrication de coutellerie,1→1,https://www.insee.fr/fr/information/8201411,Insee — Correspondances NAF rév.2 / NAF 2025 — 25.61Z → 25.61Y
25.62A,Décolletage,25.62Y,Fabrication de serrures et de ferrures,n→1,https://www.insee.fr/fr/information/8201411,Insee — Correspondances NAF rév.2 / NAF 2025 — 25.62A → 25.62Y
25.62B,Mécanique industrielle,25.62Y,Fabrication de serrures et de ferrures,n→1,https://www.insee.fr/fr/information/8201411,Insee — Correspondances NAF rév.2 / NAF 2025 — 25.62B → 25.62Y
25.91Z,Fabrication de fûts et emballages métalliques similaires,25.91Y,Fabrication de fûts et emballages métalliques similaires,1→1,https://www.insee.fr/fr/information/8201411,Insee — Correspondances NAF rév.2 / NAF 2025 — 25.91Z → 25.91Y
25.92Z,Fabrication d'emballages métalliques légers,25.92Y,Fabrication d’emballages métalliques légers,1→1,https://www.insee.fr/fr/information/8201411,Insee — Correspondances NAF rév.2 / NAF 2025 — 25.92Z → 25.92Y
25.93Z,"Fabrication d'articles en fils métalliques, de chaînes et de ressorts",25.93Y,"Fabrication d’articles en fils métalliques, de chaînes et de ressorts",1→1,https://www.insee.fr/fr/information/8201411,Insee — Correspondances NAF rév.2 / NAF 2025 — 25.93Z → 25.93Y
25.94Z,Fabrication de vis et de boulons,25.94Y,Fabrication de vis et de boulons,1→1,https://www.insee.fr/fr/information/8201411,Insee — Correspondances NAF rév.2 / NAF 2025 — 25.94Z → 25.94Y
25.99A,Fabrication d'articles métalliques ménagers,25.99Y,Fabrication d’autres produits métalliques n.c.a.,n→1,https://www.insee.fr/fr/information/8201411,Insee — Correspondances NAF rév.2 / NAF 2025 — 25.99A → 25.99Y
25.99B,Fabrication d'autres articles métalliques,25.99Y,Fabrication d’autres produits métalliques n.c.a.,n→1,https://www.insee.fr/fr/information/8201411,Insee — Correspondances NAF rév.2 / NAF 2025 — 25.99B → 25.99Y
26.11Z,Fabrication de composants électroniques,26.11Y,Fabrication de composants électroniques,1→1,https://www.insee.fr/fr/information/8201411,Insee — Correspondances NAF rév.2 / NAF 2025 — 26.11Z → 26.11Y
26.12Z,Fabrication de cartes électroniques assemblées,26.12Y,Fabrication de cartes électroniques assemblées,1→1,https://www.insee.fr/fr/information/8201411,Insee — Correspondances NAF rév.2 / NAF 2025 — 26.12Z → 26.12Y
26.20Z,Fabrication d'ordinateurs et d'équipements périphériques,26.20Y,Fabrication d’ordinateurs et d’équipements périphériques,1→1,https://www.insee.fr/fr/information/8201411,Insee — Correspondances NAF rév.2 / NAF 2025 — 26.20Z → 26.20Y
26.30Z,Fabrication d'équipements de communication,26.30Y,Fabrication d’équipements de communication,1→1,https://www.insee.fr/fr/information/8201411,Insee — Correspondances NAF rév.2 / NAF 2025 — 26.30Z → 26.30Y
26.40Z,Fabrication de produits électroniques grand public,26.40Y,Fabrication de produits électroniques grand public,1→1,https://www.insee.fr/fr/information/8201411,Insee — Correspondances NAF rév.2 / NAF 2025 — 26.40Z → 26.40Y
26.51A,Fabrication d'équipements d'aide à la navigation,26.51Y,"Fabrication d’instruments et d’appareils de mesure, d’essai et de navigation",n→1,https://www.insee.fr/fr/information/8201411,Insee — Correspondances NAF rév.2 / NAF 2025 — 26.51A → 26.51Y
26.51B,Fabrication d'instrumentation scientifique et technique,26.51Y,"Fabrication d’instruments et d’appareils de mesure, d’essai et de navigation",n→1,https://www.insee.fr/fr/information/8201411,Insee — Correspondances NAF rév.2 / NAF 2025 — 26.51B → 26.51Y
26.52Z,Horlogerie,26.52Y,Horlogerie,1→1,https://www.insee.fr/fr/information/8201411,Insee — Correspondances NAF rév.2 / NAF 2025 — 26.52Z → 26.52Y
26.60Z,"Fabrication d'équipements d'irradiation médicale, d'équipements électromédicaux et électrothérapeutiques",26.60Y,"Fabrication d’équipements d’irradiation médicale, d’équipements électromédicaux et électrothérapeutiques",1→1,https://www.insee.fr/fr/information/8201411,Insee — Correspondances NAF rév.2 / NAF 2025 — 26.60Z → 26.60Y
26.70Z,Fabrication de matériels optique et photographique,26.70Y,Fabrication de matériels optique et photographique et de supports magnétiques et optiques,1→1,https://www.insee.fr/fr/information/8201411,Insee — Correspondances NAF rév.2 / NAF 2025 — 26.70Z → 26.70Y
27.11Z,"Fabrication de moteurs, génératrices et transformateurs électriques",27.11Y,"Fabrication de moteurs, génératrices et transformateurs électriques",1→1,https://www.insee.fr/fr/information/8201411,Insee — Correspondances NAF rév.2 / NAF 2025 — 27.11Z → 27.11Y
27.12Z,Fabrication de matériel de distribution et de commande électrique,27.12Y,Fabrication de matériel de distribution et de commande électrique,1→1,https://www.insee.fr/fr/information/8201411,Insee — Correspondances NAF rév.2 / NAF 2025 — 27.12Z → 27.12Y
27.20Z,Fabrication de piles et d'accumulateurs électriques,27.20Y,Fabrication de piles et d’accumulateurs électriques,1→1,https://www.insee.fr/fr/information/8201411,Insee — Correspondances NAF rév.2 / NAF 2025 — 27.20Z → 27.20Y
27.31Z,Fabrication de câbles de fibres optiques,27.31Y,Fabrication de câbles de fibres optiques,1→1,https://www.insee.fr/fr/information/8201411,Insee — Correspondances NAF rév.2 / NAF 2025 — 27.31Z → 27.31Y
27.32Z,Fabrication d'autres fils et câbles électroniques ou électriques,27.32Y,Fabrication d’autres fils et câbles électroniques ou électriques,1→1,https://www.insee.fr/fr/information/8201411,Insee — Correspondances NAF rév.2 / NAF 2025 — 27.32Z → 27.32Y
27.33Z,Fabrication de matériel d'installation électrique,27.33Y,Fabrication de matériel d’installation électrique,1→1,https://www.insee.fr/fr/information/8201411,Insee — Correspondances NAF rév.2 / NAF 2025 — 27.33Z → 27.33Y
27.40Z,Fabrication d'appareils d'éclairage électrique,27.40Y,Fabrication d’appareils d’éclairage,1→1,https://www.insee.fr/fr/information/8201411,Insee — Correspondances NAF rév.2 / NAF 2025 — 27.40Z → 27.40Y
27.51Z,Fabrication d'appareils électroménagers,27.51Y,Fabrication d’appareils électroménagers,1→1,https://www.insee.fr/fr/information/8201411,Insee — Correspondances NAF rév.2 / NAF 2025 — 27.51Z → 27.51Y
27.52Z,Fabrication d'appareils ménagers non électriques,27.52Y,Fabrication d’appareils ménagers non électriques,1→1,https://www.insee.fr/fr/information/8201411,Insee — Correspondances NAF rév.2 / NAF 2025 — 27.52Z → 27.52Y
27.90Z,Fabrication d'autres matériels électriques,27.90Y,Fabrication d’autres matériels électriques,1→1,https://www.insee.fr/fr/information/8201411,Insee — Correspondances NAF rév.2 / NAF 2025 — 27.90Z → 27.90Y
28.11Z,"Fabrication de moteurs et turbines, à l'exception des moteurs d’avions et de véhicules",28.11Y,"Fabrication de moteurs et turbines, à l’exception des moteurs d’avions et de véhicules",1→1,https://www.insee.fr/fr/information/8201411,Insee — Correspondances NAF rév.2 / NAF 2025 — 28.11Z → 28.11Y
28.12Z,Fabrication d'équipements hydrauliques et pneumatiques,28.12Y,Fabrication d’équipements de transmission de puissance hydrauliques et pneumatiques,1→1,https://www.insee.fr/fr/information/8201411,Insee — Correspondances NAF rév.2 / NAF 2025 — 28.12Z → 28.12Y
28.13Z,Fabrication d'autres pompes et compresseurs,28.13G,Fabrication d'autres pompes,1→n,https://www.insee.fr/fr/information/8201411,Insee — Correspondances NAF rév.2 / NAF 2025 — 28.13Z → 28.13G
28.13Z,Fabrication d'autres pompes et compresseurs,28.13H,Fabrication d'autres compresseurs,1→n,https://www.insee.fr/fr/information/8201411,Insee — Correspondances NAF rév.2 / NAF 2025 — 28.13Z → 28.13H
28.14Z,Fabrication d'autres articles de robinetterie,28.14Y,Fabrication d’autres articles de robinetterie,1→1,https://www.insee.fr/fr/information/8201411,Insee — Correspondances NAF rév.2 / NAF 2025 — 28.14Z → 28.14Y
28.15Z,Fabrication d'engrenages et d'organes mécaniques de transmission,28.15Y,Fabrication de roulements et de transmissions mécaniques,1→1,https://www.insee.fr/fr/information/8201411,Insee — Correspondances NAF rév.2 / NAF 2025 — 28.15Z → 28.15Y
28.21Z,Fabrication de fours et brûleurs,28.21Y,Fabrication de fours et brûleurs et d’équipements fixes de chauffage domestique,1→1,https://www.insee.fr/fr/information/8201411,Insee — Correspondances NAF rév.2 / NAF 2025 — 28.21Z → 28.21Y
28.22Z,Fabrication de matériel de levage et de manutention,28.22Y,Fabrication de matériel de levage et de manutention,1→1,https://www.insee.fr/fr/information/8201411,Insee — Correspondances NAF rév.2 / NAF 2025 — 28.22Z → 28.22Y
28.23Z,Fabrication de machines et d'équipements de bureau (à l'exception des ordinateurs et équipements périphériques),28.23Y,Fabrication de machines et d’équipements de bureau (à l’exception des ordinateurs et équipements périphériques),1→1,https://www.insee.fr/fr/information/8201411,Insee — Correspondances NAF rév.2 / NAF 2025 — 28.23Z → 28.23Y
28.24Z,Fabrication d'outillage portatif à moteur incorporé,28.24Y,Fabrication d’outillage portatif à moteur incorporé,1→1,https://www.insee.fr/fr/information/8201411,Insee — Correspondances NAF rév.2 / NAF 2025 — 28.24Z → 28.24Y
28.25Z,Fabrication d'équipements aérauliques et frigorifiques industriels,28.25Y,Fabrication d’équipements aérauliques et frigorifiques industriels,1→1,https://www.insee.fr/fr/information/8201411,Insee — Correspondances NAF rév.2 / NAF 2025 — 28.25Z → 28.25Y
28.29A,"Fabrication d'équipements d'emballage, de conditionnement et de pesage",28.29Y,Fabrication de machines diverses d’usage général,n→1,https://www.insee.fr/fr/information/8201411,Insee — Correspondances NAF rév.2 / NAF 2025 — 28.29A → 28.29Y
28.29B,Fabrication d'autres machines d'usage général,28.29Y,Fabrication de machines diverses d’usage général,n→1,https://www.insee.fr/fr/information/8201411,Insee — Correspondances NAF rév.2 / NAF 2025 — 28.29B → 28.29Y
28.30Z,Fabrication de machines agricoles et forestières,28.30Y,Fabrication de machines agricoles et forestières,1→1,https://www.insee.fr/fr/information/8201411,Insee — Correspondances NAF rév.2 / NAF 2025 — 28.30Z → 28.30Y
28.41Z,Fabrication de machines-outils pour le travail des métaux,28.41Y,Fabrication de machines-outils pour le formage et le travail des métaux,1→1,https://www.insee.fr/fr/information/8201411,Insee — Correspondances NAF rév.2 / NAF 2025 — 28.41Z → 28.41Y
28.91Z,Fabrication de machines pour la métallurgie,28.91Y,Fabrication de machines pour la métallurgie,1→1,https://www.insee.fr/fr/information/8201411,Insee — Correspondances NAF rév.2 / NAF 2025 — 28.91Z → 28.91Y
28.92Z,Fabrication de machines pour l'extraction ou la construction,28.92Y,Fabrication de machines pour l’extraction ou la construction,1→1,https://www.insee.fr/fr/information/8201411,Insee — Correspondances NAF rév.2 / NAF 2025 — 28.92Z → 28.92Y
28.93Z,Fabrication de machines pour l'industrie agro-alimentaire,28.93Y,Fabrication de machines pour l’industrie agro-alimentaire,1→1,https://www.insee.fr/fr/information/8201411,Insee — Correspondances NAF rév.2 / NAF 2025 — 28.93Z → 28.93Y
28.94Z,Fabrication de machines pour les industries textiles,28.94Y,Fabrication de machines pour les industries textiles et du cuir,1→1,https://www.insee.fr/fr/information/8201411,Insee — Correspondances NAF rév.2 / NAF 2025 — 28.94Z → 28.94Y
28.95Z,Fabrication de machines pour les industries du papier et du carton,28.95Y,Fabrication de machines pour les industries du papier et du carton,1→1,https://www.insee.fr/fr/information/8201411,Insee — Correspondances NAF rév.2 / NAF 2025 — 28.95Z → 28.95Y
28.96Z,Fabrication de machines pour le travail du caoutchouc ou des plastiques,28.96Y,Fabrication de machines pour le travail du caoutchouc ou des plastiques,1→1,https://www.insee.fr/fr/information/8201411,Insee — Correspondances NAF rév.2 / NAF 2025 — 28.96Z → 28.96Y
28.99A,Fabrication de machines d'imprimerie,28.99Y,Fabrication d’autres machines d’usage spécifique n.c.a.,n→1,https://www.insee.fr/fr/information/8201411,Insee — Correspondances NAF rév.2 / NAF 2025 — 28.99A → 28.99Y
28.99B,Fabrication d'autres machines spécialisées,28.99Y,Fabrication d’autres machines d’usage spécifique n.c.a.,n→1,https://www.insee.fr/fr/information/8201411,Insee — Correspondances NAF rév.2 / NAF 2025 — 28.99B → 28.99Y
29.10Z,Construction de véhicules automobiles,29.10Y,Construction de véhicules automobiles,1→1,https://www.insee.fr/fr/information/8201411,Insee — Correspondances NAF rév.2 / NAF 2025 — 29.10Z → 29.10Y
29.20Z,Fabrication de carrosseries et remorques,29.20Y,Fabrication de carrosseries de véhicules automobiles ; fabrication de remorques et de semi-remorques,1→1,https://www.insee.fr/fr/information/8201411,Insee — Correspondances NAF rév.2 / NAF 2025 — 29.20Z → 29.20Y
29.31Z,Fabrication d'équipements électriques et électroniques automobiles,29.31Y,Fabrication d’équipements électriques et électroniques automobiles,1→1,https://www.insee.fr/fr/information/8201411,Insee — Correspondances NAF rév.2 / NAF 2025 — 29.31Z → 29.31Y
29.32Z,Fabrication d'autres équipements automobiles,29.32Y,Fabrication d’autres équipements automobiles,1→1,https://www.insee.fr/fr/information/8201411,Insee — Correspondances NAF rév.2 / NAF 2025 — 29.32Z → 29.32Y
30.11Z,Construction de navires et de structures flottantes,30.11Y,Construction de navires et de structures flottantes civiles,1→1,https://www.insee.fr/fr/information/8201411,Insee — Correspondances NAF rév.2 / NAF 2025 — 30.11Z → 30.11Y
30.12Z,Construction de bateaux de plaisance,30.12Y,Construction de bateaux de plaisance,1→1,https://www.insee.fr/fr/information/8201411,Insee — Correspondances NAF rév.2 / NAF 2025 — 30.12Z → 30.12Y
30.20Z,Construction de locomotives et d'autre matériel ferroviaire roulant,30.20Y,Construction de locomotives et d’autre matériel ferroviaire roulant,1→1,https://www.insee.fr/fr/information/8201411,Insee — Correspondances NAF rév.2 / NAF 2025 — 30.20Z → 30.20Y
30.40Z,Construction de véhicules militaires de combat,30.40Y,Construction de véhicules militaires de combat,1→1,https://www.insee.fr/fr/information/8201411,Insee — Correspondances NAF rév.2 / NAF 2025 — 30.40Z → 30.40Y
30.91Z,Fabrication de motocycles,30.91Y,Fabrication de motocycles,1→1,https://www.insee.fr/fr/information/8201411,Insee — Correspondances NAF rév.2 / NAF 2025 — 30.91Z → 30.91Y
30.92Z,Fabrication de bicyclettes et de véhicules pour invalides,30.92Y,Fabrication de bicyclettes et de véhicules pour invalides,1→1,https://www.insee.fr/fr/information/8201411,Insee — Correspondances NAF rév.2 / NAF 2025 — 30.92Z → 30.92Y
30.99Z,Fabrication d’autres équipements de transport n.c.a.,30.99Y,Fabrication d’autres équipements de transport n.c.a.,1→1,https://www.insee.fr/fr/information/8201411,Insee — Correspondances NAF rév.2 / NAF 2025 — 30.99Z → 30.99Y
32.11Z,Frappe de monnaie,32.11Y,Frappe de monnaie,1→1,https://www.insee.fr/fr/information/8201411,Insee — Correspondances NAF rév.2 / NAF 2025 — 32.11Z → 32.11Y
32.12Z,Fabrication d’articles de joaillerie et bijouterie,32.12Y,Fabrication d’articles de joaillerie et bijouterie,1→1,https://www.insee.fr/fr/information/8201411,Insee — Correspondances NAF rév.2 / NAF 2025 — 32.12Z → 32.12Y
32.13Z,Fabrication d’articles de bijouterie fantaisie et articles similaires,32.13Y,Fabrication d’articles de bijouterie fantaisie et articles similaires,1→1,https://www.insee.fr/fr/information/8201411,Insee — Correspondances NAF rév.2 / NAF 2025 — 32.13Z → 32.13Y
32.20Z,Fabrication d'instruments de musique,32.20Y,Fabrication d’instruments de musique,1→1,https://www.insee.fr/fr/information/8201411,Insee — Correspondances NAF rév.2 / NAF 2025 — 32.20Z → 32.20Y
32.30Z,Fabrication d'articles de sport,32.30Y,Fabrication d’articles de sport,1→1,https://www.insee.fr/fr/information/8201411,Insee — Correspondances NAF rév.2 / NAF 2025 — 32.30Z → 32.30Y
32.40Z,Fabrication de jeux et jouets,32.40Y,Fabrication de jeux et jouets,1→1,https://www.insee.fr/fr/information/8201411,Insee — Correspondances NAF rév.2 / NAF 2025 — 32.40Z → 32.40Y
32.50A,Fabrication de matériel médico-chirurgical et dentaire,32.50Y,Fabrication d’instruments et de fournitures à usage médical et dentaire,n→1,https://www.insee.fr/fr/information/8201411,Insee — Correspondances NAF rév.2 / NAF 2025 — 32.50A → 32.50Y
32.50B,Fabrication de lunettes,32.50Y,Fabrication d’instruments et de fournitures à usage médical et dentaire,n→1,https://www.insee.fr/fr/information/8201411,Insee — Correspondances NAF rév.2 / NAF 2025 — 32.50B → 32.50Y
32.91Z,Fabrication d’articles de brosserie,32.91Y,Fabrication d’articles de brosserie,1→1,https://www.insee.fr/fr/information/8201411,Insee — Correspondances NAF rév.2 / NAF 2025 — 32.91Z → 32.91Y
32.99Z,Autres activités manufacturières n.c.a.,32.99Y,Autres activités manufacturières n.c.a.,1→1,https://www.insee.fr/fr/information/8201411,Insee — Correspondances NAF rév.2 / NAF 2025 — 32.99Z → 32.99Y
33.11Z,Réparation d'ouvrages en métaux,33.11Y,Réparation et entretien d’ouvrages en métaux,1→1,https://www.insee.fr/fr/information/8201411,Insee — Correspondances NAF rév.2 / NAF 2025 — 33.11Z → 33.11Y
33.12Z,Réparation de machines et équipements mécaniques,33.12Y,Réparation et entretien de machines,1→1,https://www.insee.fr/fr/information/8201411,Insee — Correspondances NAF rév.2 / NAF 2025 — 33.12Z → 33.12Y
33.13Z,Réparation de matériels électroniques et optiques,33.13Y,Réparation et entretien de matériels électroniques et optiques,1→1,https://www.insee.fr/fr/information/8201411,Insee — Correspondances NAF rév.2 / NAF 2025 — 33.13Z → 33.13Y
33.14Z,Réparation d'équipements électriques,33.14Y,Réparation et entretien d’équipements électriques,1→1,https://www.insee.fr/fr/information/8201411,Insee — Correspondances NAF rév.2 / NAF 2025 — 33.14Z → 33.14Y
33.15Z,Réparation et maintenance navale,33.15Y,Réparation et entretien de bateaux et navires civils,1→1,https://www.insee.fr/fr/information/8201411,Insee — Correspondances NAF rév.2 / NAF 2025 — 33.15Z → 33.15Y
33.16Z,Réparation et maintenance d'aéronefs et d'engins spatiaux,33.16Y,Réparation et entretien d’aéronefs et d’engins spatiaux civils,1→1,https://www.insee.fr/fr/information/8201411,Insee — Correspondances NAF rév.2 / NAF 2025 — 33.16Z → 33.16Y
33.17Z,Réparation et maintenance d'autres équipements de transport,33.17Y,Réparation et entretien d’autres équipements de transport civils,1→1,https://www.insee.fr/fr/information/8201411,Insee — Correspondances NAF rév.2 / NAF 2025 — 33.17Z → 33.17Y
33.19Z,Réparation d'autres équipements,33.19Y,Réparation et entretien d’autres équipements,1→1,https://www.insee.fr/fr/information/8201411,Insee — Correspondances NAF rév.2 / NAF 2025 — 33.19Z → 33.19Y
33.20A,"Installation de structures métalliques, chaudronnées et de tuyauterie",33.20Y,Installation de machines et d’équipements industriels,n→1,https://www.insee.fr/fr/information/8201411,Insee — Correspondances NAF rév.2 / NAF 2025 — 33.20A → 33.20Y
33.20B,Installation de machines et équipements mécaniques,33.20Y,Installation de machines et d’équipements industriels,n→1,https://www.insee.fr/fr/information/8201411,Insee — Correspondances NAF rév.2 / NAF 2025 — 33.20B → 33.20Y
33.20C,Conception d'ensemble et assemblage sur site industriel d'équipements de contrôle des processus industriels,33.20Y,Installation de machines et d’équipements industriels,n→1,https://www.insee.fr/fr/information/8201411,Insee — Correspondances NAF rév.2 / NAF 2025 — 33.20C → 33.20Y
33.20D,"Installation d'équipements électriques, de matériels électroniques et optiques ou d'autres matériels",33.20Y,Installation de machines et d’équipements industriels,n→1,https://www.insee.fr/fr/information/8201411,Insee — Correspondances NAF rév.2 / NAF 2025 — 33.20D → 33.20Y
35.11Z,Production d'électricité,35.11Y,Production d’électricité à partir de sources non renouvelables,1→1,https://www.insee.fr/fr/information/8201411,Insee — Correspondances NAF rév.2 / NAF 2025 — 35.11Z → 35.11Y
35.12Z,Transport d'électricité,35.12Y,Production d’électricité à partir de sources renouvelables,1→1,https://www.insee.fr/fr/information/8201411,Insee — Correspondances NAF rév.2 / NAF 2025 — 35.12Z → 35.12Y
35.13Z,Distribution d'électricité,35.13Y,Transport d’électricité,1→1,https://www.insee.fr/fr/information/8201411,Insee — Correspondances NAF rév.2 / NAF 2025 — 35.13Z → 35.13Y
35.14Z,Commerce d'électricité,35.14Y,Distribution d’électricité,1→1,https://www.insee.fr/fr/information/8201411,Insee — Correspondances NAF rév.2 / NAF 2025 — 35.14Z → 35.14Y
35.21Z,Production de combustibles gazeux,35.21Y,Production de gaz,1→1,https://www.insee.fr/fr/information/8201411,Insee — Correspondances NAF rév.2 / NAF 2025 — 35.21Z → 35.21Y
35.22Z,Distribution de combustibles gazeux par conduites,35.22Y,Distribution de combustibles gazeux par conduites,1→1,https://www.insee.fr/fr/information/8201411,Insee — Correspondances NAF rév.2 / NAF 2025 — 35.22Z → 35.22Y
35.23Z,Commerce de combustibles gazeux par conduites,35.23Y,Commerce de combustibles gazeux par conduites,1→1,https://www.insee.fr/fr/information/8201411,Insee — Correspondances NAF rév.2 / NAF 2025 — 35.23Z → 35.23Y
35.30Z,Production et distribution de vapeur et d'air conditionné,35.30Y,Production et distribution de vapeur et d’air conditionné,1→1,https://www.insee.fr/fr/information/8201411,Insee — Correspondances NAF rév.2 / NAF 2025 — 35.30Z → 35.30Y
36.00Z,"Captage, traitement et distribution d'eau",36.00Y,"Captage, traitement et distribution d’eau",1→1,https://www.insee.fr/fr/information/8201411,Insee — Correspondances NAF rév.2 / NAF 2025 — 36.00Z → 36.00Y
37.00Z,Collecte et traitement des eaux usées,37.00Y,Collecte et traitement des eaux usées,1→1,https://www.insee.fr/fr/information/8201411,Insee — Correspondances NAF rév.2 / NAF 2025 — 37.00Z → 37.00Y
38.11Z,Collecte des déchets non dangereux,38.11Y,Collecte des déchets non dangereux,1→1,https://www.insee.fr/fr/information/8201411,Insee — Correspondances NAF rév.2 / NAF 2025 — 38.11Z → 38.11Y
38.12Z,Collecte des déchets dangereux,38.12Y,Collecte des déchets dangereux,1→1,https://www.insee.fr/fr/information/8201411,Insee — Correspondances NAF rév.2 / NAF 2025 — 38.12Z → 38.12Y
38.21Z,Traitement et élimination des déchets non dangereux,38.21Y,Récupération de matériaux,1→1,https://www.insee.fr/fr/information/8201411,Insee — Correspondances NAF rév.2 / NAF 2025 — 38.21Z → 38.21Y
38.22Z,Traitement et élimination des déchets dangereux,38.22Y,Valorisation énergétique,1→1,https://www.insee.fr/fr/information/8201411,Insee — Correspondances NAF rév.2 / NAF 2025 — 38.22Z → 38.22Y
38.31Z,Démantèlement d'épaves,38.31Y,Incinération sans récupération d’énergie,1→1,https://www.insee.fr/fr/information/8201411,Insee — Correspondances NAF rév.2 / NAF 2025 — 38.31Z → 38.31Y
38.32Z,Récupération de déchets triés,38.32Y,Mise en décharge ou stockage permanent,1→1,https://www.insee.fr/fr/information/8201411,Insee — Correspondances NAF rév.2 / NAF 2025 — 38.32Z → 38.32Y
39.00Z,Dépollution et autres services de gestion des déchets,39.00Y,Activités de dépollution et autres activités de service de gestion des déchets,1→1,https://www.insee.fr/fr/information/8201411,Insee — Correspondances NAF rév.2 / NAF 2025 — 39.00Z → 39.00Y
42.11Z,Construction de routes et autoroutes,42.11Y,Construction de routes et autoroutes,1→1,https://www.insee.fr/fr/information/8201411,Insee — Correspondances NAF rév.2 / NAF 2025 — 42.11Z → 42.11Y
42.12Z,Construction de voies ferrées de surface et souterraines,42.12Y,Construction de voies ferrées de surface et souterraines,1→1,https://www.insee.fr/fr/information/8201411,Insee — Correspondances NAF rév.2 / NAF 2025 — 42.12Z → 42.12Y
42.13A,Construction d'ouvrages d'art,42.13G,Construction de ponts et de viaducs,n↔n,https://www.insee.fr/fr/information/8201411,Insee — Correspondances NAF rév.2 / NAF 2025 — 42.13A → 42.13G
42.13A,Construction d'ouvrages d'art,42.13H,Construction de tunnels,n↔n,https://www.insee.fr/fr/information/8201411,Insee — Correspondances NAF rév.2 / NAF 2025 — 42.13A → 42.13H
42.13B,Construction et entretien de tunnels,42.13G,Construction de ponts et de viaducs,n↔n,https://www.insee.fr/fr/information/8201411,Insee — Correspondances NAF rév.2 / NAF 2025 — 42.13B → 42.13G
42.13B,Construction et entretien de tunnels,42.13H,Construction de tunnels,n↔n,https://www.insee.fr/fr/information/8201411,Insee — Correspondances NAF rév.2 / NAF 2025 — 42.13B → 42.13H
42.21Z,Construction de réseaux pour fluides,42.21Y,Construction de réseaux pour fluides,1→1,https://www.insee.fr/fr/information/8201411,Insee — Correspondances NAF rév.2 / NAF 2025 — 42.21Z → 42.21Y
42.22Z,Construction de réseaux électriques et de télécommunications,42.22Y,Construction de réseaux électriques et de télécommunications,1→1,https://www.insee.fr/fr/information/8201411,Insee — Correspondances NAF rév.2 / NAF 2025 — 42.22Z → 42.22Y
42.91Z,Construction d'ouvrages maritimes et fluviaux,42.91Y,Construction d’ouvrages maritimes et fluviaux,1→1,https://www.insee.fr/fr/information/8201411,Insee — Correspondances NAF rév.2 / NAF 2025 — 42.91Z → 42.91Y
42.99Z,Construction d'autres ouvrages de génie civil n.c.a.,42.99Y,Construction d’autres ouvrages de génie civil n.c.a.,1→1,https://www.insee.fr/fr/information/8201411,Insee — Correspondances NAF rév.2 / NAF 2025 — 42.99Z → 42.99Y
43.11Z,Travaux de démolition,43.11Y,Démolition,1→1,https://www.insee.fr/fr/information/8201411,Insee — Correspondances NAF rév.2 / NAF 2025 — 43.11Z → 43.11Y
43.12A,Travaux de terrassement courants et travaux préparatoires,43.12G,Travaux de terrassement courants et travaux préparatoires,n↔n,https://www.insee.fr/fr/information/8201411,Insee — Correspondances NAF rév.2 / NAF 2025 — 43.12A → 43.12G
43.12A,Travaux de terrassement courants et travaux préparatoires,43.12H,Travaux de terrassement spécialisés ou de grande masse,n↔n,https://www.insee.fr/fr/information/8201411,Insee — Correspondances NAF rév.2 / NAF 2025 — 43.12A → 43.12H
43.12B,Travaux de terrassement spécialisés ou de grande masse,43.12G,Travaux de terrassement courants et travaux préparatoires,n↔n,https://www.insee.fr/fr/information/8201411,Insee — Correspondances NAF rév.2 / NAF 2025 — 43.12B → 43.12G
43.12B,Travaux de terrassement spécialisés ou de grande masse,43.12H,Travaux de terrassement spécialisés ou de grande masse,n↔n,https://www.insee.fr/fr/information/8201411,Insee — Correspondances NAF rév.2 / NAF 2025 — 43.12B → 43.12H
43.13Z,Forages et sondages,43.13Y,Forages et sondages,1→1,https://www.insee.fr/fr/information/8201411,Insee — Correspondances NAF rév.2 / NAF 2025 — 43.13Z → 43.13Y
43.21A,Travaux d'installation électrique dans tous locaux,43.21G,Travaux d'installation électrique dans tous locaux,n↔n,https://www.insee.fr/fr/information/8201411,Insee — Correspondances NAF rév.2 / NAF 2025 — 43.21A → 43.21G
43.21A,Travaux d'installation électrique dans tous locaux,43.21H,Travaux d'installation électrique sur la voie,n↔n,https://www.insee.fr/fr/information/8201411,Insee — Correspondances NAF rév.2 / NAF 2025 — 43.21A → 43.21H
43.21B,Travaux d'installation électrique sur la voie publique,43.21G,Travaux d'installation électrique dans tous locaux,n↔n,https://www.insee.fr/fr/information/8201411,Insee — Correspondances NAF rév.2 / NAF 2025 — 43.21B → 43.21G
43.21B,Travaux d'installation électrique sur la voie publique,43.21H,Travaux d'installation électrique sur la voie,n↔n,https://www.insee.fr/fr/information/8201411,Insee — Correspondances NAF rév.2 / NAF 2025 — 43.21B → 43.21H
43.22A,Travaux d'installation d'eau et de gaz en tous locaux,43.22G,Travaux d'installation d'eau et de gaz en tous locaux,n↔n,https://www.insee.fr/fr/information/8201411,Insee — Correspondances NAF rév.2 / NAF 2025 — 43.22A → 43.22G
43.22A,Travaux d'installation d'eau et de gaz en tous locaux,43.22H,Travaux d'installation d'équipements thermiques et de climatisation,n↔n,https://www.insee.fr/fr/information/8201411,Insee — Correspondances NAF rév.2 / NAF 2025 — 43.22A → 43.22H
43.22B,Travaux d'installation d'équipements thermiques et de climatisation,43.22G,Travaux d'installation d'eau et de gaz en tous locaux,n↔n,https://www.insee.fr/fr/information/8201411,Insee — Correspondances NAF rév.2 / NAF 2025 — 43.22B → 43.22G
43.22B,Travaux d'installation d'équipements thermiques et de climatisation,43.22H,Travaux d'installation d'équipements thermiques et de climatisation,n↔n,https://www.insee.fr/fr/information/8201411,Insee — Correspondances NAF rév.2 / NAF 2025 — 43.22B → 43.22H
43.31Z,Travaux de plâtrerie,43.31Y,Travaux de plâtrerie,1→1,https://www.insee.fr/fr/information/8201411,Insee — Correspondances NAF rév.2 / NAF 2025 — 43.31Z → 43.31Y
43.32A,Travaux de menuiserie bois et PVC,43.32G,Travaux de menuiserie bois et PVC,n↔n,https://www.insee.fr/fr/information/8201411,Insee — Correspondances NAF rév.2 / NAF 2025 — 43.32A → 43.32G
43.32A,Travaux de menuiserie bois et PVC,43.32H,Travaux de menuiserie métallique,n↔n,https://www.insee.fr/fr/information/8201411,Insee — Correspondances NAF rév.2 / NAF 2025 — 43.32A → 43.32H
43.32B,Travaux de menuiserie métallique et serrurerie,43.32G,Travaux de menuiserie bois et PVC,n↔n,https://www.insee.fr/fr/information/8201411,Insee — Correspondances NAF rév.2 / NAF 2025 — 43.32B → 43.32G
43.32B,Travaux de menuiserie métallique et serrurerie,43.32H,Travaux de menuiserie métallique,n↔n,https://www.insee.fr/fr/information/8201411,Insee — Correspondances NAF rév.2 / NAF 2025 — 43.32B → 43.32H
43.32C,Agencement de lieux de vente,43.32G,Travaux de menuiserie bois et PVC,n↔n,https://www.insee.fr/fr/information/8201411,Insee — Correspondances NAF rév.2 / NAF 2025 — 43.32C → 43.32G
43.32C,Agencement de lieux de vente,43.32H,Travaux de menuiserie métallique,n↔n,https://www.insee.fr/fr/information/8201411,Insee — Correspondances NAF rév.2 / NAF 2025 — 43.32C → 43.32H
43.33Z,Travaux de revêtement des sols et des murs,43.33Y,Travaux de revêtement des sols et des murs,1→1,https://www.insee.fr/fr/information/8201411,Insee — Correspondances NAF rév.2 / NAF 2025 — 43.33Z → 43.33Y
43.34Z,Travaux de peinture et vitrerie,43.34G,Travaux de peinture,1→n,https://www.insee.fr/fr/information/8201411,Insee — Correspondances NAF rév.2 / NAF 2025 — 43.34Z → 43.34G
43.34Z,Travaux de peinture et vitrerie,43.34H,Travaux de vitrerie,1→n,https://www.insee.fr/fr/information/8201411,Insee — Correspondances NAF rév.2 / NAF 2025 — 43.34Z → 43.34H
43.91A,Travaux de charpente,43.91Y,Travaux de maçonnerie et de pose de briques,n→1,https://www.insee.fr/fr/information/8201411,Insee — Correspondances NAF rév.2 / NAF 2025 — 43.91A → 43.91Y
43.91B,Travaux de couverture par éléments,43.91Y,Travaux de maçonnerie et de pose de briques,n→1,https://www.insee.fr/fr/information/8201411,Insee — Correspondances NAF rév.2 / NAF 2025 — 43.91B → 43.91Y
43.99A,Travaux d'étanchéification,43.99G,Location avec opérateur d’équipement de construction,n↔n,https://www.insee.fr/fr/information/8201411,Insee — Correspondances NAF rév.2 / NAF 2025 — 43.99A → 43.99G
43.99A,Travaux d'étanchéification,43.99H,Tous les autres travaux de construction spécialisés n.c.a.,n↔n,https://www.insee.fr/fr/information/8201411,Insee — Correspondances NAF rév.2 / NAF 2025 — 43.99A → 43.99H
43.99B,Travaux de montage de structures métalliques,43.99G,Location avec opérateur d’équipement de construction,n↔n,https://www.insee.fr/fr/information/8201411,Insee — Correspondances NAF rév.2 / NAF 2025 — 43.99B → 43.99G
43.99B,Travaux de montage de structures métalliques,43.99H,Tous les autres travaux de construction spécialisés n.c.a.,n↔n,https://www.insee.fr/fr/information/8201411,Insee — Correspondances NAF rév.2 / NAF 2025 — 43.99B → 43.99H
43.99C,Travaux de maçonnerie générale et gros œuvre de bâtiment,43.99G,Location avec opérateur d’équipement de construction,n↔n,https://www.insee.fr/fr/information/8201411,Insee — Correspondances NAF rév.2 / NAF 2025 — 43.99C → 43.99G
43.99C,Travaux de maçonnerie générale et gros œuvre de bâtiment,43.99H,Tous les autres travaux de construction spécialisés n.c.a.,n↔n,https://www.insee.fr/fr/information/8201411,Insee — Correspondances NAF rév.2 / NAF 2025 — 43.99C → 43.99H
43.99D,Autres travaux spécialisés de construction,43.99G,Location avec opérateur d’équipement de construction,n↔n,https://www.insee.fr/fr/information/8201411,Insee — Correspondances NAF rév.2 / NAF 2025 — 43.99D → 43.99G
43.99D,Autres travaux spécialisés de construction,43.99H,Tous les autres travaux de construction spécialisés n.c.a.,n↔n,https://www.insee.fr/fr/information/8201411,Insee — Correspondances NAF rév.2 / NAF 2025 — 43.99D → 43.99H
43.99E,Location avec opérateur de matériel de construction,43.99G,Location avec opérateur d’équipement de construction,n↔n,https://www.insee.fr/fr/information/8201411,Insee — Correspondances NAF rév.2 / NAF 2025 — 43.99E → 43.99G
43.99E,Location avec opérateur de matériel de construction,43.99H,Tous les autres travaux de construction spécialisés n.c.a.,n↔n,https://www.insee.fr/fr/information/8201411,Insee — Correspondances NAF rév.2 / NAF 2025 — 43.99E → 43.99H
46.11Z,"Intermédiaires du commerce en matières premières agricoles, animaux vivants, matières premières textiles et produits semi-finis",46.11Y,"Activités d’intermédiaire du commerce de gros en matières premières agricoles, animaux vivants, matières premières textiles et produits semi-finis",1→1,https://www.insee.fr/fr/information/8201411,Insee — Correspondances NAF rév.2 / NAF 2025 — 46.11Z → 46.11Y
46.12A,Centrales d'achat de carburant,46.12Y,"Activités d’intermédiaire du commerce de gros en combustibles, minerais, métaux et produits chimiques",n→1,https://www.insee.fr/fr/information/8201411,Insee — Correspondances NAF rév.2 / NAF 2025 — 46.12A → 46.12Y
46.12B,"Autres intermédiaires du commerce en combustibles, métaux, minéraux et produits chimiques",46.12Y,"Activités d’intermédiaire du commerce de gros en combustibles, minerais, métaux et produits chimiques",n→1,https://www.insee.fr/fr/information/8201411,Insee — Correspondances NAF rév.2 / NAF 2025 — 46.12B → 46.12Y
46.13Z,Intermédiaires du commerce en bois et matériaux de construction,46.13Y,Activités d’intermédiaire du commerce de gros en bois et matériaux de construction,1→1,https://www.insee.fr/fr/information/8201411,Insee — Correspondances NAF rév.2 / NAF 2025 — 46.13Z → 46.13Y
46.14Z,"Intermédiaires du commerce en machines, équipements industriels, navires et avions",46.14Y,"Activités d’intermédiaire du commerce de gros en machines, équipements industriels, navires et avions",1→1,https://www.insee.fr/fr/information/8201411,Insee — Correspondances NAF rév.2 / NAF 2025 — 46.14Z → 46.14Y
46.15Z,"Intermédiaires du commerce en meubles, articles de ménage et quincaillerie",46.15Y,"Activités d’intermédiaire du commerce de gros en meubles, biens domestiques et quincaillerie",1→1,https://www.insee.fr/fr/information/8201411,Insee — Correspondances NAF rév.2 / NAF 2025 — 46.15Z → 46.15Y
46.16Z,"Intermédiaires du commerce en textiles, habillement, fourrures, chaussures et articles en cuir",46.16Y,"Activités d’intermédiaire du commerce de gros en textiles, habillement, fourrures, chaussures et articles en cuir",1→1,https://www.insee.fr/fr/information/8201411,Insee — Correspondances NAF rév.2 / NAF 2025 — 46.16Z → 46.16Y
46.17A,Centrales d'achat alimentaires,46.17G,Activités d’intermédiation des centrales d’achat alimentaires,n↔n,https://www.insee.fr/fr/information/8201411,Insee — Correspondances NAF rév.2 / NAF 2025 — 46.17A → 46.17G
46.17A,Centrales d'achat alimentaires,46.17H,"Autres activités d'intermédiaire du commerce de gros en denrées, boissons et tabac",n↔n,https://www.insee.fr/fr/information/8201411,Insee — Correspondances NAF rév.2 / NAF 2025 — 46.17A → 46.17H
46.17B,"Autres intermédiaires du commerce en denrées, boissons et tabac",46.17G,Activités d’intermédiation des centrales d’achat alimentaires,n↔n,https://www.insee.fr/fr/information/8201411,Insee — Correspondances NAF rév.2 / NAF 2025 — 46.17B → 46.17G
46.17B,"Autres intermédiaires du commerce en denrées, boissons et tabac",46.17H,"Autres activités d'intermédiaire du commerce de gros en denrées, boissons et tabac",n↔n,https://www.insee.fr/fr/information/8201411,Insee — Correspondances NAF rév.2 / NAF 2025 — 46.17B → 46.17H
46.18Z,Intermédiaires spécialisés dans le commerce d'autres produits spécifiques,46.18Y,Activités d’intermédiaire spécialisé dans le commerce de gros d’autres produits spécifiques,1→1,https://www.insee.fr/fr/information/8201411,Insee — Correspondances NAF rév.2 / NAF 2025 — 46.18Z → 46.18Y
46.19A,Centrales d'achat non alimentaires,46.19G,Activités d’intermédiation des centrales d’achat non spécialisées,n↔n,https://www.insee.fr/fr/information/8201411,Insee — Correspondances NAF rév.2 / NAF 2025 — 46.19A → 46.19G
46.19A,Centrales d'achat non alimentaires,46.19H,Autres activités d'intermédiaire non spécialisé du commerce de gros,n↔n,https://www.insee.fr/fr/information/8201411,Insee — Correspondances NAF rév.2 / NAF 2025 — 46.19A → 46.19H
46.19B,Autres intermédiaires du commerce en produits divers,46.19G,Activités d’intermédiation des centrales d’achat non spécialisées,n↔n,https://www.insee.fr/fr/information/8201411,Insee — Correspondances NAF rév.2 / NAF 2025 — 46.19B → 46.19G
46.19B,Autres intermédiaires du commerce en produits divers,46.19H,Autres activités d'intermédiaire non spécialisé du commerce de gros,n↔n,https://www.insee.fr/fr/information/8201411,Insee — Correspondances NAF rév.2 / NAF 2025 — 46.19B → 46.19H
46.21Z,"Commerce de gros (commerce interentreprises) de céréales, de tabac non manufacturé, de semences et d'aliments pour le bétail",46.21Y,"Commerce de gros de céréales, de tabac non manufacturé, de semences et d’aliments pour animaux",1→1,https://www.insee.fr/fr/information/8201411,Insee — Correspondances NAF rév.2 / NAF 2025 — 46.21Z → 46.21Y
46.22Z,Commerce de gros (commerce interentreprises) de fleurs et plantes,46.22Y,Commerce de gros de fleurs et de plantes,1→1,https://www.insee.fr/fr/information/8201411,Insee — Correspondances NAF rév.2 / NAF 2025 — 46.22Z → 46.22Y
46.23Z,Commerce de gros (commerce interentreprises) d'animaux vivants,46.23Y,Commerce de gros d’animaux vivants,1→1,https://www.insee.fr/fr/information/8201411,Insee — Correspondances NAF rév.2 / NAF 2025 — 46.23Z → 46.23Y
46.24Z,Commerce de gros (commerce interentreprises) de cuirs et peaux,46.24Y,Commerce de gros de cuirs et de peaux,1→1,https://www.insee.fr/fr/information/8201411,Insee — Correspondances NAF rév.2 / NAF 2025 — 46.24Z → 46.24Y
46.31Z,Commerce de gros (commerce interentreprises) de fruits et légumes,46.31Y,Commerce de gros de fruits et légumes,1→1,https://www.insee.fr/fr/information/8201411,Insee — Correspondances NAF rév.2 / NAF 2025 — 46.31Z → 46.31Y
46.32A,Commerce de gros (commerce interentreprises) de viandes de boucherie,46.32G,Commerce de gros de viandes et de produits à base de viande,n↔n,https://www.insee.fr/fr/information/8201411,Insee — Correspondances NAF rév.2 / NAF 2025 — 46.32A → 46.32G
46.32A,Commerce de gros (commerce interentreprises) de viandes de boucherie,46.32H,"Commerce de gros de poissons, crustacés et mollusques et de produits à base de poisson",n↔n,https://www.insee.fr/fr/information/8201411,Insee — Correspondances NAF rév.2 / NAF 2025 — 46.32A → 46.32H
46.32B,Commerce de gros (commerce interentreprises) de produits à base de viande,46.32G,Commerce de gros de viandes et de produits à base de viande,n↔n,https://www.insee.fr/fr/information/8201411,Insee — Correspondances NAF rév.2 / NAF 2025 — 46.32B → 46.32G
46.32B,Commerce de gros (commerce interentreprises) de produits à base de viande,46.32H,"Commerce de gros de poissons, crustacés et mollusques et de produits à base de poisson",n↔n,https://www.insee.fr/fr/information/8201411,Insee — Correspondances NAF rév.2 / NAF 2025 — 46.32B → 46.32H
46.32C,Commerce de gros (commerce interentreprises) de volailles et gibier,46.32G,Commerce de gros de viandes et de produits à base de viande,n↔n,https://www.insee.fr/fr/information/8201411,Insee — Correspondances NAF rév.2 / NAF 2025 — 46.32C → 46.32G
46.32C,Commerce de gros (commerce interentreprises) de volailles et gibier,46.32H,"Commerce de gros de poissons, crustacés et mollusques et de produits à base de poisson",n↔n,https://www.insee.fr/fr/information/8201411,Insee — Correspondances NAF rév.2 / NAF 2025 — 46.32C → 46.32H
46.33Z,"Commerce de gros (commerce interentreprises) de produits laitiers, œufs, huiles et matières grasses comestibles",46.33Y,"Commerce de gros de produits laitiers, œufs, huiles et matières grasses comestibles",1→1,https://www.insee.fr/fr/information/8201411,Insee — Correspondances NAF rév.2 / NAF 2025 — 46.33Z → 46.33Y
46.34Z,Commerce de gros (commerce interentreprises) de boissons,46.34Y,Commerce de gros de boissons,1→1,https://www.insee.fr/fr/information/8201411,Insee — Correspondances NAF rév.2 / NAF 2025 — 46.34Z → 46.34Y
46.35Z,Commerce de gros (commerce interentreprises) de produits à base de tabac,46.35Y,Commerce de gros de produits à base de tabac,1→1,https://www.insee.fr/fr/information/8201411,Insee — Correspondances NAF rév.2 / NAF 2025 — 46.35Z → 46.35Y
46.36Z,"Commerce de gros (commerce interentreprises) de sucre, chocolat et confiserie",46.36Y,"Commerce de gros de sucre, chocolat et confiserie",1→1,https://www.insee.fr/fr/information/8201411,Insee — Correspondances NAF rév.2 / NAF 2025 — 46.36Z → 46.36Y
46.37Z,"Commerce de gros (commerce interentreprises) de café, thé, cacao et épices",46.37Y,"Commerce de gros de café, thé, cacao et épices",1→1,https://www.insee.fr/fr/information/8201411,Insee — Correspondances NAF rév.2 / NAF 2025 — 46.37Z → 46.37Y
46.38A,"Commerce de gros (commerce interentreprises) de poissons, crustacés et mollusques",46.38Y,Commerce de gros d’autres denrées alimentaires,n→1,https://www.insee.fr/fr/information/8201411,Insee — Correspondances NAF rév.2 / NAF 2025 — 46.38A → 46.38Y
46.38B,Commerce de gros (commerce interentreprises) alimentaire spécialisé divers,46.38Y,Commerce de gros d’autres denrées alimentaires,n→1,https://www.insee.fr/fr/information/8201411,Insee — Correspondances NAF rév.2 / NAF 2025 — 46.38B → 46.38Y
46.39A,Commerce de gros (commerce interentreprises) de produits surgelés,46.39Y,"Commerce de gros non spécialisé de denrées, boissons et tabac",n→1,https://www.insee.fr/fr/information/8201411,Insee — Correspondances NAF rév.2 / NAF 2025 — 46.39A → 46.39Y
46.39B,Commerce de gros (commerce interentreprises) alimentaire non spécialisé,46.39Y,"Commerce de gros non spécialisé de denrées, boissons et tabac",n→1,https://www.insee.fr/fr/information/8201411,Insee — Correspondances NAF rév.2 / NAF 2025 — 46.39B → 46.39Y
46.41Z,Commerce de gros (commerce interentreprises) de textiles,46.41Y,Commerce de gros de textiles,1→1,https://www.insee.fr/fr/information/8201411,Insee — Correspondances NAF rév.2 / NAF 2025 — 46.41Z → 46.41Y
46.42Z,Commerce de gros (commerce interentreprises) d'habillement et de chaussures,46.42Y,Commerce de gros d’habillement et de chaussures,1→1,https://www.insee.fr/fr/information/8201411,Insee — Correspondances NAF rév.2 / NAF 2025 — 46.42Z → 46.42Y
46.43Z,Commerce de gros (commerce interentreprises) d'appareils électroménagers,46.43G,Commerce de gros d’appareils de génie climatique,1→n,https://www.insee.fr/fr/information/8201411,Insee — Correspondances NAF rév.2 / NAF 2025 — 46.43Z → 46.43G
46.43Z,Commerce de gros (commerce interentreprises) d'appareils électroménagers,46.43H,Commerce de gros d’autres appareils électroménagers,1→n,https://www.insee.fr/fr/information/8201411,Insee — Correspondances NAF rév.2 / NAF 2025 — 46.43Z → 46.43H
46.44Z,"Commerce de gros (commerce interentreprises) de vaisselle, verrerie et produits d'entretien",46.44Y,"Commerce de gros de vaisselle, verrerie et produits d’entretien",1→1,https://www.insee.fr/fr/information/8201411,Insee — Correspondances NAF rév.2 / NAF 2025 — 46.44Z → 46.44Y
46.45Z,Commerce de gros (commerce interentreprises) de parfumerie et de produits de beauté,46.45Y,Commerce de gros de parfumerie et de produits de beauté,1→1,https://www.insee.fr/fr/information/8201411,Insee — Correspondances NAF rév.2 / NAF 2025 — 46.45Z → 46.45Y
46.46Z,Commerce de gros (commerce interentreprises) de produits pharmaceutiques,46.46Y,Commerce de gros de produits pharmaceutiques et médicaux,1→1,https://www.insee.fr/fr/information/8201411,Insee — Correspondances NAF rév.2 / NAF 2025 — 46.46Z → 46.46Y
46.47Z,"Commerce de gros (commerce interentreprises) de meubles, de tapis et d'appareils d'éclairage",46.47Y,"Commerce de gros de meubles à usage domestique, de bureau et de magasin, de tapis et d’appareils d’éclairage",1→1,https://www.insee.fr/fr/information/8201411,Insee — Correspondances NAF rév.2 / NAF 2025 — 46.47Z → 46.47Y
46.48Z,Commerce de gros (commerce interentreprises) d'articles d'horlogerie et de bijouterie,46.48Y,Commerce de gros d’articles d’horlogerie et de bijouterie,1→1,https://www.insee.fr/fr/information/8201411,Insee — Correspondances NAF rév.2 / NAF 2025 — 46.48Z → 46.48Y
46.49Z,Commerce de gros (commerce interentreprises) d'autres biens domestiques,46.49Y,Commerce de gros d’autres biens domestiques,1→1,https://www.insee.fr/fr/information/8201411,Insee — Correspondances NAF rév.2 / NAF 2025 — 46.49Z → 46.49Y
46.61Z,Commerce de gros (commerce interentreprises) de matériel agricole,46.61Y,Commerce de gros de matériel agricole,1→1,https://www.insee.fr/fr/information/8201411,Insee — Correspondances NAF rév.2 / NAF 2025 — 46.61Z → 46.61Y
46.62Z,Commerce de gros (commerce interentreprises) de machines-outils,46.62Y,Commerce de gros de machines-outils,1→1,https://www.insee.fr/fr/information/8201411,Insee — Correspondances NAF rév.2 / NAF 2025 — 46.62Z → 46.62Y
46.63Z,"Commerce de gros (commerce interentreprises) de machines pour l'extraction, la construction et le génie civil",46.63Y,"Commerce de gros de machines pour l’extraction, la construction et le génie civil",1→1,https://www.insee.fr/fr/information/8201411,Insee — Correspondances NAF rév.2 / NAF 2025 — 46.63Z → 46.63Y
46.64Z,Commerce de gros (commerce interentreprises) de machines pour l'industrie textile et l'habillement,46.64G,Commerce de gros d’autre matériel électrique,1→n,https://www.insee.fr/fr/information/8201411,Insee — Correspondances NAF rév.2 / NAF 2025 — 46.64Z → 46.64G
46.64Z,Commerce de gros (commerce interentreprises) de machines pour l'industrie textile et l'habillement,46.64H,Commerce de gros de matériels de manutention et de levage,1→n,https://www.insee.fr/fr/information/8201411,Insee — Correspondances NAF rév.2 / NAF 2025 — 46.64Z → 46.64H
46.64Z,Commerce de gros (commerce interentreprises) de machines pour l'industrie textile et l'habillement,46.64J,Commerce de gros d’autres machines et équipements pour l’industrie et le transport,1→n,https://www.insee.fr/fr/information/8201411,Insee — Correspondances NAF rév.2 / NAF 2025 — 46.64Z → 46.64J
46.64Z,Commerce de gros (commerce interentreprises) de machines pour l'industrie textile et l'habillement,46.64K,Commerce de gros d’autres machines et équipements pour le commerce et les services,1→n,https://www.insee.fr/fr/information/8201411,Insee — Correspondances NAF rév.2 / NAF 2025 — 46.64Z → 46.64K
46.71Z,Commerce de gros (commerce interentreprises) de combustibles et de produits annexes,46.71G,"Commerce de gros de véhicules automobiles légers (moins de 3,5 tonnes)",1→n,https://www.insee.fr/fr/information/8201411,Insee — Correspondances NAF rév.2 / NAF 2025 — 46.71Z → 46.71G
46.71Z,Commerce de gros (commerce interentreprises) de combustibles et de produits annexes,46.71H,Commerce de gros d’autres véhicules automobiles,1→n,https://www.insee.fr/fr/information/8201411,Insee — Correspondances NAF rév.2 / NAF 2025 — 46.71Z → 46.71H
46.72Z,Commerce de gros (commerce interentreprises) de minerais et métaux,46.72Y,Commerce de gros de pièces et accessoires de véhicules automobiles,1→1,https://www.insee.fr/fr/information/8201411,Insee — Correspondances NAF rév.2 / NAF 2025 — 46.72Z → 46.72Y
46.73A,Commerce de gros (commerce interentreprises) de bois et de matériaux de construction,46.73Y,Commerce de gros de motocycles et de pièces et accessoires pour motocycles,n→1,https://www.insee.fr/fr/information/8201411,Insee — Correspondances NAF rév.2 / NAF 2025 — 46.73A → 46.73Y
46.73B,Commerce de gros (commerce interentreprises) d'appareils sanitaires et de produits de décoration,46.73Y,Commerce de gros de motocycles et de pièces et accessoires pour motocycles,n→1,https://www.insee.fr/fr/information/8201411,Insee — Correspondances NAF rév.2 / NAF 2025 — 46.73B → 46.73Y
46.90Z,Commerce de gros (commerce interentreprises) non spécialisé,46.90Y,Commerce de gros non spécialisé,1→1,https://www.insee.fr/fr/information/8201411,Insee — Correspondances NAF rév.2 / NAF 2025 — 46.90Z → 46.90Y
47.11A,Commerce de détail de produits surgelés,47.11G,Commerce de détail non spécialisé à prédominance alimentaire en magasin de moins de 120 m²,n↔n,https://www.insee.fr/fr/information/8201411,Insee — Correspondances NAF rév.2 / NAF 2025 — 47.11A → 47.11G
47.11A,Commerce de détail de produits surgelés,47.11H,Commerce de détail non spécialisé à prédominance alimentaire en magasin de 120 à 400 m² (supérette),n↔n,https://www.insee.fr/fr/information/8201411,Insee — Correspondances NAF rév.2 / NAF 2025 — 47.11A → 47.11H
47.11A,Commerce de détail de produits surgelés,47.11J,Commerce de détail non spécialisé à prédominance alimentaire en magasin de 400 à 2500 m² (supermarché),n↔n,https://www.insee.fr/fr/information/8201411,Insee — Correspondances NAF rév.2 / NAF 2025 — 47.11A → 47.11J
47.11A,Commerce de détail de produits surgelés,47.11K,Commerce de détail non spécialisé à prédominance alimentaire en magasin de plus de 2500 m² (hypermarché),n↔n,https://www.insee.fr/fr/information/8201411,Insee — Correspondances NAF rév.2 / NAF 2025 — 47.11A → 47.11K
47.11A,Commerce de détail de produits surgelés,47.11L,Commerce de détail non spécialisé à prédominance alimentaire hors magasin,n↔n,https://www.insee.fr/fr/information/8201411,Insee — Correspondances NAF rév.2 / NAF 2025 — 47.11A → 47.11L
47.11B,Commerce d'alimentation générale,47.11G,Commerce de détail non spécialisé à prédominance alimentaire en magasin de moins de 120 m²,n↔n,https://www.insee.fr/fr/information/8201411,Insee — Correspondances NAF rév.2 / NAF 2025 — 47.11B → 47.11G
47.11B,Commerce d'alimentation générale,47.11H,Commerce de détail non spécialisé à prédominance alimentaire en magasin de 120 à 400 m² (supérette),n↔n,https://www.insee.fr/fr/information/8201411,Insee — Correspondances NAF rév.2 / NAF 2025 — 47.11B → 47.11H
47.11B,Commerce d'alimentation générale,47.11J,Commerce de détail non spécialisé à prédominance alimentaire en magasin de 400 à 2500 m² (supermarché),n↔n,https://www.insee.fr/fr/information/8201411,Insee — Correspondances NAF rév.2 / NAF 2025 — 47.11B → 47.11J
47.11B,Commerce d'alimentation générale,47.11K,Commerce de détail non spécialisé à prédominance alimentaire en magasin de plus de 2500 m² (hypermarché),n↔n,https://www.insee.fr/fr/information/8201411,Insee — Correspondances NAF rév.2 / NAF 2025 — 47.11B → 47.11K
47.11B,Commerce d'alimentation générale,47.11L,Commerce de détail non spécialisé à prédominance alimentaire hors magasin,n↔n,https://www.insee.fr/fr/information/8201411,Insee — Correspondances NAF rév.2 / NAF 2025 — 47.11B → 47.11L
47.11C,Supérettes,47.11G,Commerce de détail non spécialisé à prédominance alimentaire en magasin de moins de 120 m²,n↔n,https://www.insee.fr/fr/information/8201411,Insee — Correspondances NAF rév.2 / NAF 2025 — 47.11C → 47.11G
47.11C,Supérettes,47.11H,Commerce de détail non spécialisé à prédominance alimentaire en magasin de 120 à 400 m² (supérette),n↔n,https://www.insee.fr/fr/information/8201411,Insee — Correspondances NAF rév.2 / NAF 2025 — 47.11C → 47.11H
47.11C,Supérettes,47.11J,Commerce de détail non spécialisé à prédominance alimentaire en magasin de 400 à 2500 m² (supermarché),n↔n,https://www.insee.fr/fr/information/8201411,Insee — Correspondances NAF rév.2 / NAF 2025 — 47.11C → 47.11J
47.11C,Supérettes,47.11K,Commerce de détail non spécialisé à prédominance alimentaire en magasin de plus de 2500 m² (hypermarché),n↔n,https://www.insee.fr/fr/information/8201411,Insee — Correspondances NAF rév.2 / NAF 2025 — 47.11C → 47.11K
47.11C,Supérettes,47.11L,Commerce de détail non spécialisé à prédominance alimentaire hors magasin,n↔n,https://www.insee.fr/fr/information/8201411,Insee — Correspondances NAF rév.2 / NAF 2025 — 47.11C → 47.11L
47.11D,Supermarchés,47.11G,Commerce de détail non spécialisé à prédominance alimentaire en magasin de moins de 120 m²,n↔n,https://www.insee.fr/fr/information/8201411,Insee — Correspondances NAF rév.2 / NAF 2025 — 47.11D → 47.11G
47.11D,Supermarchés,47.11H,Commerce de détail non spécialisé à prédominance alimentaire en magasin de 120 à 400 m² (supérette),n↔n,https://www.insee.fr/fr/information/8201411,Insee — Correspondances NAF rév.2 / NAF 2025 — 47.11D → 47.11H
47.11D,Supermarchés,47.11J,Commerce de détail non spécialisé à prédominance alimentaire en magasin de 400 à 2500 m² (supermarché),n↔n,https://www.insee.fr/fr/information/8201411,Insee — Correspondances NAF rév.2 / NAF 2025 — 47.11D → 47.11J
47.11D,Supermarchés,47.11K,Commerce de détail non spécialisé à prédominance alimentaire en magasin de plus de 2500 m² (hypermarché),n↔n,https://www.insee.fr/fr/information/8201411,Insee — Correspondances NAF rév.2 / NAF 2025 — 47.11D → 47.11K
47.11D,Supermarchés,47.11L,Commerce de détail non spécialisé à prédominance alimentaire hors magasin,n↔n,https://www.insee.fr/fr/information/8201411,Insee — Correspondances NAF rév.2 / NAF 2025 — 47.11D → 47.11L
47.11E,Magasins multi-commerces,47.11G,Commerce de détail non spécialisé à prédominance alimentaire en magasin de moins de 120 m²,n↔n,https://www.insee.fr/fr/information/8201411,Insee — Correspondances NAF rév.2 / NAF 2025 — 47.11E → 47.11G
47.11E,Magasins multi-commerces,47.11H,Commerce de détail non spécialisé à prédominance alimentaire en magasin de 120 à 400 m² (supérette),n↔n,https://www.insee.fr/fr/information/8201411,Insee — Correspondances NAF rév.2 / NAF 2025 — 47.11E → 47.11H
47.11E,Magasins multi-commerces,47.11J,Commerce de détail non spécialisé à prédominance alimentaire en magasin de 400 à 2500 m² (supermarché),n↔n,https://www.insee.fr/fr/information/8201411,Insee — Correspondances NAF rév.2 / NAF 2025 — 47.11E → 47.11J
47.11E,Magasins multi-commerces,47.11K,Commerce de détail non spécialisé à prédominance alimentaire en magasin de plus de 2500 m² (hypermarché),n↔n,https://www.insee.fr/fr/information/8201411,Insee — Correspondances NAF rév.2 / NAF 2025 — 47.11E → 47.11K
47.11E,Magasins multi-commerces,47.11L,Commerce de détail non spécialisé à prédominance alimentaire hors magasin,n↔n,https://www.insee.fr/fr/information/8201411,Insee — Correspondances NAF rév.2 / NAF 2025 — 47.11E → 47.11L
47.11F,Hypermarchés,47.11G,Commerce de détail non spécialisé à prédominance alimentaire en magasin de moins de 120 m²,n↔n,https://www.insee.fr/fr/information/8201411,Insee — Correspondances NAF rév.2 / NAF 2025 — 47.11F → 47.11G
47.11F,Hypermarchés,47.11H,Commerce de détail non spécialisé à prédominance alimentaire en magasin de 120 à 400 m² (supérette),n↔n,https://www.insee.fr/fr/information/8201411,Insee — Correspondances NAF rév.2 / NAF 2025 — 47.11F → 47.11H
47.11F,Hypermarchés,47.11J,Commerce de détail non spécialisé à prédominance alimentaire en magasin de 400 à 2500 m² (supermarché),n↔n,https://www.insee.fr/fr/information/8201411,Insee — Correspondances NAF rév.2 / NAF 2025 — 47.11F → 47.11J
47.11F,Hypermarchés,47.11K,Commerce de détail non spécialisé à prédominance alimentaire en magasin de plus de 2500 m² (hypermarché),n↔n,https://www.insee.fr/fr/information/8201411,Insee — Correspondances NAF rév.2 / NAF 2025 — 47.11F → 47.11K
47.11F,Hypermarchés,47.11L,Commerce de détail non spécialisé à prédominance alimentaire hors magasin,n↔n,https://www.insee.fr/fr/information/8201411,Insee — Correspondances NAF rév.2 / NAF 2025 — 47.11F → 47.11L
47.21Z,Commerce de détail de fruits et légumes en magasin spécialisé,47.21Y,Commerce de détail de fruits et légumes,1→1,https://www.insee.fr/fr/information/8201411,Insee — Correspondances NAF rév.2 / NAF 2025 — 47.21Z → 47.21Y
47.22Z,Commerce de détail de viandes et de produits à base de viande en magasin spécialisé,47.22Y,Commerce de détail de viande et de produits à base de viande,1→1,https://www.insee.fr/fr/information/8201411,Insee — Correspondances NAF rév.2 / NAF 2025 — 47.22Z → 47.22Y
47.23Z,"Commerce de détail de poissons, crustacés et mollusques en magasin spécialisé",47.23Y,"Commerce de détail de poisson, de crustacés et de mollusques",1→1,https://www.insee.fr/fr/information/8201411,Insee — Correspondances NAF rév.2 / NAF 2025 — 47.23Z → 47.23Y
47.24Z,"Commerce de détail de pain, pâtisserie et confiserie en magasin spécialisé",47.24Y,"Commerce de détail de pain, de pâtisserie et de confiserie",1→1,https://www.insee.fr/fr/information/8201411,Insee — Correspondances NAF rév.2 / NAF 2025 — 47.24Z → 47.24Y
47.25Z,Commerce de détail de boissons en magasin spécialisé,47.25Y,Commerce de détail de boissons,1→1,https://www.insee.fr/fr/information/8201411,Insee — Correspondances NAF rév.2 / NAF 2025 — 47.25Z → 47.25Y
47.26Z,Commerce de détail de produits à base de tabac en magasin spécialisé,47.26Y,Commerce de détail de produits à base de tabac,1→1,https://www.insee.fr/fr/information/8201411,Insee — Correspondances NAF rév.2 / NAF 2025 — 47.26Z → 47.26Y
47.30Z,Commerce de détail de carburants en magasin spécialisé,47.30Y,Commerce de détail de carburants,1→1,https://www.insee.fr/fr/information/8201411,Insee — Correspondances NAF rév.2 / NAF 2025 — 47.30Z → 47.30Y
47.51Z,Commerce de détail de textiles en magasin spécialisé,47.51Y,Commerce de détail de textiles,1→1,https://www.insee.fr/fr/information/8201411,Insee — Correspondances NAF rév.2 / NAF 2025 — 47.51Z → 47.51Y
47.52A,"Commerce de détail de quincaillerie, peintures et verres en petites surfaces (moins de 400 m2)",47.52G,"Commerce de détail de quincaillerie, de matériaux de construction et de bricolage, de peinture et de verre en magasin de moins de 400 m²",n↔n,https://www.insee.fr/fr/information/8201411,Insee — Correspondances NAF rév.2 / NAF 2025 — 47.52A → 47.52G
47.52A,"Commerce de détail de quincaillerie, peintures et verres en petites surfaces (moins de 400 m2)",47.52H,"Commerce de détail de quincaillerie, de matériaux de construction et de bricolage, de peinture et de verre en magasin de plus de 400 m² ou hors magasin",n↔n,https://www.insee.fr/fr/information/8201411,Insee — Correspondances NAF rév.2 / NAF 2025 — 47.52A → 47.52H
47.52B,"Commerce de détail de quincaillerie, peintures et verres en grandes surfaces (400 m2et plus)",47.52G,"Commerce de détail de quincaillerie, de matériaux de construction et de bricolage, de peinture et de verre en magasin de moins de 400 m²",n↔n,https://www.insee.fr/fr/information/8201411,Insee — Correspondances NAF rév.2 / NAF 2025 — 47.52B → 47.52G
47.52B,"Commerce de détail de quincaillerie, peintures et verres en grandes surfaces (400 m2et plus)",47.52H,"Commerce de détail de quincaillerie, de matériaux de construction et de bricolage, de peinture et de verre en magasin de plus de 400 m² ou hors magasin",n↔n,https://www.insee.fr/fr/information/8201411,Insee — Correspondances NAF rév.2 / NAF 2025 — 47.52B → 47.52H
47.53Z,"Commerce de détail de tapis, moquettes et revêtements de murs et de sols en magasin spécialisé",47.53Y,"Commerce de détail de tapis, moquettes et revêtements de murs et de sols",1→1,https://www.insee.fr/fr/information/8201411,Insee — Correspondances NAF rév.2 / NAF 2025 — 47.53Z → 47.53Y
47.54Z,Commerce de détail d'appareils électroménagers en magasin spécialisé,47.54Y,Commerce de détail d’appareils électroménagers,1→1,https://www.insee.fr/fr/information/8201411,Insee — Correspondances NAF rév.2 / NAF 2025 — 47.54Z → 47.54Y
47.61Z,Commerce de détail de livres en magasin spécialisé,47.61Y,Commerce de détail de livres,1→1,https://www.insee.fr/fr/information/8201411,Insee — Correspondances NAF rév.2 / NAF 2025 — 47.61Z → 47.61Y
47.62Z,Commerce de détail de journaux et papeterie en magasin spécialisé,47.62Y,Commerce de détail de journaux et autres publications périodiques et de papeterie,1→1,https://www.insee.fr/fr/information/8201411,Insee — Correspondances NAF rév.2 / NAF 2025 — 47.62Z → 47.62Y
47.63Z,Commerce de détail d'enregistrements musicaux et vidéo en magasin spécialisé,47.63Y,Commerce de détail d’articles de sport,1→1,https://www.insee.fr/fr/information/8201411,Insee — Correspondances NAF rév.2 / NAF 2025 — 47.63Z → 47.63Y
47.64Z,Commerce de détail d'articles de sport en magasin spécialisé,47.64Y,Commerce de détail de jeux et jouets,1→1,https://www.insee.fr/fr/information/8201411,Insee — Correspondances NAF rév.2 / NAF 2025 — 47.64Z → 47.64Y
47.71Z,Commerce de détail d'habillement en magasin spécialisé,47.71Y,Commerce de détail d’habillement,1→1,https://www.insee.fr/fr/information/8201411,Insee — Correspondances NAF rév.2 / NAF 2025 — 47.71Z → 47.71Y
47.72A,Commerce de détail de la chaussure,47.72G,Commerce de détail de chaussures,n↔n,https://www.insee.fr/fr/information/8201411,Insee — Correspondances NAF rév.2 / NAF 2025 — 47.72A → 47.72G
47.72A,Commerce de détail de la chaussure,47.72H,Commerce de détail de maroquinerie et d'articles de voyage,n↔n,https://www.insee.fr/fr/information/8201411,Insee — Correspondances NAF rév.2 / NAF 2025 — 47.72A → 47.72H
47.72B,Commerce de détail de maroquinerie et d'articles de voyage,47.72G,Commerce de détail de chaussures,n↔n,https://www.insee.fr/fr/information/8201411,Insee — Correspondances NAF rév.2 / NAF 2025 — 47.72B → 47.72G
47.72B,Commerce de détail de maroquinerie et d'articles de voyage,47.72H,Commerce de détail de maroquinerie et d'articles de voyage,n↔n,https://www.insee.fr/fr/information/8201411,Insee — Correspondances NAF rév.2 / NAF 2025 — 47.72B → 47.72H
47.73Z,Commerce de détail de produits pharmaceutiques en magasin spécialisé,47.73Y,Commerce de détail de produits pharmaceutiques,1→1,https://www.insee.fr/fr/information/8201411,Insee — Correspondances NAF rév.2 / NAF 2025 — 47.73Z → 47.73Y
47.74Z,Commerce de détail d'articles médicaux et orthopédiques en magasin spécialisé,47.74G,Commerce de détail d'optique,1→n,https://www.insee.fr/fr/information/8201411,Insee — Correspondances NAF rév.2 / NAF 2025 — 47.74Z → 47.74G
47.74Z,Commerce de détail d'articles médicaux et orthopédiques en magasin spécialisé,47.74H,Commerce de détail d’autres articles médicaux et orthopédiques,1→n,https://www.insee.fr/fr/information/8201411,Insee — Correspondances NAF rév.2 / NAF 2025 — 47.74Z → 47.74H
47.75Z,Commerce de détail de parfumerie et de produits de beauté en magasin spécialisé,47.75Y,Commerce de détail de parfumerie et de produits de beauté,1→1,https://www.insee.fr/fr/information/8201411,Insee — Correspondances NAF rév.2 / NAF 2025 — 47.75Z → 47.75Y
47.76Z,"Commerce de détail de fleurs, plantes, graines, engrais, animaux de compagnie et aliments pour ces animaux en magasin spécialisé",47.76Y,"Commerce de détail de fleurs, plantes, engrais, animaux de compagnie et aliments pour ces animaux",1→1,https://www.insee.fr/fr/information/8201411,Insee — Correspondances NAF rév.2 / NAF 2025 — 47.76Z → 47.76Y
47.77Z,Commerce de détail d'articles d'horlogerie et de bijouterie en magasin spécialisé,47.77Y,Commerce de détail d’articles d’horlogerie et de bijouterie,1→1,https://www.insee.fr/fr/information/8201411,Insee — Correspondances NAF rév.2 / NAF 2025 — 47.77Z → 47.77Y
47.78A,Commerces de détail d'optique,47.78G,Commerce de détail de charbons et combustibles,n↔n,https://www.insee.fr/fr/information/8201411,Insee — Correspondances NAF rév.2 / NAF 2025 — 47.78A → 47.78G
47.78A,Commerces de détail d'optique,47.78H,Commerce de détail spécialisé d’autres biens neufs n.c.a.,n↔n,https://www.insee.fr/fr/information/8201411,Insee — Correspondances NAF rév.2 / NAF 2025 — 47.78A → 47.78H
47.78B,Commerces de détail de charbons et combustibles,47.78G,Commerce de détail de charbons et combustibles,n↔n,https://www.insee.fr/fr/information/8201411,Insee — Correspondances NAF rév.2 / NAF 2025 — 47.78B → 47.78G
47.78B,Commerces de détail de charbons et combustibles,47.78H,Commerce de détail spécialisé d’autres biens neufs n.c.a.,n↔n,https://www.insee.fr/fr/information/8201411,Insee — Correspondances NAF rév.2 / NAF 2025 — 47.78B → 47.78H
47.78C,Autres commerces de détail spécialisés divers,47.78G,Commerce de détail de charbons et combustibles,n↔n,https://www.insee.fr/fr/information/8201411,Insee — Correspondances NAF rév.2 / NAF 2025 — 47.78C → 47.78G
47.78C,Autres commerces de détail spécialisés divers,47.78H,Commerce de détail spécialisé d’autres biens neufs n.c.a.,n↔n,https://www.insee.fr/fr/information/8201411,Insee — Correspondances NAF rév.2 / NAF 2025 — 47.78C → 47.78H
47.79Z,Commerce de détail de biens d'occasion en magasin,47.79G,Commerce de détail d’antiquités et livres anciens,1→n,https://www.insee.fr/fr/information/8201411,Insee — Correspondances NAF rév.2 / NAF 2025 — 47.79Z → 47.79G
47.79Z,Commerce de détail de biens d'occasion en magasin,47.79H,Commerce de détail d’autres biens d’occasion,1→n,https://www.insee.fr/fr/information/8201411,Insee — Correspondances NAF rév.2 / NAF 2025 — 47.79Z → 47.79H
47.81Z,Commerce de détail alimentaire sur éventaires et marchés,47.81Y,Commerce de détail de véhicules automobiles,1→1,https://www.insee.fr/fr/information/8201411,Insee — Correspondances NAF rév.2 / NAF 2025 — 47.81Z → 47.81Y
47.82Z,"Commerce de détail de textiles, d'habillement et de chaussures sur éventaires et marchés",47.82Y,Commerce de détail de pièces et accessoires de véhicules automobiles,1→1,https://www.insee.fr/fr/information/8201411,Insee — Correspondances NAF rév.2 / NAF 2025 — 47.82Z → 47.82Y
47.91A,Vente à distance sur catalogue général,47.91Y,Activités de service d’intermédiation pour le commerce de détail non spécialisé,n→1,https://www.insee.fr/fr/information/8201411,Insee — Correspondances NAF rév.2 / NAF 2025 — 47.91A → 47.91Y
47.91B,Vente à distance sur catalogue spécialisé,47.91Y,Activités de service d’intermédiation pour le commerce de détail non spécialisé,n→1,https://www.insee.fr/fr/information/8201411,Insee — Correspondances NAF rév.2 / NAF 2025 — 47.91B → 47.91Y
49.20Z,Transports ferroviaires de fret,49.20Y,Transport ferroviaire de fret,1→1,https://www.insee.fr/fr/information/8201411,Insee — Correspondances NAF rév.2 / NAF 2025 — 49.20Z → 49.20Y
49.31Z,Transports urbains et suburbains de voyageurs,49.31G,Transport régulier urbain et suburbain de voyageurs par route,1→n,https://www.insee.fr/fr/information/8201411,Insee — Correspondances NAF rév.2 / NAF 2025 — 49.31Z → 49.31G
49.31Z,Transports urbains et suburbains de voyageurs,49.31H,Autre transport régulier de voyageurs par route,1→n,https://www.insee.fr/fr/information/8201411,Insee — Correspondances NAF rév.2 / NAF 2025 — 49.31Z → 49.31H
49.32Z,Transports de voyageurs par taxis,49.32Y,Transport non régulier de voyageurs par route,1→1,https://www.insee.fr/fr/information/8201411,Insee — Correspondances NAF rév.2 / NAF 2025 — 49.32Z → 49.32Y
49.39A,Transports routiers réguliers de voyageurs,49.39Y,Autre transport terrestre de voyageurs n.c.a.,n→1,https://www.insee.fr/fr/information/8201411,Insee — Correspondances NAF rév.2 / NAF 2025 — 49.39A → 49.39Y
49.39B,Autres transports routiers de voyageurs,49.39Y,Autre transport terrestre de voyageurs n.c.a.,n→1,https://www.insee.fr/fr/information/8201411,Insee — Correspondances NAF rév.2 / NAF 2025 — 49.39B → 49.39Y
49.39C,Téléphériques et remontées mécaniques,49.39Y,Autre transport terrestre de voyageurs n.c.a.,n→1,https://www.insee.fr/fr/information/8201411,Insee — Correspondances NAF rév.2 / NAF 2025 — 49.39C → 49.39Y
49.41A,Transports routiers de fret interurbains,49.41G,Transport routier de fret longue distance,n↔n,https://www.insee.fr/fr/information/8201411,Insee — Correspondances NAF rév.2 / NAF 2025 — 49.41A → 49.41G
49.41A,Transports routiers de fret interurbains,49.41H,Transport routier de fret régional et de proximité,n↔n,https://www.insee.fr/fr/information/8201411,Insee — Correspondances NAF rév.2 / NAF 2025 — 49.41A → 49.41H
49.41A,Transports routiers de fret interurbains,49.41J,Location de camions avec chauffeur,n↔n,https://www.insee.fr/fr/information/8201411,Insee — Correspondances NAF rév.2 / NAF 2025 — 49.41A → 49.41J
49.41B,Transports routiers de fret de proximité,49.41G,Transport routier de fret longue distance,n↔n,https://www.insee.fr/fr/information/8201411,Insee — Correspondances NAF rév.2 / NAF 2025 — 49.41B → 49.41G
49.41B,Transports routiers de fret de proximité,49.41H,Transport routier de fret régional et de proximité,n↔n,https://www.insee.fr/fr/information/8201411,Insee — Correspondances NAF rév.2 / NAF 2025 — 49.41B → 49.41H
49.41B,Transports routiers de fret de proximité,49.41J,Location de camions avec chauffeur,n↔n,https://www.insee.fr/fr/information/8201411,Insee — Correspondances NAF rév.2 / NAF 2025 — 49.41B → 49.41J
49.41C,Location de camions avec chauffeur,49.41G,Transport routier de fret longue distance,n↔n,https://www.insee.fr/fr/information/8201411,Insee — Correspondances NAF rév.2 / NAF 2025 — 49.41C → 49.41G
49.41C,Location de camions avec chauffeur,49.41H,Transport routier de fret régional et de proximité,n↔n,https://www.insee.fr/fr/information/8201411,Insee — Correspondances NAF rév.2 / NAF 2025 — 49.41C → 49.41H
49.41C,Location de camions avec chauffeur,49.41J,Location de camions avec chauffeur,n↔n,https://www.insee.fr/fr/information/8201411,Insee — Correspondances NAF rév.2 / NAF 2025 — 49.41C → 49.41J
49.42Z,Services de déménagement,49.42Y,Services de déménagement,1→1,https://www.insee.fr/fr/information/8201411,Insee — Correspondances NAF rév.2 / NAF 2025 — 49.42Z → 49.42Y
49.50Z,Transports par conduites,49.50Y,Transport par conduites,1→1,https://www.insee.fr/fr/information/8201411,Insee — Correspondances NAF rév.2 / NAF 2025 — 49.50Z → 49.50Y
50.10Z,Transports maritimes et côtiers de passagers,50.10Y,Transports maritimes et côtiers de passagers,1→1,https://www.insee.fr/fr/information/8201411,Insee — Correspondances NAF rév.2 / NAF 2025 — 50.10Z → 50.10Y
50.20Z,Transports maritimes et côtiers de fret,50.20Y,Transports maritimes et côtiers de fret,1→1,https://www.insee.fr/fr/information/8201411,Insee — Correspondances NAF rév.2 / NAF 2025 — 50.20Z → 50.20Y
50.30Z,Transports fluviaux de passagers,50.30Y,Transports fluviaux de passagers,1→1,https://www.insee.fr/fr/information/8201411,Insee — Correspondances NAF rév.2 / NAF 2025 — 50.30Z → 50.30Y
50.40Z,Transports fluviaux de fret,50.40Y,Transports fluviaux de fret,1→1,https://www.insee.fr/fr/information/8201411,Insee — Correspondances NAF rév.2 / NAF 2025 — 50.40Z → 50.40Y
51.10Z,Transports aériens de passagers,51.10Y,Transports aériens de passagers,1→1,https://www.insee.fr/fr/information/8201411,Insee — Correspondances NAF rév.2 / NAF 2025 — 51.10Z → 51.10Y
51.21Z,Transports aériens de fret,51.21Y,Transports aériens de fret,1→1,https://www.insee.fr/fr/information/8201411,Insee — Correspondances NAF rév.2 / NAF 2025 — 51.21Z → 51.21Y
51.22Z,Transports spatiaux,51.22Y,Transports spatiaux,1→1,https://www.insee.fr/fr/information/8201411,Insee — Correspondances NAF rév.2 / NAF 2025 — 51.22Z → 51.22Y
52.10A,Entreposage et stockage frigorifique,52.10G,Entreposage et stockage frigorifique,n↔n,https://www.insee.fr/fr/information/8201411,Insee — Correspondances NAF rév.2 / NAF 2025 — 52.10A → 52.10G
52.10A,Entreposage et stockage frigorifique,52.10H,Entreposage et stockage non frigorifique,n↔n,https://www.insee.fr/fr/information/8201411,Insee — Correspondances NAF rév.2 / NAF 2025 — 52.10A → 52.10H
52.10B,Entreposage et stockage non frigorifique,52.10G,Entreposage et stockage frigorifique,n↔n,https://www.insee.fr/fr/information/8201411,Insee — Correspondances NAF rév.2 / NAF 2025 — 52.10B → 52.10G
52.10B,Entreposage et stockage non frigorifique,52.10H,Entreposage et stockage non frigorifique,n↔n,https://www.insee.fr/fr/information/8201411,Insee — Correspondances NAF rév.2 / NAF 2025 — 52.10B → 52.10H
52.21Z,Services auxiliaires des transports terrestres,52.21Y,Services auxiliaires des transports terrestres,1→1,https://www.insee.fr/fr/information/8201411,Insee — Correspondances NAF rév.2 / NAF 2025 — 52.21Z → 52.21Y
52.22Z,Services auxiliaires des transports par eau,52.22Y,Services auxiliaires des transports par eau,1→1,https://www.insee.fr/fr/information/8201411,Insee — Correspondances NAF rév.2 / NAF 2025 — 52.22Z → 52.22Y
52.23Z,Services auxiliaires des transports aériens,52.23Y,Services auxiliaires des transports aériens,1→1,https://www.insee.fr/fr/information/8201411,Insee — Correspondances NAF rév.2 / NAF 2025 — 52.23Z → 52.23Y
52.24A,Manutention portuaire,52.24G,Manutention portuaire,n↔n,https://www.insee.fr/fr/information/8201411,Insee — Correspondances NAF rév.2 / NAF 2025 — 52.24A → 52.24G
52.24A,Manutention portuaire,52.24H,Manutention non portuaire,n↔n,https://www.insee.fr/fr/information/8201411,Insee — Correspondances NAF rév.2 / NAF 2025 — 52.24A → 52.24H
52.24B,Manutention non portuaire,52.24G,Manutention portuaire,n↔n,https://www.insee.fr/fr/information/8201411,Insee — Correspondances NAF rév.2 / NAF 2025 — 52.24B → 52.24G
52.24B,Manutention non portuaire,52.24H,Manutention non portuaire,n↔n,https://www.insee.fr/fr/information/8201411,Insee — Correspondances NAF rév.2 / NAF 2025 — 52.24B → 52.24H
53.10Z,Activités de poste dans le cadre d'une obligation de service universel,53.10Y,Activités de poste dans le cadre d’une obligation de service universel,1→1,https://www.insee.fr/fr/information/8201411,Insee — Correspondances NAF rév.2 / NAF 2025 — 53.10Z → 53.10Y
53.20Z,Autres activités de poste et de courrier,53.20G,Livraison de colis,1→n,https://www.insee.fr/fr/information/8201411,Insee — Correspondances NAF rév.2 / NAF 2025 — 53.20Z → 53.20G
53.20Z,Autres activités de poste et de courrier,53.20H,Livraison à domicile de repas et autres activités de poste et de courrier n.c.a.,1→n,https://www.insee.fr/fr/information/8201411,Insee — Correspondances NAF rév.2 / NAF 2025 — 53.20Z → 53.20H
55.10Z,Hôtels et hébergement similaire,55.10Y,Hôtels et hébergement similaire,1→1,https://www.insee.fr/fr/information/8201411,Insee — Correspondances NAF rév.2 / NAF 2025 — 55.10Z → 55.10Y
55.20Z,Hébergement touristique et autre hébergement de courte durée,55.20Y,Hébergement touristique et autre hébergement de courte durée,1→1,https://www.insee.fr/fr/information/8201411,Insee — Correspondances NAF rév.2 / NAF 2025 — 55.20Z → 55.20Y
55.30Z,Terrains de camping et parcs pour caravanes ou véhicules de loisirs,55.30Y,Terrains de camping et parcs pour caravanes ou véhicules de loisirs,1→1,https://www.insee.fr/fr/information/8201411,Insee — Correspondances NAF rév.2 / NAF 2025 — 55.30Z → 55.30Y
55.90Z,Autres hébergements,55.90Y,Autres hébergements,1→1,https://www.insee.fr/fr/information/8201411,Insee — Correspondances NAF rév.2 / NAF 2025 — 55.90Z → 55.90Y
56.21Z,Services des traiteurs,56.21Y,Activités de traiteur événementiel,1→1,https://www.insee.fr/fr/information/8201411,Insee — Correspondances NAF rév.2 / NAF 2025 — 56.21Z → 56.21Y
56.30Z,Débits de boissons,56.30Y,Activités de débit de boissons,1→1,https://www.insee.fr/fr/information/8201411,Insee — Correspondances NAF rév.2 / NAF 2025 — 56.30Z → 56.30Y
58.11Z,Édition de livres,58.11Y,Édition de livres,1→1,https://www.insee.fr/fr/information/8201411,Insee — Correspondances NAF rév.2 / NAF 2025 — 58.11Z → 58.11Y
58.12Z,Édition de répertoires et de fichiers d'adresses,58.12Y,Édition de journaux,1→1,https://www.insee.fr/fr/information/8201411,Insee — Correspondances NAF rév.2 / NAF 2025 — 58.12Z → 58.12Y
58.13Z,Édition de journaux,58.13Y,Édition de revues et de périodiques,1→1,https://www.insee.fr/fr/information/8201411,Insee — Correspondances NAF rév.2 / NAF 2025 — 58.13Z → 58.13Y
58.19Z,Autres activités d'édition,58.19Y,"Autres activités d’édition, à l’exception de l’édition de logiciels",1→1,https://www.insee.fr/fr/information/8201411,Insee — Correspondances NAF rév.2 / NAF 2025 — 58.19Z → 58.19Y
58.21Z,Édition de jeux électroniques,58.21Y,Édition de jeux vidéo,1→1,https://www.insee.fr/fr/information/8201411,Insee — Correspondances NAF rév.2 / NAF 2025 — 58.21Z → 58.21Y
58.29A,Édition de logiciels système et de réseau,58.29Y,Édition d’autres logiciels,n→1,https://www.insee.fr/fr/information/8201411,Insee — Correspondances NAF rév.2 / NAF 2025 — 58.29A → 58.29Y
58.29B,Edition de logiciels outils de développement et de langages,58.29Y,Édition d’autres logiciels,n→1,https://www.insee.fr/fr/information/8201411,Insee — Correspondances NAF rév.2 / NAF 2025 — 58.29B → 58.29Y
58.29C,Edition de logiciels applicatifs,58.29Y,Édition d’autres logiciels,n→1,https://www.insee.fr/fr/information/8201411,Insee — Correspondances NAF rév.2 / NAF 2025 — 58.29C → 58.29Y
59.11A,Production de films et de programmes pour la télévision,59.11G,Production de films et programmes audiovisuels,n↔n,https://www.insee.fr/fr/information/8201411,Insee — Correspondances NAF rév.2 / NAF 2025 — 59.11A → 59.11G
59.11A,Production de films et de programmes pour la télévision,59.11H,Production de films institutionnels et publicitaires,n↔n,https://www.insee.fr/fr/information/8201411,Insee — Correspondances NAF rév.2 / NAF 2025 — 59.11A → 59.11H
59.11A,Production de films et de programmes pour la télévision,59.11J,Production de films pour le cinéma,n↔n,https://www.insee.fr/fr/information/8201411,Insee — Correspondances NAF rév.2 / NAF 2025 — 59.11A → 59.11J
59.11A,Production de films et de programmes pour la télévision,59.11K,Production de films et programmes d'animation,n↔n,https://www.insee.fr/fr/information/8201411,Insee — Correspondances NAF rév.2 / NAF 2025 — 59.11A → 59.11K
59.11B,Production de films institutionnels et publicitaires,59.11G,Production de films et programmes audiovisuels,n↔n,https://www.insee.fr/fr/information/8201411,Insee — Correspondances NAF rév.2 / NAF 2025 — 59.11B → 59.11G
59.11B,Production de films institutionnels et publicitaires,59.11H,Production de films institutionnels et publicitaires,n↔n,https://www.insee.fr/fr/information/8201411,Insee — Correspondances NAF rév.2 / NAF 2025 — 59.11B → 59.11H
59.11B,Production de films institutionnels et publicitaires,59.11J,Production de films pour le cinéma,n↔n,https://www.insee.fr/fr/information/8201411,Insee — Correspondances NAF rév.2 / NAF 2025 — 59.11B → 59.11J
59.11B,Production de films institutionnels et publicitaires,59.11K,Production de films et programmes d'animation,n↔n,https://www.insee.fr/fr/information/8201411,Insee — Correspondances NAF rév.2 / NAF 2025 — 59.11B → 59.11K
59.11C,Production de films pour le cinéma,59.11G,Production de films et programmes audiovisuels,n↔n,https://www.insee.fr/fr/information/8201411,Insee — Correspondances NAF rév.2 / NAF 2025 — 59.11C → 59.11G
59.11C,Production de films pour le cinéma,59.11H,Production de films institutionnels et publicitaires,n↔n,https://www.insee.fr/fr/information/8201411,Insee — Correspondances NAF rév.2 / NAF 2025 — 59.11C → 59.11H
59.11C,Production de films pour le cinéma,59.11J,Production de films pour le cinéma,n↔n,https://www.insee.fr/fr/information/8201411,Insee — Correspondances NAF rév.2 / NAF 2025 — 59.11C → 59.11J
59.11C,Production de films pour le cinéma,59.11K,Production de films et programmes d'animation,n↔n,https://www.insee.fr/fr/information/8201411,Insee — Correspondances NAF rév.2 / NAF 2025 — 59.11C → 59.11K
59.12Z,"Post-production de films cinématographiques, de vidéo et de programmes de télévision",59.12Y,"Post-production de films cinématographiques, de vidéos et de programmes de télévision",1→1,https://www.insee.fr/fr/information/8201411,Insee — Correspondances NAF rév.2 / NAF 2025 — 59.12Z → 59.12Y
59.13A,Distribution de films cinématographiques,59.13Y,Distribution de films cinématographiques et de vidéos,n→1,https://www.insee.fr/fr/information/8201411,Insee — Correspondances NAF rév.2 / NAF 2025 — 59.13A → 59.13Y
59.13B,Edition et distribution vidéo,59.13Y,Distribution de films cinématographiques et de vidéos,n→1,https://www.insee.fr/fr/information/8201411,Insee — Correspondances NAF rév.2 / NAF 2025 — 59.13B → 59.13Y
59.14Z,Projection de films cinématographiques,59.14Y,Projection de films cinématographiques,1→1,https://www.insee.fr/fr/information/8201411,Insee — Correspondances NAF rév.2 / NAF 2025 — 59.14Z → 59.14Y
59.20Z,Enregistrement sonore et édition musicale,59.20Y,Enregistrement sonore et édition musicale,1→1,https://www.insee.fr/fr/information/8201411,Insee — Correspondances NAF rév.2 / NAF 2025 — 59.20Z → 59.20Y
60.10Z,Édition et diffusion de programmes radio,60.10Y,Radiodiffusion et activités de distribution de contenu audio,1→1,https://www.insee.fr/fr/information/8201411,Insee — Correspondances NAF rév.2 / NAF 2025 — 60.10Z → 60.10Y
60.20A,Edition de chaînes généralistes,60.20G,Programmation de télévision et télédiffusion,n↔n,https://www.insee.fr/fr/information/8201411,Insee — Correspondances NAF rév.2 / NAF 2025 — 60.20A → 60.20G
60.20A,Edition de chaînes généralistes,60.20H,Édition de services de médias à la demande,n↔n,https://www.insee.fr/fr/information/8201411,Insee — Correspondances NAF rév.2 / NAF 2025 — 60.20A → 60.20H
60.20B,Edition de chaînes thématiques,60.20G,Programmation de télévision et télédiffusion,n↔n,https://www.insee.fr/fr/information/8201411,Insee — Correspondances NAF rév.2 / NAF 2025 — 60.20B → 60.20G
60.20B,Edition de chaînes thématiques,60.20H,Édition de services de médias à la demande,n↔n,https://www.insee.fr/fr/information/8201411,Insee — Correspondances NAF rév.2 / NAF 2025 — 60.20B → 60.20H
61.10Z,Télécommunications filaires,61.10Y,"Activités de télécommunications filaires, sans fil et satellitaires",1→1,https://www.insee.fr/fr/information/8201411,Insee — Correspondances NAF rév.2 / NAF 2025 — 61.10Z → 61.10Y
61.20Z,Télécommunications sans fil,61.20Y,Activités de revente de télécommunications et activités de service d’intermédiation pour les télécommunications,1→1,https://www.insee.fr/fr/information/8201411,Insee — Correspondances NAF rév.2 / NAF 2025 — 61.20Z → 61.20Y
61.90Z,Autres activités de télécommunication,61.90Y,Autres activités de télécommunications,1→1,https://www.insee.fr/fr/information/8201411,Insee — Correspondances NAF rév.2 / NAF 2025 — 61.90Z → 61.90Y
63.91Z,Activités des agences de presse,63.91Y,Activités de portail de recherche sur le web,1→1,https://www.insee.fr/fr/information/8201411,Insee — Correspondances NAF rév.2 / NAF 2025 — 63.91Z → 63.91Y
64.11Z,Activités de banque centrale,64.11Y,Activités de banque centrale,1→1,https://www.insee.fr/fr/information/8201411,Insee — Correspondances NAF rév.2 / NAF 2025 — 64.11Z → 64.11Y
64.19Z,Autres intermédiations monétaires,64.19Y,Autre intermédiation monétaire,1→1,https://www.insee.fr/fr/information/8201411,Insee — Correspondances NAF rév.2 / NAF 2025 — 64.19Z → 64.19Y
64.91Z,Crédit-bail,64.91Y,Crédit-bail,1→1,https://www.insee.fr/fr/information/8201411,Insee — Correspondances NAF rév.2 / NAF 2025 — 64.91Z → 64.91Y
64.92Z,Autre distribution de crédit,64.92Y,Autre distribution de crédit,1→1,https://www.insee.fr/fr/information/8201411,Insee — Correspondances NAF rév.2 / NAF 2025 — 64.92Z → 64.92Y
64.99Z,"Autres activités des services financiers, hors assurance et caisses de retraite, n.c.a.",64.99Y,"Autres activités des services financiers, hors assurance et fonds de pension, n.c.a.",1→1,https://www.insee.fr/fr/information/8201411,Insee — Correspondances NAF rév.2 / NAF 2025 — 64.99Z → 64.99Y
65.11Z,Assurance vie,65.11Y,Assurance vie,1→1,https://www.insee.fr/fr/information/8201411,Insee — Correspondances NAF rév.2 / NAF 2025 — 65.11Z → 65.11Y
65.12Z,Autres assurances,65.12Y,Assurances non-vie,1→1,https://www.insee.fr/fr/information/8201411,Insee — Correspondances NAF rév.2 / NAF 2025 — 65.12Z → 65.12Y
65.20Z,Réassurance,65.20Y,Réassurance,1→1,https://www.insee.fr/fr/information/8201411,Insee — Correspondances NAF rév.2 / NAF 2025 — 65.20Z → 65.20Y
65.30Z,Caisses de retraite,65.30Y,Fonds de pension,1→1,https://www.insee.fr/fr/information/8201411,Insee — Correspondances NAF rév.2 / NAF 2025 — 65.30Z → 65.30Y
66.11Z,Administration de marchés financiers,66.11Y,Administration de marchés financiers,1→1,https://www.insee.fr/fr/information/8201411,Insee — Correspondances NAF rév.2 / NAF 2025 — 66.11Z → 66.11Y
66.12Z,Courtage de valeurs mobilières et de marchandises,66.12Y,Courtage de valeurs mobilières et de matières premières,1→1,https://www.insee.fr/fr/information/8201411,Insee — Correspondances NAF rév.2 / NAF 2025 — 66.12Z → 66.12Y
66.19A,Supports juridiques de gestion de patrimoine mobilier,66.19G,Activités des unités non productives détentrices de patrimoine mobilier,n↔n,https://www.insee.fr/fr/information/8201411,Insee — Correspondances NAF rév.2 / NAF 2025 — 66.19A → 66.19G
66.19A,Supports juridiques de gestion de patrimoine mobilier,66.19H,"Autres activités auxiliaires de services financiers, hors assurance et caisses de retraite, n.c.a.",n↔n,https://www.insee.fr/fr/information/8201411,Insee — Correspondances NAF rév.2 / NAF 2025 — 66.19A → 66.19H
66.19B,"Autres activités auxiliaires de services financiers, hors assurance et caisses de retraite, n.c.a.",66.19G,Activités des unités non productives détentrices de patrimoine mobilier,n↔n,https://www.insee.fr/fr/information/8201411,Insee — Correspondances NAF rév.2 / NAF 2025 — 66.19B → 66.19G
66.19B,"Autres activités auxiliaires de services financiers, hors assurance et caisses de retraite, n.c.a.",66.19H,"Autres activités auxiliaires de services financiers, hors assurance et caisses de retraite, n.c.a.",n↔n,https://www.insee.fr/fr/information/8201411,Insee — Correspondances NAF rév.2 / NAF 2025 — 66.19B → 66.19H
66.21Z,Évaluation des risques et dommages,66.21Y,Évaluation des risques et dommages,1→1,https://www.insee.fr/fr/information/8201411,Insee — Correspondances NAF rév.2 / NAF 2025 — 66.21Z → 66.21Y
66.22Z,Activités des agents et courtiers d'assurances,66.22Y,Activités des agents et courtiers d’assurances,1→1,https://www.insee.fr/fr/information/8201411,Insee — Correspondances NAF rév.2 / NAF 2025 — 66.22Z → 66.22Y
66.29Z,Autres activités auxiliaires d'assurance et de caisses de retraite,66.29Y,Activités auxiliaires d’assurance et de fonds de pension n.c.a.,1→1,https://www.insee.fr/fr/information/8201411,Insee — Correspondances NAF rév.2 / NAF 2025 — 66.29Z → 66.29Y
66.30Z,Gestion de fonds,66.30Y,Activités de gestion de fonds,1→1,https://www.insee.fr/fr/information/8201411,Insee — Correspondances NAF rév.2 / NAF 2025 — 66.30Z → 66.30Y
68.20A,Location de logements,68.20G,Location de logements,n↔n,https://www.insee.fr/fr/information/8201411,Insee — Correspondances NAF rév.2 / NAF 2025 — 68.20A → 68.20G
68.20A,Location de logements,68.20H,Location et exploitation d'autres biens immobiliers propres ou loués,n↔n,https://www.insee.fr/fr/information/8201411,Insee — Correspondances NAF rév.2 / NAF 2025 — 68.20A → 68.20H
68.20B,Location de terrains et d'autres biens immobiliers,68.20G,Location de logements,n↔n,https://www.insee.fr/fr/information/8201411,Insee — Correspondances NAF rév.2 / NAF 2025 — 68.20B → 68.20G
68.20B,Location de terrains et d'autres biens immobiliers,68.20H,Location et exploitation d'autres biens immobiliers propres ou loués,n↔n,https://www.insee.fr/fr/information/8201411,Insee — Correspondances NAF rév.2 / NAF 2025 — 68.20B → 68.20H
68.31Z,Agences immobilières,68.31Y,Activités de service d’intermédiation pour les activités immobilières,1→1,https://www.insee.fr/fr/information/8201411,Insee — Correspondances NAF rév.2 / NAF 2025 — 68.31Z → 68.31Y
68.32A,Administration d'immeubles et autres biens immobiliers,68.32G,Activités des unités non productives détentrices de patrimoine immobilier,n↔n,https://www.insee.fr/fr/information/8201411,Insee — Correspondances NAF rév.2 / NAF 2025 — 68.32A → 68.32G
68.32A,Administration d'immeubles et autres biens immobiliers,68.32H,Autres activités immobilières pour compte de tiers n.c.a.,n↔n,https://www.insee.fr/fr/information/8201411,Insee — Correspondances NAF rév.2 / NAF 2025 — 68.32A → 68.32H
68.32B,Supports juridiques de gestion de patrimoine immobilier,68.32G,Activités des unités non productives détentrices de patrimoine immobilier,n↔n,https://www.insee.fr/fr/information/8201411,Insee — Correspondances NAF rév.2 / NAF 2025 — 68.32B → 68.32G
68.32B,Supports juridiques de gestion de patrimoine immobilier,68.32H,Autres activités immobilières pour compte de tiers n.c.a.,n↔n,https://www.insee.fr/fr/information/8201411,Insee — Correspondances NAF rév.2 / NAF 2025 — 68.32B → 68.32H
69.10Z,Activités juridiques,69.10Y,Activités juridiques,1→1,https://www.insee.fr/fr/information/8201411,Insee — Correspondances NAF rév.2 / NAF 2025 — 69.10Z → 69.10Y
69.20Z,Activités comptables,69.20Y,"Activités de comptabilité, de tenue de comptes et d’audit ; conseil fiscal",1→1,https://www.insee.fr/fr/information/8201411,Insee — Correspondances NAF rév.2 / NAF 2025 — 69.20Z → 69.20Y
70.10Z,Activités des sièges sociaux,70.10Y,Activités des sièges sociaux,1→1,https://www.insee.fr/fr/information/8201411,Insee — Correspondances NAF rév.2 / NAF 2025 — 70.10Z → 70.10Y
71.11Z,Activités d'architecture,71.11Y,Activités d’architecture,1→1,https://www.insee.fr/fr/information/8201411,Insee — Correspondances NAF rév.2 / NAF 2025 — 71.11Z → 71.11Y
71.12A,Activité des géomètres,71.12Y,Activités d’ingénierie et de conseil technique connexe,n→1,https://www.insee.fr/fr/information/8201411,Insee — Correspondances NAF rév.2 / NAF 2025 — 71.12A → 71.12Y
71.12B,"Ingénierie, études techniques",71.12Y,Activités d’ingénierie et de conseil technique connexe,n→1,https://www.insee.fr/fr/information/8201411,Insee — Correspondances NAF rév.2 / NAF 2025 — 71.12B → 71.12Y
71.20A,Contrôle technique automobile,71.20G,Contrôle technique des véhicules,n↔n,https://www.insee.fr/fr/information/8201411,Insee — Correspondances NAF rév.2 / NAF 2025 — 71.20A → 71.20G
71.20A,Contrôle technique automobile,71.20H,"Analyses, essais et inspections techniques",n↔n,https://www.insee.fr/fr/information/8201411,Insee — Correspondances NAF rév.2 / NAF 2025 — 71.20A → 71.20H
71.20B,"Analyses, essais et inspections techniques",71.20G,Contrôle technique des véhicules,n↔n,https://www.insee.fr/fr/information/8201411,Insee — Correspondances NAF rév.2 / NAF 2025 — 71.20B → 71.20G
71.20B,"Analyses, essais et inspections techniques",71.20H,"Analyses, essais et inspections techniques",n↔n,https://www.insee.fr/fr/information/8201411,Insee — Correspondances NAF rév.2 / NAF 2025 — 71.20B → 71.20H
72.20Z,Recherche-développement en sciences humaines et sociales,72.20Y,Recherche et développement en sciences humaines et sociales,1→1,https://www.insee.fr/fr/information/8201411,Insee — Correspondances NAF rév.2 / NAF 2025 — 72.20Z → 72.20Y
73.11Z,Activités des agences de publicité,73.11Y,Activités d’agence de publicité,1→1,https://www.insee.fr/fr/information/8201411,Insee — Correspondances NAF rév.2 / NAF 2025 — 73.11Z → 73.11Y
73.12Z,Régie publicitaire de médias,73.12Y,Régie publicitaire de médias,1→1,https://www.insee.fr/fr/information/8201411,Insee — Correspondances NAF rév.2 / NAF 2025 — 73.12Z → 73.12Y
73.20Z,Études de marché et sondages,73.20Y,Études de marché et sondages,1→1,https://www.insee.fr/fr/information/8201411,Insee — Correspondances NAF rév.2 / NAF 2025 — 73.20Z → 73.20Y
74.20Z,Activités photographiques,74.20Y,Activités photographiques,1→1,https://www.insee.fr/fr/information/8201411,Insee — Correspondances NAF rév.2 / NAF 2025 — 74.20Z → 74.20Y
74.30Z,Traduction et interprétation,74.30Y,Activités de traduction et d’interprétation,1→1,https://www.insee.fr/fr/information/8201411,Insee — Correspondances NAF rév.2 / NAF 2025 — 74.30Z → 74.30Y
75.00Z,Activités vétérinaires,75.00Y,Activités vétérinaires,1→1,https://www.insee.fr/fr/information/8201411,Insee — Correspondances NAF rév.2 / NAF 2025 — 75.00Z → 75.00Y
77.11A,Location de courte durée de voitures et de véhicules automobiles légers,77.11Y,Location et location-bail de voitures et véhicules automobiles légers,n→1,https://www.insee.fr/fr/information/8201411,Insee — Correspondances NAF rév.2 / NAF 2025 — 77.11A → 77.11Y
77.11B,Location de longue durée de voitures et de véhicules automobiles légers,77.11Y,Location et location-bail de voitures et véhicules automobiles légers,n→1,https://www.insee.fr/fr/information/8201411,Insee — Correspondances NAF rév.2 / NAF 2025 — 77.11B → 77.11Y
77.12Z,Location et location-bail de camions,77.12Y,Location et location-bail de camions,1→1,https://www.insee.fr/fr/information/8201411,Insee — Correspondances NAF rév.2 / NAF 2025 — 77.12Z → 77.12Y
77.21Z,Location et location-bail d'articles de loisirs et de sport,77.21Y,Location et location-bail d’articles de loisirs et de sport,1→1,https://www.insee.fr/fr/information/8201411,Insee — Correspondances NAF rév.2 / NAF 2025 — 77.21Z → 77.21Y
77.22Z,Location de vidéocassettes et disques vidéo,77.22Y,Location et location-bail d’autres biens personnels et domestiques,1→1,https://www.insee.fr/fr/information/8201411,Insee — Correspondances NAF rév.2 / NAF 2025 — 77.22Z → 77.22Y
77.31Z,Location et location-bail de machines et équipements agricoles,77.31Y,Location et location-bail de matériel agricole,1→1,https://www.insee.fr/fr/information/8201411,Insee — Correspondances NAF rév.2 / NAF 2025 — 77.31Z → 77.31Y
77.32Z,Location et location-bail de machines et équipements pour la construction,77.32Y,Location et location-bail de machines et équipements pour la construction et le génie civil,1→1,https://www.insee.fr/fr/information/8201411,Insee — Correspondances NAF rév.2 / NAF 2025 — 77.32Z → 77.32Y
77.33Z,Location et location-bail de machines de bureau et de matériel informatique,77.33Y,Location et location-bail de machines et équipements de bureau et d’ordinateurs,1→1,https://www.insee.fr/fr/information/8201411,Insee — Correspondances NAF rév.2 / NAF 2025 — 77.33Z → 77.33Y
77.34Z,Location et location-bail de matériels de transport par eau,77.34Y,Location et location-bail de matériels de transport par eau,1→1,https://www.insee.fr/fr/information/8201411,Insee — Correspondances NAF rév.2 / NAF 2025 — 77.34Z → 77.34Y
77.35Z,Location et location-bail de matériels de transport aérien,77.35Y,Location et location-bail de matériels de transport aérien,1→1,https://www.insee.fr/fr/information/8201411,Insee — Correspondances NAF rév.2 / NAF 2025 — 77.35Z → 77.35Y
77.39Z,"Location et location-bail d'autres machines, équipements et biens matériels n.c.a.",77.39Y,"Location et location-bail d’autres machines, équipements et biens n.c.a.",1→1,https://www.insee.fr/fr/information/8201411,Insee — Correspondances NAF rév.2 / NAF 2025 — 77.39Z → 77.39Y
77.40Z,"Location-bail de propriété intellectuelle et de produits similaires, à l'exception des œuvres soumises à copyright",77.40G,Services de franchise ou de licence de marques,1→n,https://www.insee.fr/fr/information/8201411,Insee — Correspondances NAF rév.2 / NAF 2025 — 77.40Z → 77.40G
77.40Z,"Location-bail de propriété intellectuelle et de produits similaires, à l'exception des œuvres soumises à copyright",77.40H,"Autre location-bail de propriété intellectuelle et de produits similaires, à l'exception des œuvres soumises à copyright",1→n,https://www.insee.fr/fr/information/8201411,Insee — Correspondances NAF rév.2 / NAF 2025 — 77.40Z → 77.40H
78.10Z,Activités des agences de placement de main-d'œuvre,78.10Y,Activités des agences de placement de main-d’œuvre,1→1,https://www.insee.fr/fr/information/8201411,Insee — Correspondances NAF rév.2 / NAF 2025 — 78.10Z → 78.10Y
78.20Z,Activités des agences de travail temporaire,78.20G,Activités d’agence de travail temporaire,1→n,https://www.insee.fr/fr/information/8201411,Insee — Correspondances NAF rév.2 / NAF 2025 — 78.20Z → 78.20G
78.20Z,Activités des agences de travail temporaire,78.20H,Autre mise à disposition de ressources humaines,1→n,https://www.insee.fr/fr/information/8201411,Insee — Correspondances NAF rév.2 / NAF 2025 — 78.20Z → 78.20H
79.11Z,Activités des agences de voyage,79.11Y,Activités d’agence de voyage,1→1,https://www.insee.fr/fr/information/8201411,Insee — Correspondances NAF rév.2 / NAF 2025 — 79.11Z → 79.11Y
79.12Z,Activités des voyagistes,79.12Y,Activités de voyagiste,1→1,https://www.insee.fr/fr/information/8201411,Insee — Correspondances NAF rév.2 / NAF 2025 — 79.12Z → 79.12Y
79.90Z,Autres services de réservation et activités connexes,79.90Y,Autres activités de service de réservation et activités connexes,1→1,https://www.insee.fr/fr/information/8201411,Insee — Correspondances NAF rév.2 / NAF 2025 — 79.90Z → 79.90Y
81.10Z,Activités combinées de soutien lié aux bâtiments,81.10Y,Activités de soutien combinées pour les installations,1→1,https://www.insee.fr/fr/information/8201411,Insee — Correspondances NAF rév.2 / NAF 2025 — 81.10Z → 81.10Y
81.21Z,Nettoyage courant des bâtiments,81.21Y,Nettoyage courant des bâtiments,1→1,https://www.insee.fr/fr/information/8201411,Insee — Correspondances NAF rév.2 / NAF 2025 — 81.21Z → 81.21Y
81.22Z,Autres activités de nettoyage des bâtiments et nettoyage industriel,81.22Y,Autres activités de nettoyage des bâtiments et nettoyage industriel,1→1,https://www.insee.fr/fr/information/8201411,Insee — Correspondances NAF rév.2 / NAF 2025 — 81.22Z → 81.22Y
81.30Z,Services d'aménagement paysager,81.30Y,Activités de service d’aménagement paysager,1→1,https://www.insee.fr/fr/information/8201411,Insee — Correspondances NAF rév.2 / NAF 2025 — 81.30Z → 81.30Y
82.20Z,Activités de centres d'appels,82.20Y,Activités de centre d’appels,1→1,https://www.insee.fr/fr/information/8201411,Insee — Correspondances NAF rév.2 / NAF 2025 — 82.20Z → 82.20Y
82.30Z,"Organisation de foires, salons professionnels et congrès",82.30Y,Organisation de salons professionnels et congrès,1→1,https://www.insee.fr/fr/information/8201411,Insee — Correspondances NAF rév.2 / NAF 2025 — 82.30Z → 82.30Y
82.91Z,Activités des agences de recouvrement de factures et des sociétés d'information financière sur la clientèle,82.91Y,Activités d’agence de recouvrement et de bureau de crédit,1→1,https://www.insee.fr/fr/information/8201411,Insee — Correspondances NAF rév.2 / NAF 2025 — 82.91Z → 82.91Y
82.92Z,Activités de conditionnement,82.92Y,Activités de conditionnement,1→1,https://www.insee.fr/fr/information/8201411,Insee — Correspondances NAF rév.2 / NAF 2025 — 82.92Z → 82.92Y
82.99Z,Autres activités de soutien aux entreprises n.c.a.,82.99Y,Autres activités de service de soutien aux entreprises n.c.a.,1→1,https://www.insee.fr/fr/information/8201411,Insee — Correspondances NAF rév.2 / NAF 2025 — 82.99Z → 82.99Y
84.11Z,Administration publique générale,84.11Y,Activités d’administration publique générale,1→1,https://www.insee.fr/fr/information/8201411,Insee — Correspondances NAF rév.2 / NAF 2025 — 84.11Z → 84.11Y
84.12Z,"Administration publique (tutelle) de la santé, de la formation, de la culture et des services sociaux, autre que sécurité sociale",84.12Y,"Réglementation des soins de santé, de l’enseignement, des services culturels et des autres services sociaux",1→1,https://www.insee.fr/fr/information/8201411,Insee — Correspondances NAF rév.2 / NAF 2025 — 84.12Z → 84.12Y
84.13Z,Administration publique (tutelle) des activités économiques,84.13Y,Réglementation et contribution à l’amélioration de l’efficacité des activités économiques,1→1,https://www.insee.fr/fr/information/8201411,Insee — Correspondances NAF rév.2 / NAF 2025 — 84.13Z → 84.13Y
84.21Z,Affaires étrangères,84.21Y,Affaires étrangères,1→1,https://www.insee.fr/fr/information/8201411,Insee — Correspondances NAF rév.2 / NAF 2025 — 84.21Z → 84.21Y
84.22Z,Défense,84.22Y,Défense,1→1,https://www.insee.fr/fr/information/8201411,Insee — Correspondances NAF rév.2 / NAF 2025 — 84.22Z → 84.22Y
84.23Z,Justice,84.23Y,Justice,1→1,https://www.insee.fr/fr/information/8201411,Insee — Correspondances NAF rév.2 / NAF 2025 — 84.23Z → 84.23Y
84.24Z,Activités d’ordre public et de sécurité,84.24Y,Activités d’ordre public et de sécurité civile,1→1,https://www.insee.fr/fr/information/8201411,Insee — Correspondances NAF rév.2 / NAF 2025 — 84.24Z → 84.24Y
84.25Z,Services du feu et de secours,84.25Y,Activités de service d’incendie et de secours,1→1,https://www.insee.fr/fr/information/8201411,Insee — Correspondances NAF rév.2 / NAF 2025 — 84.25Z → 84.25Y
84.30A,Activités générales de sécurité sociale,84.30G,Activités générales de sécurité sociale,n↔n,https://www.insee.fr/fr/information/8201411,Insee — Correspondances NAF rév.2 / NAF 2025 — 84.30A → 84.30G
84.30A,Activités générales de sécurité sociale,84.30H,Gestion des retraites complémentaires,n↔n,https://www.insee.fr/fr/information/8201411,Insee — Correspondances NAF rév.2 / NAF 2025 — 84.30A → 84.30H
84.30A,Activités générales de sécurité sociale,84.30J,Distribution sociale de revenus,n↔n,https://www.insee.fr/fr/information/8201411,Insee — Correspondances NAF rév.2 / NAF 2025 — 84.30A → 84.30J
84.30B,Gestion des retraites complémentaires,84.30G,Activités générales de sécurité sociale,n↔n,https://www.insee.fr/fr/information/8201411,Insee — Correspondances NAF rév.2 / NAF 2025 — 84.30B → 84.30G
84.30B,Gestion des retraites complémentaires,84.30H,Gestion des retraites complémentaires,n↔n,https://www.insee.fr/fr/information/8201411,Insee — Correspondances NAF rév.2 / NAF 2025 — 84.30B → 84.30H
84.30B,Gestion des retraites complémentaires,84.30J,Distribution sociale de revenus,n↔n,https://www.insee.fr/fr/information/8201411,Insee — Correspondances NAF rév.2 / NAF 2025 — 84.30B → 84.30J
84.30C,Distribution sociale de revenus,84.30G,Activités générales de sécurité sociale,n↔n,https://www.insee.fr/fr/information/8201411,Insee — Correspondances NAF rév.2 / NAF 2025 — 84.30C → 84.30G
84.30C,Distribution sociale de revenus,84.30H,Gestion des retraites complémentaires,n↔n,https://www.insee.fr/fr/information/8201411,Insee — Correspondances NAF rév.2 / NAF 2025 — 84.30C → 84.30H
84.30C,Distribution sociale de revenus,84.30J,Distribution sociale de revenus,n↔n,https://www.insee.fr/fr/information/8201411,Insee — Correspondances NAF rév.2 / NAF 2025 — 84.30C → 84.30J
85.10Z,Enseignement pré-primaire,85.10Y,Enseignement pré-primaire,1→1,https://www.insee.fr/fr/information/8201411,Insee — Correspondances NAF rév.2 / NAF 2025 — 85.10Z → 85.10Y
85.20Z,Enseignement primaire,85.20Y,Enseignement primaire,1→1,https://www.insee.fr/fr/information/8201411,Insee — Correspondances NAF rév.2 / NAF 2025 — 85.20Z → 85.20Y
85.31Z,Enseignement secondaire général,85.31Y,Enseignement secondaire général,1→1,https://www.insee.fr/fr/information/8201411,Insee — Correspondances NAF rév.2 / NAF 2025 — 85.31Z → 85.31Y
85.32Z,Enseignement secondaire technique ou professionnel,85.32Y,Enseignement secondaire professionnel,1→1,https://www.insee.fr/fr/information/8201411,Insee — Correspondances NAF rév.2 / NAF 2025 — 85.32Z → 85.32Y
85.51Z,Enseignement de disciplines sportives et d'activités de loisirs,85.51Y,Enseignement de disciplines sportives et d’activités de loisirs,1→1,https://www.insee.fr/fr/information/8201411,Insee — Correspondances NAF rév.2 / NAF 2025 — 85.51Z → 85.51Y
85.52Z,Enseignement culturel,85.52Y,Enseignement culturel,1→1,https://www.insee.fr/fr/information/8201411,Insee — Correspondances NAF rév.2 / NAF 2025 — 85.52Z → 85.52Y
85.53Z,Enseignement de la conduite,85.53Y,Enseignement de la conduite,1→1,https://www.insee.fr/fr/information/8201411,Insee — Correspondances NAF rév.2 / NAF 2025 — 85.53Z → 85.53Y
85.59A,Formation continue d'adultes,85.59G,Formation continue d'adultes,n↔n,https://www.insee.fr/fr/information/8201411,Insee — Correspondances NAF rév.2 / NAF 2025 — 85.59A → 85.59G
85.59A,Formation continue d'adultes,85.59H,Tous les autres enseignements n.c.a.,n↔n,https://www.insee.fr/fr/information/8201411,Insee — Correspondances NAF rév.2 / NAF 2025 — 85.59A → 85.59H
85.59B,Autres enseignements,85.59G,Formation continue d'adultes,n↔n,https://www.insee.fr/fr/information/8201411,Insee — Correspondances NAF rév.2 / NAF 2025 — 85.59B → 85.59G
85.59B,Autres enseignements,85.59H,Tous les autres enseignements n.c.a.,n↔n,https://www.insee.fr/fr/information/8201411,Insee — Correspondances NAF rév.2 / NAF 2025 — 85.59B → 85.59H
86.10Z,Activités hospitalières,86.10Y,Activités hospitalières,1→1,https://www.insee.fr/fr/information/8201411,Insee — Correspondances NAF rév.2 / NAF 2025 — 86.10Z → 86.10Y
86.21Z,Activité des médecins généralistes,86.21Y,Activités de médecine générale,1→1,https://www.insee.fr/fr/information/8201411,Insee — Correspondances NAF rév.2 / NAF 2025 — 86.21Z → 86.21Y
86.22A,Activités de radiodiagnostic et de radiothérapie,86.22Y,Activités de médecine spécialisée,n→1,https://www.insee.fr/fr/information/8201411,Insee — Correspondances NAF rév.2 / NAF 2025 — 86.22A → 86.22Y
86.22B,Activités chirurgicales,86.22Y,Activités de médecine spécialisée,n→1,https://www.insee.fr/fr/information/8201411,Insee — Correspondances NAF rév.2 / NAF 2025 — 86.22B → 86.22Y
86.22C,Autres activités des médecins spécialistes,86.22Y,Activités de médecine spécialisée,n→1,https://www.insee.fr/fr/information/8201411,Insee — Correspondances NAF rév.2 / NAF 2025 — 86.22C → 86.22Y
86.23Z,Pratique dentaire,86.23Y,Activités de soins dentaires,1→1,https://www.insee.fr/fr/information/8201411,Insee — Correspondances NAF rév.2 / NAF 2025 — 86.23Z → 86.23Y
87.10A,Hébergement médicalisé pour personnes âgées,87.10G,Activités d’hébergement médicalisé pour personnes âgées,n↔n,https://www.insee.fr/fr/information/8201411,Insee — Correspondances NAF rév.2 / NAF 2025 — 87.10A → 87.10G
87.10A,Hébergement médicalisé pour personnes âgées,87.10H,Activités d’hébergement médicalisé pour enfants en situation de handicap,n↔n,https://www.insee.fr/fr/information/8201411,Insee — Correspondances NAF rév.2 / NAF 2025 — 87.10A → 87.10H
87.10A,Hébergement médicalisé pour personnes âgées,87.10J,Activités d’hébergement médicalisé pour adultes en situation de handicap et autres activités d’hébergement médicalisé,n↔n,https://www.insee.fr/fr/information/8201411,Insee — Correspondances NAF rév.2 / NAF 2025 — 87.10A → 87.10J
87.10B,Hébergement médicalisé pour enfants handicapés,87.10G,Activités d’hébergement médicalisé pour personnes âgées,n↔n,https://www.insee.fr/fr/information/8201411,Insee — Correspondances NAF rév.2 / NAF 2025 — 87.10B → 87.10G
87.10B,Hébergement médicalisé pour enfants handicapés,87.10H,Activités d’hébergement médicalisé pour enfants en situation de handicap,n↔n,https://www.insee.fr/fr/information/8201411,Insee — Correspondances NAF rév.2 / NAF 2025 — 87.10B → 87.10H
87.10B,Hébergement médicalisé pour enfants handicapés,87.10J,Activités d’hébergement médicalisé pour adultes en situation de handicap et autres activités d’hébergement médicalisé,n↔n,https://www.insee.fr/fr/information/8201411,Insee — Correspondances NAF rév.2 / NAF 2025 — 87.10B → 87.10J
87.10C,Hébergement médicalisé pour adultes handicapés et autre hébergement médicalisé,87.10G,Activités d’hébergement médicalisé pour personnes âgées,n↔n,https://www.insee.fr/fr/information/8201411,Insee — Correspondances NAF rév.2 / NAF 2025 — 87.10C → 87.10G
87.10C,Hébergement médicalisé pour adultes handicapés et autre hébergement médicalisé,87.10H,Activités d’hébergement médicalisé pour enfants en situation de handicap,n↔n,https://www.insee.fr/fr/information/8201411,Insee — Correspondances NAF rév.2 / NAF 2025 — 87.10C → 87.10H
87.10C,Hébergement médicalisé pour adultes handicapés et autre hébergement médicalisé,87.10J,Activités d’hébergement médicalisé pour adultes en situation de handicap et autres activités d’hébergement médicalisé,n↔n,https://www.insee.fr/fr/information/8201411,Insee — Correspondances NAF rév.2 / NAF 2025 — 87.10C → 87.10J
87.20A,Hébergement social pour handicapés mentaux et malades mentaux,87.20G,Activités d’hébergement social pour personnes souffrant de maladie mentale,n↔n,https://www.insee.fr/fr/information/8201411,Insee — Correspondances NAF rév.2 / NAF 2025 — 87.20A → 87.20G
87.20A,Hébergement social pour handicapés mentaux et malades mentaux,87.20H,Activités d’hébergement social pour personnes souffrant de toxicomanie,n↔n,https://www.insee.fr/fr/information/8201411,Insee — Correspondances NAF rév.2 / NAF 2025 — 87.20A → 87.20H
87.20B,Hébergement social pour toxicomanes,87.20G,Activités d’hébergement social pour personnes souffrant de maladie mentale,n↔n,https://www.insee.fr/fr/information/8201411,Insee — Correspondances NAF rév.2 / NAF 2025 — 87.20B → 87.20G
87.20B,Hébergement social pour toxicomanes,87.20H,Activités d’hébergement social pour personnes souffrant de toxicomanie,n↔n,https://www.insee.fr/fr/information/8201411,Insee — Correspondances NAF rév.2 / NAF 2025 — 87.20B → 87.20H
87.30A,Hébergement social pour personnes âgées,87.30G,Activités d’hébergement social pour personnes âgées,n↔n,https://www.insee.fr/fr/information/8201411,Insee — Correspondances NAF rév.2 / NAF 2025 — 87.30A → 87.30G
87.30A,Hébergement social pour personnes âgées,87.30H,Activités d’hébergement social pour personnes en situation de handicap physique,n↔n,https://www.insee.fr/fr/information/8201411,Insee — Correspondances NAF rév.2 / NAF 2025 — 87.30A → 87.30H
87.30B,Hébergement social pour handicapés  physiques,87.30G,Activités d’hébergement social pour personnes âgées,n↔n,https://www.insee.fr/fr/information/8201411,Insee — Correspondances NAF rév.2 / NAF 2025 — 87.30B → 87.30G
87.30B,Hébergement social pour handicapés  physiques,87.30H,Activités d’hébergement social pour personnes en situation de handicap physique,n↔n,https://www.insee.fr/fr/information/8201411,Insee — Correspondances NAF rév.2 / NAF 2025 — 87.30B → 87.30H
88.10A,Aide à domicile,88.10G,Activités d’action sociale à domicile,n↔n,https://www.insee.fr/fr/information/8201411,Insee — Correspondances NAF rév.2 / NAF 2025 — 88.10A → 88.10G
88.10A,Aide à domicile,88.10H,Activités d’accueil ou d’accompagnement sans hébergement d’adultes en situation de handicap ou de personnes âgées,n↔n,https://www.insee.fr/fr/information/8201411,Insee — Correspondances NAF rév.2 / NAF 2025 — 88.10A → 88.10H
88.10A,Aide à domicile,88.10J,"Activités de réadaptation professionnelle et réinsertion, aide par le travail",n↔n,https://www.insee.fr/fr/information/8201411,Insee — Correspondances NAF rév.2 / NAF 2025 — 88.10A → 88.10J
88.10B,Accueil ou accompagnement sans hébergement d’adultes handicapés ou de  personnes âgées,88.10G,Activités d’action sociale à domicile,n↔n,https://www.insee.fr/fr/information/8201411,Insee — Correspondances NAF rév.2 / NAF 2025 — 88.10B → 88.10G
88.10B,Accueil ou accompagnement sans hébergement d’adultes handicapés ou de  personnes âgées,88.10H,Activités d’accueil ou d’accompagnement sans hébergement d’adultes en situation de handicap ou de personnes âgées,n↔n,https://www.insee.fr/fr/information/8201411,Insee — Correspondances NAF rév.2 / NAF 2025 — 88.10B → 88.10H
88.10B,Accueil ou accompagnement sans hébergement d’adultes handicapés ou de  personnes âgées,88.10J,"Activités de réadaptation professionnelle et réinsertion, aide par le travail",n↔n,https://www.insee.fr/fr/information/8201411,Insee — Correspondances NAF rév.2 / NAF 2025 — 88.10B → 88.10J
88.10C,Aide par le travail,88.10G,Activités d’action sociale à domicile,n↔n,https://www.insee.fr/fr/information/8201411,Insee — Correspondances NAF rév.2 / NAF 2025 — 88.10C → 88.10G
88.10C,Aide par le travail,88.10H,Activités d’accueil ou d’accompagnement sans hébergement d’adultes en situation de handicap ou de personnes âgées,n↔n,https://www.insee.fr/fr/information/8201411,Insee — Correspondances NAF rév.2 / NAF 2025 — 88.10C → 88.10H
88.10C,Aide par le travail,88.10J,"Activités de réadaptation professionnelle et réinsertion, aide par le travail",n↔n,https://www.insee.fr/fr/information/8201411,Insee — Correspondances NAF rév.2 / NAF 2025 — 88.10C → 88.10J
88.91A,Accueil de jeunes enfants,88.91G,Accueil de jeunes enfants en structure collective,n↔n,https://www.insee.fr/fr/information/8201411,Insee — Correspondances NAF rév.2 / NAF 2025 — 88.91A → 88.91G
88.91A,Accueil de jeunes enfants,88.91H,Accueil de jeunes enfants à domicile,n↔n,https://www.insee.fr/fr/information/8201411,Insee — Correspondances NAF rév.2 / NAF 2025 — 88.91A → 88.91H
88.91A,Accueil de jeunes enfants,88.91J,Accueil ou accompagnement sans hébergement d’enfants en situation de handicap,n↔n,https://www.insee.fr/fr/information/8201411,Insee — Correspondances NAF rév.2 / NAF 2025 — 88.91A → 88.91J
88.91B,Accueil ou accompagnement sans hébergement d’enfants handicapés,88.91G,Accueil de jeunes enfants en structure collective,n↔n,https://www.insee.fr/fr/information/8201411,Insee — Correspondances NAF rév.2 / NAF 2025 — 88.91B → 88.91G
88.91B,Accueil ou accompagnement sans hébergement d’enfants handicapés,88.91H,Accueil de jeunes enfants à domicile,n↔n,https://www.insee.fr/fr/information/8201411,Insee — Correspondances NAF rév.2 / NAF 2025 — 88.91B → 88.91H
88.91B,Accueil ou accompagnement sans hébergement d’enfants handicapés,88.91J,Accueil ou accompagnement sans hébergement d’enfants en situation de handicap,n↔n,https://www.insee.fr/fr/information/8201411,Insee — Correspondances NAF rév.2 / NAF 2025 — 88.91B → 88.91J
88.99A,Autre accueil ou accompagnement sans hébergement d’enfants et d’adolescents,88.99G,Autre accueil ou accompagnement sans hébergement d’enfants et d’adolescents,n↔n,https://www.insee.fr/fr/information/8201411,Insee — Correspondances NAF rév.2 / NAF 2025 — 88.99A → 88.99G
88.99A,Autre accueil ou accompagnement sans hébergement d’enfants et d’adolescents,88.99H,Toutes les autres activités d’action sociale sans hébergement n.c.a.,n↔n,https://www.insee.fr/fr/information/8201411,Insee — Correspondances NAF rév.2 / NAF 2025 — 88.99A → 88.99H
88.99B,Action sociale sans hébergement n.c.a.,88.99G,Autre accueil ou accompagnement sans hébergement d’enfants et d’adolescents,n↔n,https://www.insee.fr/fr/information/8201411,Insee — Correspondances NAF rév.2 / NAF 2025 — 88.99B → 88.99G
88.99B,Action sociale sans hébergement n.c.a.,88.99H,Toutes les autres activités d’action sociale sans hébergement n.c.a.,n↔n,https://www.insee.fr/fr/information/8201411,Insee — Correspondances NAF rév.2 / NAF 2025 — 88.99B → 88.99H
92.00Z,Organisation de jeux de hasard et d'argent,92.00Y,Activités de jeux d’argent et de paris,1→1,https://www.insee.fr/fr/information/8201411,Insee — Correspondances NAF rév.2 / NAF 2025 — 92.00Z → 92.00Y
93.11Z,Gestion d'installations sportives,93.11Y,Gestion d’installations sportives,1→1,https://www.insee.fr/fr/information/8201411,Insee — Correspondances NAF rév.2 / NAF 2025 — 93.11Z → 93.11Y
93.12Z,Activités de clubs de sports,93.12Y,Activités des clubs de sports,1→1,https://www.insee.fr/fr/information/8201411,Insee — Correspondances NAF rév.2 / NAF 2025 — 93.12Z → 93.12Y
93.13Z,Activités des centres de culture physique,93.13Y,Activités des centres de fitness,1→1,https://www.insee.fr/fr/information/8201411,Insee — Correspondances NAF rév.2 / NAF 2025 — 93.13Z → 93.13Y
93.19Z,Autres activités liées au sport,93.19Y,Autres activités sportives n.c.a.,1→1,https://www.insee.fr/fr/information/8201411,Insee — Correspondances NAF rév.2 / NAF 2025 — 93.19Z → 93.19Y
93.21Z,Activités des parcs d'attractions et parcs à thèmes,93.21Y,Activités des parcs d’attractions et parcs à thème,1→1,https://www.insee.fr/fr/information/8201411,Insee — Correspondances NAF rév.2 / NAF 2025 — 93.21Z → 93.21Y
93.29Z,Autres activités récréatives et de loisirs,93.29Y,Activités récréatives et de loisirs n.c.a.,1→1,https://www.insee.fr/fr/information/8201411,Insee — Correspondances NAF rév.2 / NAF 2025 — 93.29Z → 93.29Y
94.11Z,Activités des organisations patronales et consulaires,94.11Y,Activités des organisations patronales et des chambres représentatives,1→1,https://www.insee.fr/fr/information/8201411,Insee — Correspondances NAF rév.2 / NAF 2025 — 94.11Z → 94.11Y
94.12Z,Activités des organisations professionnelles,94.12Y,Activités des organisations professionnelles,1→1,https://www.insee.fr/fr/information/8201411,Insee — Correspondances NAF rév.2 / NAF 2025 — 94.12Z → 94.12Y
94.20Z,Activités des syndicats de salariés,94.20Y,Activités des syndicats de salariés,1→1,https://www.insee.fr/fr/information/8201411,Insee — Correspondances NAF rév.2 / NAF 2025 — 94.20Z → 94.20Y
94.91Z,Activités des organisations religieuses,94.91Y,Activités des organisations religieuses,1→1,https://www.insee.fr/fr/information/8201411,Insee — Correspondances NAF rév.2 / NAF 2025 — 94.91Z → 94.91Y
94.92Z,Activités des organisations politiques,94.92Y,Activités des organisations politiques,1→1,https://www.insee.fr/fr/information/8201411,Insee — Correspondances NAF rév.2 / NAF 2025 — 94.92Z → 94.92Y
94.99Z,Autres organisations fonctionnant par adhésion volontaire,94.99Y,Activités des organisations associatives n.c.a.,1→1,https://www.insee.fr/fr/information/8201411,Insee — Correspondances NAF rév.2 / NAF 2025 — 94.99Z → 94.99Y
95.21Z,Réparation de produits électroniques grand public,95.21Y,Réparation et entretien de produits électroniques grand public,1→1,https://www.insee.fr/fr/information/8201411,Insee — Correspondances NAF rév.2 / NAF 2025 — 95.21Z → 95.21Y
95.22Z,Réparation d'appareils électroménagers et d'équipements pour la maison et le jardin,95.22Y,Réparation et entretien d’appareils électroménagers et d’équipements pour la maison et le jardin,1→1,https://www.insee.fr/fr/information/8201411,Insee — Correspondances NAF rév.2 / NAF 2025 — 95.22Z → 95.22Y
95.23Z,Réparation de chaussures et d'articles en cuir,95.23Y,Réparation et entretien de chaussures et d’articles en cuir,1→1,https://www.insee.fr/fr/information/8201411,Insee — Correspondances NAF rév.2 / NAF 2025 — 95.23Z → 95.23Y
95.24Z,Réparation de meubles et d'équipements du foyer,95.24Y,Réparation et entretien de meubles et d’équipements du foyer,1→1,https://www.insee.fr/fr/information/8201411,Insee — Correspondances NAF rév.2 / NAF 2025 — 95.24Z → 95.24Y
95.25Z,Réparation d'articles d'horlogerie et de bijouterie,95.25Y,Réparation et entretien d’articles d’horlogerie et de bijouterie,1→1,https://www.insee.fr/fr/information/8201411,Insee — Correspondances NAF rév.2 / NAF 2025 — 95.25Z → 95.25Y
95.29Z,Réparation d'autres biens personnels et domestiques,95.29G,Réparation et entretien de cycles et autres engins de la mobilité douce,1→n,https://www.insee.fr/fr/information/8201411,Insee — Correspondances NAF rév.2 / NAF 2025 — 95.29Z → 95.29G
95.29Z,Réparation d'autres biens personnels et domestiques,95.29H,Réparation et entretien de tous les autres biens personnels ou domestiques n.c.a.,1→n,https://www.insee.fr/fr/information/8201411,Insee — Correspondances NAF rév.2 / NAF 2025 — 95.29Z → 95.29H
97.00Z,Activités des ménages en tant qu'employeurs de personnel domestique,97.00Y,Activités des ménages en tant qu’employeurs de personnel domestique,1→1,https://www.insee.fr/fr/information/8201411,Insee — Correspondances NAF rév.2 / NAF 2025 — 97.00Z → 97.00Y
98.10Z,Activités indifférenciées des ménages en tant que producteurs de biens pour usage propre,98.10Y,Activités indifférenciées des ménages en tant que producteurs de biens pour usage propre,1→1,https://www.insee.fr/fr/information/8201411,Insee — Correspondances NAF rév.2 / NAF 2025 — 98.10Z → 98.10Y
98.20Z,Activités indifférenciées des ménages en tant que producteurs de services pour usage propre,98.20Y,Activités indifférenciées des ménages en tant que producteurs de services pour usage propre,1→1,https://www.insee.fr/fr/information/8201411,Insee — Correspondances NAF rév.2 / NAF 2025 — 98.20Z → 98.20Y
99.00Z,Activités des organisations et organismes extraterritoriaux,99.00Y,Activités des organisations et organismes extraterritoriaux,1→1,https://www.insee.fr/fr/information/8201411,Insee — Correspondances NAF rév.2 / NAF 2025 — 99.00Z → 99.00Y
