version,section_code,section_label,division_code,division_label,group_code,group_label,class_code,class_label,subclass_code,subclass_label,notes_include,notes_exclude,source_url,source_reference
NAF 2025,A,"AGRICULTURE, SYLVICULTURE ET PÊCHE",01,"Culture et production animale, chasse et services annexes",01.1,Cultures non permanentes,01.11,"Culture de céréales, à l’exception du riz, de légumineuses et de graines oléagineuses",01.11Y,"Culture de céréales, à l’exception du riz, de légumineuses et de graines oléagineuses",,,https://www.insee.fr/fr/metadonnees/naf2025/sousClasse/01.11Y,Insee — NAF 2025 — sous-classe 01.11Y
NAF 2025,A,"AGRICULTURE, SYLVICULTURE ET PÊCHE",01,"Culture et production animale, chasse et services annexes",01.1,Cultures non permanentes,01.12,Culture du riz,01.12Y,Culture du riz,,,https://www.insee.fr/fr/metadonnees/naf2025/sousClasse/01.12Y,Insee — NAF 2025 — sous-classe 01.12Y
NAF 2025,A,"AGRICULTURE, SYLVICULTURE ET PÊCHE",01,"Culture et production animale, chasse et services annexes",01.1,Cultures non permanentes,01.13,"Culture de légumes, de melons, de racines et de tubercules",01.13Y,"Culture de légumes, de melons, de racines et de tubercules",,,https://www.insee.fr/fr/metadonnees/naf2025/sousClasse/01.13Y,Insee — NAF 2025 — sous-classe 01.13Y
NAF 2025,A,"AGRICULTURE, SYLVICULTURE ET PÊCHE",01,"Culture et production animale, chasse et services annexes",01.1,Cultures non permanentes,01.14,Culture de la canne à sucre,01.14Y,Culture de la canne à sucre,,,https://www.insee.fr/fr/metadonnees/naf2025/sousClasse/01.14Y,Insee — NAF 2025 — sous-classe 01.14Y
NAF 2025,A,"AGRICULTURE, SYLVICULTURE ET PÊCHE",01,"Culture et production animale, chasse et services annexes",01.1,Cultures non permanentes,01.15,Culture du tabac,01.15Y,Culture du tabac,,,https://www.insee.fr/fr/metadonnees/naf2025/sousClasse/01.15Y,Insee — NAF 2025 — sous-classe 01.15Y
NAF 2025,A,"AGRICULTURE, SYLVICULTURE ET PÊCHE",01,"Culture et production animale, chasse et services annexes",01.1,Cultures non permanentes,01.16,Culture de plantes à fibres,01.16Y,Culture de plantes à fibres,,,https://www.insee.fr/fr/metadonnees/naf2025/sousClasse/01.16Y,Insee — NAF 2025 — sous-classe 01.16Y
NAF 2025,A,"AGRICULTURE, SYLVICULTURE ET PÊCHE",01,"Culture et production animale, chasse et services annexes",01.1,Cultures non permanentes,01.19,Autres cultures non permanentes,01.19Y,Autres cultures non permanentes,,,https://www.insee.fr/fr/metadonnees/naf2025/sousClasse/01.19Y,Insee — NAF 2025 — sous-classe 01.19Y
NAF 2025,A,"AGRICULTURE, SYLVICULTURE ET PÊCHE",01,"Culture et production animale, chasse et services annexes",01.2,Cultures permanentes,01.21,Culture de la vigne,01.21Y,Culture de la vigne,,,https://www.insee.fr/fr/metadonnees/naf2025/sousClasse/01.21Y,Insee — NAF 2025 — sous-classe 01.21Y
NAF 2025,A,"AGRICULTURE, SYLVICULTURE ET PÊCHE",01,"Culture et production animale, chasse et services annexes",01.2,Cultures permanentes,01.22,Culture de fruits tropicaux et subtropicaux,01.22Y,Culture de fruits tropicaux et subtropicaux,,,https://www.insee.fr/fr/metadonnees/naf2025/sousClasse/01.22Y,Insee — NAF 2025 — sous-classe 01.22Y
NAF 2025,A,"AGRICULTURE, SYLVICULTURE ET PÊCHE",01,"Culture et production animale, chasse et services annexes",01.2,Cultures permanentes,01.23,Culture d’agrumes,01.23Y,Culture d’agrumes,,,https://www.insee.fr/fr/metadonnees/naf2025/sousClasse/01.23Y,Insee — NAF 2025 — sous-classe 01.23Y
NAF 2025,A,"AGRICULTURE, SYLVICULTURE ET PÊCHE",01,"Culture et production animale, chasse et services annexes",01.2,Cultures permanentes,01.24,Culture de fruits à pépins et à noyau,01.24Y,Culture de fruits à pépins et à noyau,,,https://www.insee.fr/fr/metadonnees/naf2025/sousClasse/01.24Y,Insee — NAF 2025 — sous-classe 01.24Y
NAF 2025,A,"AGRICULTURE, SYLVICULTURE ET PÊCHE",01,"Culture et production animale, chasse et services annexes",01.2,Cultures permanentes,01.25,Culture d’autres fruits d’arbres ou d’arbustes et de fruits à coque,01.25Y,Culture d’autres fruits d’arbres ou d’arbustes et de fruits à coque,,,https://www.insee.fr/fr/metadonnees/naf2025/sousClasse/01.25Y,Insee — NAF 2025 — sous-classe 01.25Y
NAF 2025,A,"AGRICULTURE, SYLVICULTURE ET PÊCHE",01,"Culture et production animale, chasse et services annexes",01.2,Cultures permanentes,01.26,Culture de fruits oléagineux,01.26Y,Culture de fruits oléagineux,,,https://www.insee.fr/fr/metadonnees/naf2025/sousClasse/01.26Y,Insee — NAF 2025 — sous-classe 01.26Y
NAF 2025,A,"AGRICULTURE, SYLVICULTURE ET PÊCHE",01,"Culture et production animale, chasse et services annexes",01.2,Cultures permanentes,01.27,Culture de plantes à boissons,01.27Y,Culture de plantes à boissons,,,https://www.insee.fr/fr/metadonnees/naf2025/sousClasse/01.27Y,Insee — NAF 2025 — sous-classe 01.27Y
NAF 2025,A,"AGRICULTURE, SYLVICULTURE ET PÊCHE",01,"Culture et production animale, chasse et services annexes",01.2,Cultures permanentes,01.28,"Culture de plantes à épices, aromatiques, médicinales et pharmaceutiques",01.28Y,"Culture de plantes à épices, aromatiques, médicinales et pharmaceutiques",,,https://www.insee.fr/fr/metadonnees/naf2025/sousClasse/01.28Y,Insee — NAF 2025 — sous-classe 01.28Y
NAF 2025,A,"AGRICULTURE, SYLVICULTURE ET PÊCHE",01,"Culture et production animale, chasse et services annexes",01.2,Cultures permanentes,01.29,Autres cultures permanentes,01.29Y,Autres cultures permanentes,,,https://www.insee.fr/fr/metadonnees/naf2025/sousClasse/01.29Y,Insee — NAF 2025 — sous-classe 01.29Y
NAF 2025,A,"AGRICULTURE, SYLVICULTURE ET PÊCHE",01,"Culture et production animale, chasse et services annexes",01.3,Reproduction de plantes,01.30,Reproduction de plantes,01.30Y,Reproduction de plantes,,,https://www.insee.fr/fr/metadonnees/naf2025/sousClasse/01.30Y,Insee — NAF 2025 — sous-classe 01.30Y
NAF 2025,A,"AGRICULTURE, SYLVICULTURE ET PÊCHE",01,"Culture et production animale, chasse et services annexes",01.4,Production animale,01.41,Élevage de vaches laitières,01.41Y,Élevage de vaches laitières,,,https://www.insee.fr/fr/metadonnees/naf2025/sousClasse/01.41Y,Insee — NAF 2025 — sous-classe 01.41Y
NAF 2025,A,"AGRICULTURE, SYLVICULTURE ET PÊCHE",01,"Culture et production animale, chasse et services annexes",01.4,Production animale,01.42,Élevage d’autres bovins et de buffles,01.42Y,Élevage d’autres bovins et de buffles,,,https://www.insee.fr/fr/metadonnees/naf2025/sousClasse/01.42Y,Insee — NAF 2025 — sous-classe 01.42Y
NAF 2025,A,"AGRICULTURE, SYLVICULTURE ET PÊCHE",01,"Culture et production animale, chasse et services annexes",01.4,Production animale,01.43,Élevage de chevaux et d’autres équidés,01.43Y,Élevage de chevaux et d’autres équidés,,,https://www.insee.fr/fr/metadonnees/naf2025/sousClasse/01.43Y,Insee — NAF 2025 — sous-classe 01.43Y
NAF 2025,A,"AGRICULTURE, SYLVICULTURE ET PÊCHE",01,"Culture et production animale, chasse et services annexes",01.4,Production animale,01.44,Élevage de chameaux et d’autres camélidés,01.44Y,Élevage de chameaux et d’autres camélidés,,,https://www.insee.fr/fr/metadonnees/naf2025/sousClasse/01.44Y,Insee — NAF 2025 — sous-classe 01.44Y
NAF 2025,A,"AGRICULTURE, SYLVICULTURE ET PÊCHE",01,"Culture et production animale, chasse et services annexes",01.4,Production animale,01.45,Élevage d’ovins et de caprins,01.45Y,Élevage d’ovins et de caprins,,,https://www.insee.fr/fr/metadonnees/naf2025/sousClasse/01.45Y,Insee — NAF 2025 — sous-classe 01.45Y
NAF 2025,A,"AGRICULTURE, SYLVICULTURE ET PÊCHE",01,"Culture et production animale, chasse et services annexes",01.4,Production animale,01.46,Élevage de porcins,01.46Y,Élevage de porcins,,,https://www.insee.fr/fr/metadonnees/naf2025/sousClasse/01.46Y,Insee — NAF 2025 — sous-classe 01.46Y
NAF 2025,A,"AGRICULTURE, SYLVICULTURE ET PÊCHE",01,"Culture et production animale, chasse et services annexes",01.4,Production animale,01.47,Élevage de volailles,01.47Y,Élevage de volailles,,,https://www.insee.fr/fr/metadonnees/naf2025/sousClasse/01.47Y,Insee — NAF 2025 — sous-classe 01.47Y
NAF 2025,A,"AGRICULTURE, SYLVICULTURE ET PÊCHE",01,"Culture et production animale, chasse et services annexes",01.4,Production animale,01.48,Élevage d’autres animaux,01.48G,Apiculture,,,https://www.insee.fr/fr/metadonnees/naf2025/sousClasse/01.48G,Insee — NAF 2025 — sous-classe 01.48G
NAF 2025,A,"AGRICULTURE, SYLVICULTURE ET PÊCHE",01,"Culture et production animale, chasse et services annexes",01.4,Production animale,01.48,Élevage d’autres animaux,01.48H,Élevage d'autres animaux destinés à la consommation,,,https://www.insee.fr/fr/metadonnees/naf2025/sousClasse/01.48H,Insee — NAF 2025 — sous-classe 01.48H
NAF 2025,A,"AGRICULTURE, SYLVICULTURE ET PÊCHE",01,"Culture et production animale, chasse et services annexes",01.4,Production animale,01.48,Élevage d’autres animaux,01.48J,Élevage d'animaux de compagnie et d'autres animaux n.c.a.,,,https://www.insee.fr/fr/metadonnees/naf2025/sousClasse/01.48J,Insee — NAF 2025 — sous-classe 01.48J
NAF 2025,A,"AGRICULTURE, SYLVICULTURE ET PÊCHE",01,"Culture et production animale, chasse et services annexes",01.5,Culture et élevage associés,01.50,Culture et élevage associés,01.50Y,Culture et élevage associés,,,https://www.insee.fr/fr/metadonnees/naf2025/sousClasse/01.50Y,Insee — NAF 2025 — sous-classe 01.50Y
NAF 2025,A,"AGRICULTURE, SYLVICULTURE ET PÊCHE",01,"Culture et production animale, chasse et services annexes",01.6,Activités de soutien à l’agriculture et traitement primaire des récoltes,01.61,Activités de soutien aux cultures,01.61Y,Activités de soutien aux cultures,,,https://www.insee.fr/fr/metadonnees/naf2025/sousClasse/01.61Y,Insee — NAF 2025 — sous-classe 01.61Y
NAF 2025,A,"AGRICULTURE, SYLVICULTURE ET PÊCHE",01,"Culture et production animale, chasse et services annexes",01.6,Activités de soutien à l’agriculture et traitement primaire des récoltes,01.62,Activités de soutien à la production animale,01.62Y,Activités de soutien à la production animale,,,https://www.insee.fr/fr/metadonnees/naf2025/sousClasse/01.62Y,Insee — NAF 2025 — sous-classe 01.62Y
NAF 2025,A,"AGRICULTURE, SYLVICULTURE ET PÊCHE",01,"Culture et production animale, chasse et services annexes",01.6,Activités de soutien à l’agriculture et traitement primaire des récoltes,01.63,Traitement primaire des récoltes et traitement des semences,01.63Y,Traitement primaire des récoltes et traitement des semences,,,https://www.insee.fr/fr/metadonnees/naf2025/sousClasse/01.63Y,Insee — NAF 2025 — sous-classe 01.63Y
NAF 2025,A,"AGRICULTURE, SYLVICULTURE ET PÊCHE",01,"Culture et production animale, chasse et services annexes",01.7,"Chasse, piégeage et activités de service connexes",01.70,"Chasse, piégeage et activités de service connexes",01.70Y,"Chasse, piégeage et activités de service connexes",,,https://www.insee.fr/fr/metadonnees/naf2025/sousClasse/01.70Y,Insee — NAF 2025 — sous-classe 01.70Y
NAF 2025,A,"AGRICULTURE, SYLVICULTURE ET PÊCHE",02,Sylviculture et exploitation forestière,02.1,Sylviculture et autres activités forestières,02.10,Sylviculture et autres activités forestières,02.10Y,Sylviculture et autres activités forestières,,,https://www.insee.fr/fr/metadonnees/naf2025/sousClasse/02.10Y,Insee — NAF 2025 — sous-classe 02.10Y
NAF 2025,A,"AGRICULTURE, SYLVICULTURE ET PÊCHE",02,Sylviculture et exploitation forestière,02.2,Exploitation forestière,02.20,Exploitation forestière,02.20Y,Exploitation forestière,,,https://www.insee.fr/fr/metadonnees/naf2025/sousClasse/02.20Y,Insee — NAF 2025 — sous-classe 02.20Y
NAF 2025,A,"AGRICULTURE, SYLVICULTURE ET PÊCHE",02,Sylviculture et exploitation forestière,02.3,Récolte de produits forestiers non ligneux poussant à l’état sauvage,02.30,Récolte de produits forestiers non ligneux poussant à l’état sauvage,02.30Y,Récolte de produits forestiers non ligneux poussant à l’état sauvage,,,https://www.insee.fr/fr/metadonnees/naf2025/sousClasse/02.30Y,Insee — NAF 2025 — sous-classe 02.30Y
NAF 2025,A,"AGRICULTURE, SYLVICULTURE ET PÊCHE",02,Sylviculture et exploitation forestière,02.4,Activités de soutien à l’exploitation forestière,02.40,Activités de soutien à l’exploitation forestière,02.40Y,Activités de soutien à l’exploitation forestière,,,https://www.insee.fr/fr/metadonnees/naf2025/sousClasse/02.40Y,Insee — NAF 2025 — sous-classe 02.40Y
NAF 2025,A,"AGRICULTURE, SYLVICULTURE ET PÊCHE",03,Pêche et aquaculture,03.1,Pêche,03.11,Pêche en mer,03.11Y,Pêche en mer,,,https://www.insee.fr/fr/metadonnees/naf2025/sousClasse/03.11Y,Insee — NAF 2025 — sous-classe 03.11Y
NAF 2025,A,"AGRICULTURE, SYLVICULTURE ET PÊCHE",03,Pêche et aquaculture,03.1,Pêche,03.12,Pêche en eau douce,03.12Y,Pêche en eau douce,,,https://www.insee.fr/fr/metadonnees/naf2025/sousClasse/03.12Y,Insee — NAF 2025 — sous-classe 03.12Y
NAF 2025,A,"AGRICULTURE, SYLVICULTURE ET PÊCHE",03,Pêche et aquaculture,03.2,Aquaculture,03.21,Aquaculture en mer,03.21Y,Aquaculture en mer,,,https://www.insee.fr/fr/metadonnees/naf2025/sousClasse/03.21Y,Insee — NAF 2025 — sous-classe 03.21Y
NAF 2025,A,"AGRICULTURE, SYLVICULTURE ET PÊCHE",03,Pêche et aquaculture,03.2,Aquaculture,03.22,Aquaculture en eau douce,03.22Y,Aquaculture en eau douce,,,https://www.insee.fr/fr/metadonnees/naf2025/sousClasse/03.22Y,Insee — NAF 2025 — sous-classe 03.22Y
NAF 2025,A,"AGRICULTURE, SYLVICULTURE ET PÊCHE",03,Pêche et aquaculture,03.3,Activités de soutien à la pêche et l’aquaculture,03.30,Activités de soutien à la pêche et l’aquaculture,03.30Y,Activités de soutien à la pêche et l’aquaculture,,,https://www.insee.fr/fr/metadonnees/naf2025/sousClasse/03.30Y,Insee — NAF 2025 — sous-classe 03.30Y
NAF 2025,B,INDUSTRIES EXTRACTIVES,05,Extraction de houille et de lignite,05.1,Extraction de houille,05.10,Extraction de houille,05.10Y,Extraction de houille,,,https://www.insee.fr/fr/metadonnees/naf2025/sousClasse/05.10Y,Insee — NAF 2025 — sous-classe 05.10Y
NAF 2025,B,INDUSTRIES EXTRACTIVES,05,Extraction de houille et de lignite,05.2,Extraction de lignite,05.20,Extraction de lignite,05.20Y,Extraction de lignite,,,https://www.insee.fr/fr/metadonnees/naf2025/sousClasse/05.20Y,Insee — NAF 2025 — sous-classe 05.20Y
NAF 2025,B,INDUSTRIES EXTRACTIVES,06,Extraction d’hydrocarbures,06.1,Extraction de pétrole brut,06.10,Extraction de pétrole brut,06.10Y,Extraction de pétrole brut,,,https://www.insee.fr/fr/metadonnees/naf2025/sousClasse/06.10Y,Insee — NAF 2025 — sous-classe 06.10Y
NAF 2025,B,INDUSTRIES EXTRACTIVES,06,Extraction d’hydrocarbures,06.2,Extraction de gaz naturel,06.20,Extraction de gaz naturel,06.20Y,Extraction de gaz naturel,,,https://www.insee.fr/fr/metadonnees/naf2025/sousClasse/06.20Y,Insee — NAF 2025 — sous-classe 06.20Y
NAF 2025,B,INDUSTRIES EXTRACTIVES,07,Extraction de minerais métalliques,07.1,Extraction de minerais de fer,07.10,Extraction de minerais de fer,07.10Y,Extraction de minerais de fer,,,https://www.insee.fr/fr/metadonnees/naf2025/sousClasse/07.10Y,Insee — NAF 2025 — sous-classe 07.10Y
NAF 2025,B,INDUSTRIES EXTRACTIVES,07,Extraction de minerais métalliques,07.2,Extraction de minerais de métaux non ferreux,07.21,Extraction de minerais d’uranium et de thorium,07.21Y,Extraction de minerais d’uranium et de thorium,,,https://www.insee.fr/fr/metadonnees/naf2025/sousClasse/07.21Y,Insee — NAF 2025 — sous-classe 07.21Y
NAF 2025,B,INDUSTRIES EXTRACTIVES,07,Extraction de minerais métalliques,07.2,Extraction de minerais de métaux non ferreux,07.29,Extraction d’autres minerais de métaux non ferreux,07.29Y,Extraction d’autres minerais de métaux non ferreux,,,https://www.insee.fr/fr/metadonnees/naf2025/sousClasse/07.29Y,Insee — NAF 2025 — sous-classe 07.29Y
NAF 2025,B,INDUSTRIES EXTRACTIVES,08,Autres industries extractives,08.1,"Extraction de pierres, de sables et d’argiles",08.11,"Extraction de pierres ornementales, de calcaire industriel, de gypse, d’ardoise et d’autres pierres",08.11Y,"Extraction de pierres ornementales, de calcaire industriel, de gypse, d’ardoise et d’autres pierres",,,https://www.insee.fr/fr/metadonnees/naf2025/sousClasse/08.11Y,Insee — NAF 2025 — sous-classe 08.11Y
NAF 2025,B,INDUSTRIES EXTRACTIVES,08,Autres industries extractives,08.1,"Extraction de pierres, de sables et d’argiles",08.12,"Exploitation de gravières et sablières, extraction d’argiles et de kaolin",08.12Y,"Exploitation de gravières et sablières, extraction d’argiles et de kaolin",,,https://www.insee.fr/fr/metadonnees/naf2025/sousClasse/08.12Y,Insee — NAF 2025 — sous-classe 08.12Y
NAF 2025,B,INDUSTRIES EXTRACTIVES,08,Autres industries extractives,08.9,Activités extractives n.c.a.,08.91,Extraction de minéraux chimiques et d’engrais minéraux,08.91Y,Extraction de minéraux chimiques et d’engrais minéraux,,,https://www.insee.fr/fr/metadonnees/naf2025/sousClasse/08.91Y,Insee — NAF 2025 — sous-classe 08.91Y
NAF 2025,B,INDUSTRIES EXTRACTIVES,08,Autres industries extractives,08.9,Activités extractives n.c.a.,08.92,Extraction de tourbe,08.92Y,Extraction de tourbe,,,https://www.insee.fr/fr/metadonnees/naf2025/sousClasse/08.92Y,Insee — NAF 2025 — sous-classe 08.92Y
NAF 2025,B,INDUSTRIES EXTRACTIVES,08,Autres industries extractives,08.9,Activités extractives n.c.a.,08.93,Production de sel,08.93Y,Production de sel,,,https://www.insee.fr/fr/metadonnees/naf2025/sousClasse/08.93Y,Insee — NAF 2025 — sous-classe 08.93Y
NAF 2025,B,INDUSTRIES EXTRACTIVES,08,Autres industries extractives,08.9,Activités extractives n.c.a.,08.99,Autres activités extractives n.c.a.,08.99Y,Autres activités extractives n.c.a.,,,https://www.insee.fr/fr/metadonnees/naf2025/sousClasse/08.99Y,Insee — NAF 2025 — sous-classe 08.99Y
NAF 2025,B,INDUSTRIES EXTRACTIVES,09,Activités de soutien aux industries extractives,09.1,Activités de soutien à l’extraction d’hydrocarbures,09.10,Activités de soutien à l’extraction d’hydrocarbures,09.10Y,Activités de soutien à l’extraction d’hydrocarbures,,,https://www.insee.fr/fr/metadonnees/naf2025/sousClasse/09.10Y,Insee — NAF 2025 — sous-classe 09.10Y
NAF 2025,B,INDUSTRIES EXTRACTIVES,09,Activités de soutien aux industries extractives,09.9,Activités de soutien aux autres industries extractives,09.90,Activités de soutien aux autres industries extractives,09.90Y,Activités de soutien aux autres industries extractives,,,https://www.insee.fr/fr/metadonnees/naf2025/sousClasse/09.90Y,Insee — NAF 2025 — sous-classe 09.90Y
NAF 2025,C,INDUSTRIE MANUFACTURIÈRE,10,Industries alimentaires,10.1,Transformation et conservation de la viande et préparation de produits à base de viande,10.11,"Transformation et conservation de la viande, à l’exception de la viande de volaille",10.11Y,"Transformation et conservation de la viande, à l’exception de la viande de volaille",,,https://www.insee.fr/fr/metadonnees/naf2025/sousClasse/10.11Y,Insee — NAF 2025 — sous-classe 10.11Y
NAF 2025,C,INDUSTRIE MANUFACTURIÈRE,10,Industries alimentaires,10.1,Transformation et conservation de la viande et préparation de produits à base de viande,10.12,Transformation et conservation de la viande de volaille,10.12Y,Transformation et conservation de la viande de volaille,,,https://www.insee.fr/fr/metadonnees/naf2025/sousClasse/10.12Y,Insee — NAF 2025 — sous-classe 10.12Y
NAF 2025,C,INDUSTRIE MANUFACTURIÈRE,10,Industries alimentaires,10.1,Transformation et conservation de la viande et préparation de produits à base de viande,10.13,Préparation de produits à base de viande et viande de volaille,10.13G,Préparation industrielle de produits à base de viande,,,https://www.insee.fr/fr/metadonnees/naf2025/sousClasse/10.13G,Insee — NAF 2025 — sous-classe 10.13G
NAF 2025,C,INDUSTRIE MANUFACTURIÈRE,10,Industries alimentaires,10.1,Transformation et conservation de la viande et préparation de produits à base de viande,10.13,Préparation de produits à base de viande et viande de volaille,10.13H,Préparation de produits à base de viande associée à leur vente au détail,,,https://www.insee.fr/fr/metadonnees/naf2025/sousClasse/10.13H,Insee — NAF 2025 — sous-classe 10.13H
NAF 2025,C,INDUSTRIE MANUFACTURIÈRE,10,Industries alimentaires,10.2,"Transformation et conservation de poisson, de crustacés et de mollusques",10.20,"Transformation et conservation de poisson, de crustacés et de mollusques",10.20Y,"Transformation et conservation de poisson, de crustacés et de mollusques",,,https://www.insee.fr/fr/metadonnees/naf2025/sousClasse/10.20Y,Insee — NAF 2025 — sous-classe 10.20Y
NAF 2025,C,INDUSTRIE MANUFACTURIÈRE,10,Industries alimentaires,10.3,Transformation et conservation de fruits et légumes,10.31,Transformation et conservation de pommes de terre,10.31Y,Transformation et conservation de pommes de terre,,,https://www.insee.fr/fr/metadonnees/naf2025/sousClasse/10.31Y,Insee — NAF 2025 — sous-classe 10.31Y
NAF 2025,C,INDUSTRIE MANUFACTURIÈRE,10,Industries alimentaires,10.3,Transformation et conservation de fruits et légumes,10.32,Préparation de jus de fruits et légumes,10.32Y,Préparation de jus de fruits et légumes,,,https://www.insee.fr/fr/metadonnees/naf2025/sousClasse/10.32Y,Insee — NAF 2025 — sous-classe 10.32Y
NAF 2025,C,INDUSTRIE MANUFACTURIÈRE,10,Industries alimentaires,10.3,Transformation et conservation de fruits et légumes,10.39,Autre transformation et conservation de fruits et légumes,10.39G,Autre transformation et conservation de légumes,,,https://www.insee.fr/fr/metadonnees/naf2025/sousClasse/10.39G,Insee — NAF 2025 — sous-classe 10.39G
NAF 2025,C,INDUSTRIE MANUFACTURIÈRE,10,Industries alimentaires,10.3,Transformation et conservation de fruits et légumes,10.39,Autre transformation et conservation de fruits et légumes,10.39H,Autre transformation et conservation de fruits,,,https://www.insee.fr/fr/metadonnees/naf2025/sousClasse/10.39H,Insee — NAF 2025 — sous-classe 10.39H
NAF 2025,C,INDUSTRIE MANUFACTURIÈRE,10,Industries alimentaires,10.4,Fabrication d’huiles et graisses végétales et animales,10.41,Fabrication d’huiles et graisses,10.41Y,Fabrication d’huiles et graisses,,,https://www.insee.fr/fr/metadonnees/naf2025/sousClasse/10.41Y,Insee — NAF 2025 — sous-classe 10.41Y
NAF 2025,C,INDUSTRIE MANUFACTURIÈRE,10,Industries alimentaires,10.4,Fabrication d’huiles et graisses végétales et animales,10.42,Fabrication de margarine et graisses comestibles similaires,10.42Y,Fabrication de margarine et graisses comestibles similaires,,,https://www.insee.fr/fr/metadonnees/naf2025/sousClasse/10.42Y,Insee — NAF 2025 — sous-classe 10.42Y
NAF 2025,C,INDUSTRIE MANUFACTURIÈRE,10,Industries alimentaires,10.5,Fabrication de produits laitiers et de glace alimentaire,10.51,Fabrication de produits laitiers,10.51G,"Fabrication de lait liquide, crèmes de lait et laits fermentés",,,https://www.insee.fr/fr/metadonnees/naf2025/sousClasse/10.51G,Insee — NAF 2025 — sous-classe 10.51G
NAF 2025,C,INDUSTRIE MANUFACTURIÈRE,10,Industries alimentaires,10.5,Fabrication de produits laitiers et de glace alimentaire,10.51,Fabrication de produits laitiers,10.51H,Fabrication de fromage,,,https://www.insee.fr/fr/metadonnees/naf2025/sousClasse/10.51H,Insee — NAF 2025 — sous-classe 10.51H
NAF 2025,C,INDUSTRIE MANUFACTURIÈRE,10,Industries alimentaires,10.5,Fabrication de produits laitiers et de glace alimentaire,10.51,Fabrication de produits laitiers,10.51J,Fabrication de beurre et d'autres produits laitiers,,,https://www.insee.fr/fr/metadonnees/naf2025/sousClasse/10.51J,Insee — NAF 2025 — sous-classe 10.51J
NAF 2025,C,INDUSTRIE MANUFACTURIÈRE,10,Industries alimentaires,10.5,Fabrication de produits laitiers et de glace alimentaire,10.52,Fabrication de crèmes glacées et autres glaces alimentaires,10.52Y,Fabrication de crèmes glacées et autres glaces alimentaires,,,https://www.insee.fr/fr/metadonnees/naf2025/sousClasse/10.52Y,Insee — NAF 2025 — sous-classe 10.52Y
NAF 2025,C,INDUSTRIE MANUFACTURIÈRE,10,Industries alimentaires,10.6,Travail des grains ; fabrication de produits amylacés,10.61,Travail des grains,10.61G,Meunerie,,,https://www.insee.fr/fr/metadonnees/naf2025/sousClasse/10.61G,Insee — NAF 2025 — sous-classe 10.61G
NAF 2025,C,INDUSTRIE MANUFACTURIÈRE,10,Industries alimentaires,10.6,Travail des grains ; fabrication de produits amylacés,10.61,Travail des grains,10.61H,Autres activités du travail des grains,,,https://www.insee.fr/fr/metadonnees/naf2025/sousClasse/10.61H,Insee — NAF 2025 — sous-classe 10.61H
NAF 2025,C,INDUSTRIE MANUFACTURIÈRE,10,Industries alimentaires,10.6,Travail des grains ; fabrication de produits amylacés,10.62,Fabrication de produits amylacés,10.62Y,Fabrication de produits amylacés,,,https://www.insee.fr/fr/metadonnees/naf2025/sousClasse/10.62Y,Insee — NAF 2025 — sous-classe 10.62Y
NAF 2025,C,INDUSTRIE MANUFACTURIÈRE,10,Industries alimentaires,10.7,Fabrication de produits de boulangerie-pâtisserie et de pâtes alimentaires,10.71,Fabrication de pain ; fabrication de pâtisserie fraîche,10.71G,Fabrication industrielle de pain et de pâtisserie fraîche,,,https://www.insee.fr/fr/metadonnees/naf2025/sousClasse/10.71G,Insee — NAF 2025 — sous-classe 10.71G
NAF 2025,C,INDUSTRIE MANUFACTURIÈRE,10,Industries alimentaires,10.7,Fabrication de produits de boulangerie-pâtisserie et de pâtes alimentaires,10.71,Fabrication de pain ; fabrication de pâtisserie fraîche,10.71H,Fabrication de pain et d'autres produits de boulangerie-pâtisserie associée à leur vente au détail,,,https://www.insee.fr/fr/metadonnees/naf2025/sousClasse/10.71H,Insee — NAF 2025 — sous-classe 10.71H
NAF 2025,C,INDUSTRIE MANUFACTURIÈRE,10,Industries alimentaires,10.7,Fabrication de produits de boulangerie-pâtisserie et de pâtes alimentaires,10.71,Fabrication de pain ; fabrication de pâtisserie fraîche,10.71J,Fabrication de pâtisserie fraîche associée à sa vente au détail,,,https://www.insee.fr/fr/metadonnees/naf2025/sousClasse/10.71J,Insee — NAF 2025 — sous-classe 10.71J
NAF 2025,C,INDUSTRIE MANUFACTURIÈRE,10,Industries alimentaires,10.7,Fabrication de produits de boulangerie-pâtisserie et de pâtes alimentaires,10.72,"Fabrication de biscuits, biscottes et pâtisseries de conservation",10.72Y,"Fabrication de biscuits, biscottes et pâtisseries de conservation",,,https://www.insee.fr/fr/metadonnees/naf2025/sousClasse/10.72Y,Insee — NAF 2025 — sous-classe 10.72Y
NAF 2025,C,INDUSTRIE MANUFACTURIÈRE,10,Industries alimentaires,10.7,Fabrication de produits de boulangerie-pâtisserie et de pâtes alimentaires,10.73,Fabrication de pâtes alimentaires,10.73Y,Fabrication de pâtes alimentaires,,,https://www.insee.fr/fr/metadonnees/naf2025/sousClasse/10.73Y,Insee — NAF 2025 — sous-classe 10.73Y
NAF 2025,C,INDUSTRIE MANUFACTURIÈRE,10,Industries alimentaires,10.8,Fabrication d’autres produits alimentaires,10.81,Fabrication de sucre,10.81Y,Fabrication de sucre,,,https://www.insee.fr/fr/metadonnees/naf2025/sousClasse/10.81Y,Insee — NAF 2025 — sous-classe 10.81Y
NAF 2025,C,INDUSTRIE MANUFACTURIÈRE,10,Industries alimentaires,10.8,Fabrication d’autres produits alimentaires,10.82,"Fabrication de cacao, de chocolat et de produits de confiserie",10.82Y,"Fabrication de cacao, de chocolat et de produits de confiserie",,,https://www.insee.fr/fr/metadonnees/naf2025/sousClasse/10.82Y,Insee — NAF 2025 — sous-classe 10.82Y
NAF 2025,C,INDUSTRIE MANUFACTURIÈRE,10,Industries alimentaires,10.8,Fabrication d’autres produits alimentaires,10.83,Transformation du thé et du café,10.83Y,Transformation du thé et du café,,,https://www.insee.fr/fr/metadonnees/naf2025/sousClasse/10.83Y,Insee — NAF 2025 — sous-classe 10.83Y
NAF 2025,C,INDUSTRIE MANUFACTURIÈRE,10,Industries alimentaires,10.8,Fabrication d’autres produits alimentaires,10.84,Fabrication de condiments et assaisonnements,10.84Y,Fabrication de condiments et assaisonnements,,,https://www.insee.fr/fr/metadonnees/naf2025/sousClasse/10.84Y,Insee — NAF 2025 — sous-classe 10.84Y
NAF 2025,C,INDUSTRIE MANUFACTURIÈRE,10,Industries alimentaires,10.8,Fabrication d’autres produits alimentaires,10.85,Fabrication de plats préparés,10.85Y,Fabrication de plats préparés,,,https://www.insee.fr/fr/metadonnees/naf2025/sousClasse/10.85Y,Insee — NAF 2025 — sous-classe 10.85Y
NAF 2025,C,INDUSTRIE MANUFACTURIÈRE,10,Industries alimentaires,10.8,Fabrication d’autres produits alimentaires,10.86,Fabrication d’aliments homogénéisés et diététiques,10.86Y,Fabrication d’aliments homogénéisés et diététiques,,,https://www.insee.fr/fr/metadonnees/naf2025/sousClasse/10.86Y,Insee — NAF 2025 — sous-classe 10.86Y
NAF 2025,C,INDUSTRIE MANUFACTURIÈRE,10,Industries alimentaires,10.8,Fabrication d’autres produits alimentaires,10.89,Fabrication d’autres produits alimentaires n.c.a.,10.89Y,Fabrication d’autres produits alimentaires n.c.a.,,,https://www.insee.fr/fr/metadonnees/naf2025/sousClasse/10.89Y,Insee — NAF 2025 — sous-classe 10.89Y
NAF 2025,C,INDUSTRIE MANUFACTURIÈRE,10,Industries alimentaires,10.9,Fabrication d’aliments pour animaux,10.91,Fabrication d’aliments pour animaux de ferme,10.91Y,Fabrication d’aliments pour animaux de ferme,,,https://www.insee.fr/fr/metadonnees/naf2025/sousClasse/10.91Y,Insee — NAF 2025 — sous-classe 10.91Y
NAF 2025,C,INDUSTRIE MANUFACTURIÈRE,10,Industries alimentaires,10.9,Fabrication d’aliments pour animaux,10.92,Fabrication d’aliments pour animaux de compagnie,10.92Y,Fabrication d’aliments pour animaux de compagnie,,,https://www.insee.fr/fr/metadonnees/naf2025/sousClasse/10.92Y,Insee — NAF 2025 — sous-classe 10.92Y
NAF 2025,C,INDUSTRIE MANUFACTURIÈRE,11,Fabrication de boissons,11.0,Fabrication de boissons,11.01,Production de boissons alcoolisées distillées,11.01Y,Production de boissons alcoolisées distillées,,,https://www.insee.fr/fr/metadonnees/naf2025/sousClasse/11.01Y,Insee — NAF 2025 — sous-classe 11.01Y
NAF 2025,C,INDUSTRIE MANUFACTURIÈRE,11,Fabrication de boissons,11.0,Fabrication de boissons,11.02,Production de vin (de raisin),11.02G,Fabrication de vins effervescents,,,https://www.insee.fr/fr/metadonnees/naf2025/sousClasse/11.02G,Insee — NAF 2025 — sous-classe 11.02G
NAF 2025,C,INDUSTRIE MANUFACTURIÈRE,11,Fabrication de boissons,11.0,Fabrication de boissons,11.02,Production de vin (de raisin),11.02H,Fabrication de vins non effervescents,,,https://www.insee.fr/fr/metadonnees/naf2025/sousClasse/11.02H,Insee — NAF 2025 — sous-classe 11.02H
NAF 2025,C,INDUSTRIE MANUFACTURIÈRE,11,Fabrication de boissons,11.0,Fabrication de boissons,11.03,Fabrication de cidre et autres boissons fermentées à base de fruits,11.03Y,Fabrication de cidre et autres boissons fermentées à base de fruits,,,https://www.insee.fr/fr/metadonnees/naf2025/sousClasse/11.03Y,Insee — NAF 2025 — sous-classe 11.03Y
NAF 2025,C,INDUSTRIE MANUFACTURIÈRE,11,Fabrication de boissons,11.0,Fabrication de boissons,11.04,Production d’autres boissons fermentées non distillées,11.04Y,Production d’autres boissons fermentées non distillées,,,https://www.insee.fr/fr/metadonnees/naf2025/sousClasse/11.04Y,Insee — NAF 2025 — sous-classe 11.04Y
NAF 2025,C,INDUSTRIE MANUFACTURIÈRE,11,Fabrication de boissons,11.0,Fabrication de boissons,11.05,Fabrication de bière,11.05Y,Fabrication de bière,,,https://www.insee.fr/fr/metadonnees/naf2025/sousClasse/11.05Y,Insee — NAF 2025 — sous-classe 11.05Y
NAF 2025,C,INDUSTRIE MANUFACTURIÈRE,11,Fabrication de boissons,11.0,Fabrication de boissons,11.06,Fabrication de malt,11.06Y,Fabrication de malt,,,https://www.insee.fr/fr/metadonnees/naf2025/sousClasse/11.06Y,Insee — NAF 2025 — sous-classe 11.06Y
NAF 2025,C,INDUSTRIE MANUFACTURIÈRE,11,Fabrication de boissons,11.0,Fabrication de boissons,11.07,Fabrication de boissons non alcoolisées et d’eaux embouteillées,11.07G,Industrie des eaux de table,,,https://www.insee.fr/fr/metadonnees/naf2025/sousClasse/11.07G,Insee — NAF 2025 — sous-classe 11.07G
NAF 2025,C,INDUSTRIE MANUFACTURIÈRE,11,Fabrication de boissons,11.0,Fabrication de boissons,11.07,Fabrication de boissons non alcoolisées et d’eaux embouteillées,11.07H,Production d'autres boissons non alcoolisées,,,https://www.insee.fr/fr/metadonnees/naf2025/sousClasse/11.07H,Insee — NAF 2025 — sous-classe 11.07H
NAF 2025,C,INDUSTRIE MANUFACTURIÈRE,12,Fabrication de produits à base de tabac,12.0,Fabrication de produits à base de tabac,12.00,Fabrication de produits à base de tabac,12.00Y,Fabrication de produits à base de tabac,,,https://www.insee.fr/fr/metadonnees/naf2025/sousClasse/12.00Y,Insee — NAF 2025 — sous-classe 12.00Y
NAF 2025,C,INDUSTRIE MANUFACTURIÈRE,13,Fabrication de textiles,13.1,Préparation de fibres textiles et filature,13.10,Préparation de fibres textiles et filature,13.10Y,Préparation de fibres textiles et filature,,,https://www.insee.fr/fr/metadonnees/naf2025/sousClasse/13.10Y,Insee — NAF 2025 — sous-classe 13.10Y
NAF 2025,C,INDUSTRIE MANUFACTURIÈRE,13,Fabrication de textiles,13.2,Tissage,13.20,Tissage,13.20Y,Tissage,,,https://www.insee.fr/fr/metadonnees/naf2025/sousClasse/13.20Y,Insee — NAF 2025 — sous-classe 13.20Y
NAF 2025,C,INDUSTRIE MANUFACTURIÈRE,13,Fabrication de textiles,13.3,Ennoblissement textile,13.30,Ennoblissement textile,13.30Y,Ennoblissement textile,,,https://www.insee.fr/fr/metadonnees/naf2025/sousClasse/13.30Y,Insee — NAF 2025 — sous-classe 13.30Y
NAF 2025,C,INDUSTRIE MANUFACTURIÈRE,13,Fabrication de textiles,13.9,Fabrication d’autres textiles,13.91,Fabrication d’étoffes à mailles,13.91Y,Fabrication d’étoffes à mailles,,,https://www.insee.fr/fr/metadonnees/naf2025/sousClasse/13.91Y,Insee — NAF 2025 — sous-classe 13.91Y
NAF 2025,C,INDUSTRIE MANUFACTURIÈRE,13,Fabrication de textiles,13.9,Fabrication d’autres textiles,13.92,Fabrication de textiles ménagers et d’articles d’ameublement confectionnés,13.92Y,Fabrication de textiles ménagers et d’articles d’ameublement confectionnés,,,https://www.insee.fr/fr/metadonnees/naf2025/sousClasse/13.92Y,Insee — NAF 2025 — sous-classe 13.92Y
NAF 2025,C,INDUSTRIE MANUFACTURIÈRE,13,Fabrication de textiles,13.9,Fabrication d’autres textiles,13.93,Fabrication de tapis et moquettes,13.93Y,Fabrication de tapis et moquettes,,,https://www.insee.fr/fr/metadonnees/naf2025/sousClasse/13.93Y,Insee — NAF 2025 — sous-classe 13.93Y
NAF 2025,C,INDUSTRIE MANUFACTURIÈRE,13,Fabrication de textiles,13.9,Fabrication d’autres textiles,13.94,"Fabrication de ficelles, cordes et filets",13.94Y,"Fabrication de ficelles, cordes et filets",,,https://www.insee.fr/fr/metadonnees/naf2025/sousClasse/13.94Y,Insee — NAF 2025 — sous-classe 13.94Y
NAF 2025,C,INDUSTRIE MANUFACTURIÈRE,13,Fabrication de textiles,13.9,Fabrication d’autres textiles,13.95,Fabrication de textiles non-tissés et articles non-tissés,13.95Y,Fabrication de textiles non-tissés et articles non-tissés,,,https://www.insee.fr/fr/metadonnees/naf2025/sousClasse/13.95Y,Insee — NAF 2025 — sous-classe 13.95Y
NAF 2025,C,INDUSTRIE MANUFACTURIÈRE,13,Fabrication de textiles,13.9,Fabrication d’autres textiles,13.96,Fabrication d’autres textiles techniques et industriels,13.96Y,Fabrication d’autres textiles techniques et industriels,,,https://www.insee.fr/fr/metadonnees/naf2025/sousClasse/13.96Y,Insee — NAF 2025 — sous-classe 13.96Y
NAF 2025,C,INDUSTRIE MANUFACTURIÈRE,13,Fabrication de textiles,13.9,Fabrication d’autres textiles,13.99,Fabrication d’autres textiles n.c.a.,13.99Y,Fabrication d’autres textiles n.c.a.,,,https://www.insee.fr/fr/metadonnees/naf2025/sousClasse/13.99Y,Insee — NAF 2025 — sous-classe 13.99Y
NAF 2025,C,INDUSTRIE MANUFACTURIÈRE,14,Industrie de l’habillement,14.1,Fabrication d’articles à mailles,14.10,Fabrication d’articles à mailles,14.10Y,Fabrication d’articles à mailles,,,https://www.insee.fr/fr/metadonnees/naf2025/sousClasse/14.10Y,Insee — NAF 2025 — sous-classe 14.10Y
NAF 2025,C,INDUSTRIE MANUFACTURIÈRE,14,Industrie de l’habillement,14.2,Fabrication d’autres articles d’habillement et accessoires,14.21,Fabrication de vêtements de dessus,14.21Y,Fabrication de vêtements de dessus,,,https://www.insee.fr/fr/metadonnees/naf2025/sousClasse/14.21Y,Insee — NAF 2025 — sous-classe 14.21Y
NAF 2025,C,INDUSTRIE MANUFACTURIÈRE,14,Industrie de l’habillement,14.2,Fabrication d’autres articles d’habillement et accessoires,14.22,Fabrication de vêtements de dessous,14.22Y,Fabrication de vêtements de dessous,,,https://www.insee.fr/fr/metadonnees/naf2025/sousClasse/14.22Y,Insee — NAF 2025 — sous-classe 14.22Y
NAF 2025,C,INDUSTRIE MANUFACTURIÈRE,14,Industrie de l’habillement,14.2,Fabrication d’autres articles d’habillement et accessoires,14.23,Fabrication de vêtements de travail,14.23Y,Fabrication de vêtements de travail,,,https://www.insee.fr/fr/metadonnees/naf2025/sousClasse/14.23Y,Insee — NAF 2025 — sous-classe 14.23Y
NAF 2025,C,INDUSTRIE MANUFACTURIÈRE,14,Industrie de l’habillement,14.2,Fabrication d’autres articles d’habillement et accessoires,14.24,Fabrication de vêtements en cuir et en fourrure,14.24Y,Fabrication de vêtements en cuir et en fourrure,,,https://www.insee.fr/fr/metadonnees/naf2025/sousClasse/14.24Y,Insee — NAF 2025 — sous-classe 14.24Y
NAF 2025,C,INDUSTRIE MANUFACTURIÈRE,14,Industrie de l’habillement,14.2,Fabrication d’autres articles d’habillement et accessoires,14.29,Fabrication d’autres articles d’habillement et accessoires n.c.a.,14.29Y,Fabrication d’autres articles d’habillement et accessoires n.c.a.,,,https://www.insee.fr/fr/metadonnees/naf2025/sousClasse/14.29Y,Insee — NAF 2025 — sous-classe 14.29Y
NAF 2025,C,INDUSTRIE MANUFACTURIÈRE,15,"Fabrication de cuir, d’articles en cuir et de produits similaires dans d’autres matières",15.1,"Tannage, apprêt et teinture des cuirs et des fourrures ; fabrication de bagages, de maroquinerie, sellerie et bourrellerie",15.11,"Tannage, apprêt et teinture des cuirs et des fourrures",15.11Y,"Tannage, apprêt et teinture des cuirs et des fourrures",,,https://www.insee.fr/fr/metadonnees/naf2025/sousClasse/15.11Y,Insee — NAF 2025 — sous-classe 15.11Y
NAF 2025,C,INDUSTRIE MANUFACTURIÈRE,15,"Fabrication de cuir, d’articles en cuir et de produits similaires dans d’autres matières",15.1,"Tannage, apprêt et teinture des cuirs et des fourrures ; fabrication de bagages, de maroquinerie, sellerie et bourrellerie",15.12,"Fabrication de bagages, de maroquinerie, sellerie et bourrellerie, en toutes matières",15.12Y,"Fabrication de bagages, de maroquinerie, sellerie et bourrellerie, en toutes matières",,,https://www.insee.fr/fr/metadonnees/naf2025/sousClasse/15.12Y,Insee — NAF 2025 — sous-classe 15.12Y
NAF 2025,C,INDUSTRIE MANUFACTURIÈRE,15,"Fabrication de cuir, d’articles en cuir et de produits similaires dans d’autres matières",15.2,Fabrication de chaussures,15.20,Fabrication de chaussures,15.20Y,Fabrication de chaussures,,,https://www.insee.fr/fr/metadonnees/naf2025/sousClasse/15.20Y,Insee — NAF 2025 — sous-classe 15.20Y
NAF 2025,C,INDUSTRIE MANUFACTURIÈRE,16,"Travail du bois et fabrication d’articles en bois et en liège, à l’exception des meubles ; fabrication d’articles en vannerie et sparterie",16.1,Sciage et rabotage du bois ; façonnage et finition du bois,16.11,Sciage et rabotage du bois,16.11Y,Sciage et rabotage du bois,,,https://www.insee.fr/fr/metadonnees/naf2025/sousClasse/16.11Y,Insee — NAF 2025 — sous-classe 16.11Y
NAF 2025,C,INDUSTRIE MANUFACTURIÈRE,16,"Travail du bois et fabrication d’articles en bois et en liège, à l’exception des meubles ; fabrication d’articles en vannerie et sparterie",16.1,Sciage et rabotage du bois ; façonnage et finition du bois,16.12,Façonnage et finition du bois,16.12Y,Façonnage et finition du bois,,,https://www.insee.fr/fr/metadonnees/naf2025/sousClasse/16.12Y,Insee — NAF 2025 — sous-classe 16.12Y
NAF 2025,C,INDUSTRIE MANUFACTURIÈRE,16,"Travail du bois et fabrication d’articles en bois et en liège, à l’exception des meubles ; fabrication d’articles en vannerie et sparterie",16.2,"Fabrication d’articles en bois, liège, vannerie et sparterie",16.21,Fabrication de placage et de panneaux de bois,16.21Y,Fabrication de placage et de panneaux de bois,,,https://www.insee.fr/fr/metadonnees/naf2025/sousClasse/16.21Y,Insee — NAF 2025 — sous-classe 16.21Y
NAF 2025,C,INDUSTRIE MANUFACTURIÈRE,16,"Travail du bois et fabrication d’articles en bois et en liège, à l’exception des meubles ; fabrication d’articles en vannerie et sparterie",16.2,"Fabrication d’articles en bois, liège, vannerie et sparterie",16.22,Fabrication de parquets assemblés,16.22Y,Fabrication de parquets assemblés,,,https://www.insee.fr/fr/metadonnees/naf2025/sousClasse/16.22Y,Insee — NAF 2025 — sous-classe 16.22Y
NAF 2025,C,INDUSTRIE MANUFACTURIÈRE,16,"Travail du bois et fabrication d’articles en bois et en liège, à l’exception des meubles ; fabrication d’articles en vannerie et sparterie",16.2,"Fabrication d’articles en bois, liège, vannerie et sparterie",16.23,Fabrication de charpentes et d’autres menuiseries,16.23Y,Fabrication de charpentes et d’autres menuiseries,,,https://www.insee.fr/fr/metadonnees/naf2025/sousClasse/16.23Y,Insee — NAF 2025 — sous-classe 16.23Y
NAF 2025,C,INDUSTRIE MANUFACTURIÈRE,16,"Travail du bois et fabrication d’articles en bois et en liège, à l’exception des meubles ; fabrication d’articles en vannerie et sparterie",16.2,"Fabrication d’articles en bois, liège, vannerie et sparterie",16.24,Fabrication d’emballages en bois,16.24Y,Fabrication d’emballages en bois,,,https://www.insee.fr/fr/metadonnees/naf2025/sousClasse/16.24Y,Insee — NAF 2025 — sous-classe 16.24Y
NAF 2025,C,INDUSTRIE MANUFACTURIÈRE,16,"Travail du bois et fabrication d’articles en bois et en liège, à l’exception des meubles ; fabrication d’articles en vannerie et sparterie",16.2,"Fabrication d’articles en bois, liège, vannerie et sparterie",16.25,Fabrication de portes et fenêtres en bois,16.25Y,Fabrication de portes et fenêtres en bois,,,https://www.insee.fr/fr/metadonnees/naf2025/sousClasse/16.25Y,Insee — NAF 2025 — sous-classe 16.25Y
NAF 2025,C,INDUSTRIE MANUFACTURIÈRE,16,"Travail du bois et fabrication d’articles en bois et en liège, à l’exception des meubles ; fabrication d’articles en vannerie et sparterie",16.2,"Fabrication d’articles en bois, liège, vannerie et sparterie",16.26,Fabrication de combustibles solides à partir de biomasse végétale,16.26Y,Fabrication de combustibles solides à partir de biomasse végétale,,,https://www.insee.fr/fr/metadonnees/naf2025/sousClasse/16.26Y,Insee — NAF 2025 — sous-classe 16.26Y
NAF 2025,C,INDUSTRIE MANUFACTURIÈRE,16,"Travail du bois et fabrication d’articles en bois et en liège, à l’exception des meubles ; fabrication d’articles en vannerie et sparterie",16.2,"Fabrication d’articles en bois, liège, vannerie et sparterie",16.27,Finition de produits en bois,16.27Y,Finition de produits en bois,,,https://www.insee.fr/fr/metadonnees/naf2025/sousClasse/16.27Y,Insee — NAF 2025 — sous-classe 16.27Y
NAF 2025,C,INDUSTRIE MANUFACTURIÈRE,16,"Travail du bois et fabrication d’articles en bois et en liège, à l’exception des meubles ; fabrication d’articles en vannerie et sparterie",16.2,"Fabrication d’articles en bois, liège, vannerie et sparterie",16.28,"Fabrication d’objets divers en bois, d’objets en liège, vannerie et sparterie",16.28Y,"Fabrication d’objets divers en bois, d’objets en liège, vannerie et sparterie",,,https://www.insee.fr/fr/metadonnees/naf2025/sousClasse/16.28Y,Insee — NAF 2025 — sous-classe 16.28Y
NAF 2025,C,INDUSTRIE MANUFACTURIÈRE,17,Industrie du papier et du carton,17.1,"Fabrication de pâte à papier, de papier et de carton",17.11,Fabrication de pâte à papier,17.11Y,Fabrication de pâte à papier,,,https://www.insee.fr/fr/metadonnees/naf2025/sousClasse/17.11Y,Insee — NAF 2025 — sous-classe 17.11Y
NAF 2025,C,INDUSTRIE MANUFACTURIÈRE,17,Industrie du papier et du carton,17.1,"Fabrication de pâte à papier, de papier et de carton",17.12,Fabrication de papier et de carton,17.12Y,Fabrication de papier et de carton,,,https://www.insee.fr/fr/metadonnees/naf2025/sousClasse/17.12Y,Insee — NAF 2025 — sous-classe 17.12Y
NAF 2025,C,INDUSTRIE MANUFACTURIÈRE,17,Industrie du papier et du carton,17.2,Fabrication d’articles en papier ou en carton,17.21,Fabrication de papier et carton ondulés et d’emballages en papier ou en carton,17.21Y,Fabrication de papier et carton ondulés et d’emballages en papier ou en carton,,,https://www.insee.fr/fr/metadonnees/naf2025/sousClasse/17.21Y,Insee — NAF 2025 — sous-classe 17.21Y
NAF 2025,C,INDUSTRIE MANUFACTURIÈRE,17,Industrie du papier et du carton,17.2,Fabrication d’articles en papier ou en carton,17.22,Fabrication d’articles en papier à usage sanitaire ou domestique,17.22Y,Fabrication d’articles en papier à usage sanitaire ou domestique,,,https://www.insee.fr/fr/metadonnees/naf2025/sousClasse/17.22Y,Insee — NAF 2025 — sous-classe 17.22Y
NAF 2025,C,INDUSTRIE MANUFACTURIÈRE,17,Industrie du papier et du carton,17.2,Fabrication d’articles en papier ou en carton,17.23,Fabrication d’articles de papeterie,17.23Y,Fabrication d’articles de papeterie,,,https://www.insee.fr/fr/metadonnees/naf2025/sousClasse/17.23Y,Insee — NAF 2025 — sous-classe 17.23Y
NAF 2025,C,INDUSTRIE MANUFACTURIÈRE,17,Industrie du papier et du carton,17.2,Fabrication d’articles en papier ou en carton,17.24,Fabrication de papiers peints,17.24Y,Fabrication de papiers peints,,,https://www.insee.fr/fr/metadonnees/naf2025/sousClasse/17.24Y,Insee — NAF 2025 — sous-classe 17.24Y
NAF 2025,C,INDUSTRIE MANUFACTURIÈRE,17,Industrie du papier et du carton,17.2,Fabrication d’articles en papier ou en carton,17.25,Fabrication d’autres articles en papier ou en carton,17.25Y,Fabrication d’autres articles en papier ou en carton,,,https://www.insee.fr/fr/metadonnees/naf2025/sousClasse/17.25Y,Insee — NAF 2025 — sous-classe 17.25Y
NAF 2025,C,INDUSTRIE MANUFACTURIÈRE,18,Imprimerie et reproduction d’enregistrements,18.1,Imprimerie et services annexes,18.11,Imprimerie de journaux,18.11Y,Imprimerie de journaux,,,https://www.insee.fr/fr/metadonnees/naf2025/sousClasse/18.11Y,Insee — NAF 2025 — sous-classe 18.11Y
NAF 2025,C,INDUSTRIE MANUFACTURIÈRE,18,Imprimerie et reproduction d’enregistrements,18.1,Imprimerie et services annexes,18.12,Autres activités d’imprimerie,18.12Y,Autres activités d’imprimerie,,,https://www.insee.fr/fr/metadonnees/naf2025/sousClasse/18.12Y,Insee — NAF 2025 — sous-classe 18.12Y
NAF 2025,C,INDUSTRIE MANUFACTURIÈRE,18,Imprimerie et reproduction d’enregistrements,18.1,Imprimerie et services annexes,18.13,Activités de pré-presse,18.13Y,Activités de pré-presse,,,https://www.insee.fr/fr/metadonnees/naf2025/sousClasse/18.13Y,Insee — NAF 2025 — sous-classe 18.13Y
NAF 2025,C,INDUSTRIE MANUFACTURIÈRE,18,Imprimerie et reproduction d’enregistrements,18.1,Imprimerie et services annexes,18.14,Reliure et activités connexes,18.14Y,Reliure et activités connexes,,,https://www.insee.fr/fr/metadonnees/naf2025/sousClasse/18.14Y,Insee — NAF 2025 — sous-classe 18.14Y
NAF 2025,C,INDUSTRIE MANUFACTURIÈRE,18,Imprimerie et reproduction d’enregistrements,18.2,Reproduction d’enregistrements,18.20,Reproduction d’enregistrements,18.20Y,Reproduction d’enregistrements,,,https://www.insee.fr/fr/metadonnees/naf2025/sousClasse/18.20Y,Insee — NAF 2025 — sous-classe 18.20Y
NAF 2025,C,INDUSTRIE MANUFACTURIÈRE,19,Cokéfaction et raffinage,19.1,Cokéfaction,19.10,Cokéfaction,19.10Y,Cokéfaction,,,https://www.insee.fr/fr/metadonnees/naf2025/sousClasse/19.10Y,Insee — NAF 2025 — sous-classe 19.10Y
NAF 2025,C,INDUSTRIE MANUFACTURIÈRE,19,Cokéfaction et raffinage,19.2,Raffinage du pétrole et fabrication de produits à base de combustibles fossiles,19.20,Raffinage du pétrole et fabrication de produits à base de combustibles fossiles,19.20Y,Raffinage du pétrole et fabrication de produits à base de combustibles fossiles,,,https://www.insee.fr/fr/metadonnees/naf2025/sousClasse/19.20Y,Insee — NAF 2025 — sous-classe 19.20Y
NAF 2025,C,INDUSTRIE MANUFACTURIÈRE,20,Industrie chimique,20.1,"Fabrication de produits chimiques de base, de produits azotés et d’engrais, de matières plastiques de base et de caoutchouc synthétique",20.11,Fabrication de gaz industriels,20.11Y,Fabrication de gaz industriels,,,https://www.insee.fr/fr/metadonnees/naf2025/sousClasse/20.11Y,Insee — NAF 2025 — sous-classe 20.11Y
NAF 2025,C,INDUSTRIE MANUFACTURIÈRE,20,Industrie chimique,20.1,"Fabrication de produits chimiques de base, de produits azotés et d’engrais, de matières plastiques de base et de caoutchouc synthétique",20.12,Fabrication de colorants et de pigments,20.12Y,Fabrication de colorants et de pigments,,,https://www.insee.fr/fr/metadonnees/naf2025/sousClasse/20.12Y,Insee — NAF 2025 — sous-classe 20.12Y
NAF 2025,C,INDUSTRIE MANUFACTURIÈRE,20,Industrie chimique,20.1,"Fabrication de produits chimiques de base, de produits azotés et d’engrais, de matières plastiques de base et de caoutchouc synthétique",20.13,Fabrication d’autres produits chimiques inorganiques de base,20.13Y,Fabrication d’autres produits chimiques inorganiques de base,,,https://www.insee.fr/fr/metadonnees/naf2025/sousClasse/20.13Y,Insee — NAF 2025 — sous-classe 20.13Y
NAF 2025,C,INDUSTRIE MANUFACTURIÈRE,20,Industrie chimique,20.1,"Fabrication de produits chimiques de base, de produits azotés et d’engrais, de matières plastiques de base et de caoutchouc synthétique",20.14,Fabrication d’autres produits chimiques organiques de base,20.14Y,Fabrication d’autres produits chimiques organiques de base,,,https://www.insee.fr/fr/metadonnees/naf2025/sousClasse/20.14Y,Insee — NAF 2025 — sous-classe 20.14Y
NAF 2025,C,INDUSTRIE MANUFACTURIÈRE,20,Industrie chimique,20.1,"Fabrication de produits chimiques de base, de produits azotés et d’engrais, de matières plastiques de base et de caoutchouc synthétique",20.15,Fabrication de produits azotés et d’engrais,20.15Y,Fabrication de produits azotés et d’engrais,,,https://www.insee.fr/fr/metadonnees/naf2025/sousClasse/20.15Y,Insee — NAF 2025 — sous-classe 20.15Y
NAF 2025,C,INDUSTRIE MANUFACTURIÈRE,20,Industrie chimique,20.1,"Fabrication de produits chimiques de base, de produits azotés et d’engrais, de matières plastiques de base et de caoutchouc synthétique",20.16,Fabrication de matières plastiques de base,20.16Y,Fabrication de matières plastiques de base,,,https://www.insee.fr/fr/metadonnees/naf2025/sousClasse/20.16Y,Insee — NAF 2025 — sous-classe 20.16Y
NAF 2025,C,INDUSTRIE MANUFACTURIÈRE,20,Industrie chimique,20.1,"Fabrication de produits chimiques de base, de produits azotés et d’engrais, de matières plastiques de base et de caoutchouc synthétique",20.17,Fabrication de caoutchouc synthétique,20.17Y,Fabrication de caoutchouc synthétique,,,https://www.insee.fr/fr/metadonnees/naf2025/sousClasse/20.17Y,Insee — NAF 2025 — sous-classe 20.17Y
NAF 2025,C,INDUSTRIE MANUFACTURIÈRE,20,Industrie chimique,20.2,"Fabrication de pesticides, de désinfectants et d’autres produits agrochimiques",20.20,"Fabrication de pesticides, de désinfectants et d’autres produits agrochimiques",20.20Y,"Fabrication de pesticides, de désinfectants et d’autres produits agrochimiques",,,https://www.insee.fr/fr/metadonnees/naf2025/sousClasse/20.20Y,Insee — NAF 2025 — sous-classe 20.20Y
NAF 2025,C,INDUSTRIE MANUFACTURIÈRE,20,Industrie chimique,20.3,"Fabrication de peintures, vernis, encres et mastics",20.30,"Fabrication de peintures, vernis, encres et mastics",20.30Y,"Fabrication de peintures, vernis, encres et mastics",,,https://www.insee.fr/fr/metadonnees/naf2025/sousClasse/20.30Y,Insee — NAF 2025 — sous-classe 20.30Y
NAF 2025,C,INDUSTRIE MANUFACTURIÈRE,20,Industrie chimique,20.4,Fabrication de savons et de produits d’entretien,20.41,"Fabrication de savons, détergents et produits d’entretien",20.41Y,"Fabrication de savons, détergents et produits d’entretien",,,https://www.insee.fr/fr/metadonnees/naf2025/sousClasse/20.41Y,Insee — NAF 2025 — sous-classe 20.41Y
NAF 2025,C,INDUSTRIE MANUFACTURIÈRE,20,Industrie chimique,20.4,Fabrication de savons et de produits d’entretien,20.42,Fabrication de parfums et de produits pour la toilette,20.42Y,Fabrication de parfums et de produits pour la toilette,,,https://www.insee.fr/fr/metadonnees/naf2025/sousClasse/20.42Y,Insee — NAF 2025 — sous-classe 20.42Y
NAF 2025,C,INDUSTRIE MANUFACTURIÈRE,20,Industrie chimique,20.5,Fabrication d’autres produits chimiques,20.51,Fabrication de biocarburants liquides,20.51Y,Fabrication de biocarburants liquides,,,https://www.insee.fr/fr/metadonnees/naf2025/sousClasse/20.51Y,Insee — NAF 2025 — sous-classe 20.51Y
NAF 2025,C,INDUSTRIE MANUFACTURIÈRE,20,Industrie chimique,20.5,Fabrication d’autres produits chimiques,20.59,Fabrication d’autres produits chimiques n.c.a.,20.59Y,Fabrication d’autres produits chimiques n.c.a.,,,https://www.insee.fr/fr/metadonnees/naf2025/sousClasse/20.59Y,Insee — NAF 2025 — sous-classe 20.59Y
NAF 2025,C,INDUSTRIE MANUFACTURIÈRE,20,Industrie chimique,20.6,Fabrication de fibres artificielles ou synthétiques,20.60,Fabrication de fibres artificielles ou synthétiques,20.60Y,Fabrication de fibres artificielles ou synthétiques,,,https://www.insee.fr/fr/metadonnees/naf2025/sousClasse/20.60Y,Insee — NAF 2025 — sous-classe 20.60Y
NAF 2025,C,INDUSTRIE MANUFACTURIÈRE,21,Industrie pharmaceutique,21.1,Fabrication de produits pharmaceutiques de base,21.10,Fabrication de produits pharmaceutiques de base,21.10Y,Fabrication de produits pharmaceutiques de base,,,https://www.insee.fr/fr/metadonnees/naf2025/sousClasse/21.10Y,Insee — NAF 2025 — sous-classe 21.10Y
NAF 2025,C,INDUSTRIE MANUFACTURIÈRE,21,Industrie pharmaceutique,21.2,Fabrication de préparations pharmaceutiques,21.20,Fabrication de préparations pharmaceutiques,21.20Y,Fabrication de préparations pharmaceutiques,,,https://www.insee.fr/fr/metadonnees/naf2025/sousClasse/21.20Y,Insee — NAF 2025 — sous-classe 21.20Y
NAF 2025,C,INDUSTRIE MANUFACTURIÈRE,22,Fabrication de produits en caoutchouc et en plastique,22.1,Fabrication de produits en caoutchouc,22.11,Fabrication et rechapage de pneus en caoutchouc et fabrication de chambres à air,22.11Y,Fabrication et rechapage de pneus en caoutchouc et fabrication de chambres à air,,,https://www.insee.fr/fr/metadonnees/naf2025/sousClasse/22.11Y,Insee — NAF 2025 — sous-classe 22.11Y
NAF 2025,C,INDUSTRIE MANUFACTURIÈRE,22,Fabrication de produits en caoutchouc et en plastique,22.1,Fabrication de produits en caoutchouc,22.12,Fabrication d’autres articles en caoutchouc,22.12Y,Fabrication d’autres articles en caoutchouc,,,https://www.insee.fr/fr/metadonnees/naf2025/sousClasse/22.12Y,Insee — NAF 2025 — sous-classe 22.12Y
NAF 2025,C,INDUSTRIE MANUFACTURIÈRE,22,Fabrication de produits en caoutchouc et en plastique,22.2,Fabrication de produits en plastique,22.21,"Fabrication de plaques, feuilles, tubes et profilés en matières plastiques",22.21Y,"Fabrication de plaques, feuilles, tubes et profilés en matières plastiques",,,https://www.insee.fr/fr/metadonnees/naf2025/sousClasse/22.21Y,Insee — NAF 2025 — sous-classe 22.21Y
NAF 2025,C,INDUSTRIE MANUFACTURIÈRE,22,Fabrication de produits en caoutchouc et en plastique,22.2,Fabrication de produits en plastique,22.22,Fabrication d’emballages en matières plastiques,22.22Y,Fabrication d’emballages en matières plastiques,,,https://www.insee.fr/fr/metadonnees/naf2025/sousClasse/22.22Y,Insee — NAF 2025 — sous-classe 22.22Y
NAF 2025,C,INDUSTRIE MANUFACTURIÈRE,22,Fabrication de produits en caoutchouc et en plastique,22.2,Fabrication de produits en plastique,22.23,Fabrication de portes et fenêtres en matières plastiques,22.23Y,Fabrication de portes et fenêtres en matières plastiques,,,https://www.insee.fr/fr/metadonnees/naf2025/sousClasse/22.23Y,Insee — NAF 2025 — sous-classe 22.23Y
NAF 2025,C,INDUSTRIE MANUFACTURIÈRE,22,Fabrication de produits en caoutchouc et en plastique,22.2,Fabrication de produits en plastique,22.24,Fabrication d’éléments en matières plastiques pour la construction,22.24Y,Fabrication d’éléments en matières plastiques pour la construction,,,https://www.insee.fr/fr/metadonnees/naf2025/sousClasse/22.24Y,Insee — NAF 2025 — sous-classe 22.24Y
NAF 2025,C,INDUSTRIE MANUFACTURIÈRE,22,Fabrication de produits en caoutchouc et en plastique,22.2,Fabrication de produits en plastique,22.25,Façonnage et finition de produits en matières plastiques,22.25Y,Façonnage et finition de produits en matières plastiques,,,https://www.insee.fr/fr/metadonnees/naf2025/sousClasse/22.25Y,Insee — NAF 2025 — sous-classe 22.25Y
NAF 2025,C,INDUSTRIE MANUFACTURIÈRE,22,Fabrication de produits en caoutchouc et en plastique,22.2,Fabrication de produits en plastique,22.26,Fabrication d’autres articles en matières plastiques,22.26Y,Fabrication d’autres articles en matières plastiques,,,https://www.insee.fr/fr/metadonnees/naf2025/sousClasse/22.26Y,Insee — NAF 2025 — sous-classe 22.26Y
NAF 2025,C,INDUSTRIE MANUFACTURIÈRE,23,Fabrication d’autres produits minéraux non métalliques,23.1,Fabrication de verre et d’articles en verre,23.11,Fabrication de verre plat,23.11Y,Fabrication de verre plat,,,https://www.insee.fr/fr/metadonnees/naf2025/sousClasse/23.11Y,Insee — NAF 2025 — sous-classe 23.11Y
NAF 2025,C,INDUSTRIE MANUFACTURIÈRE,23,Fabrication d’autres produits minéraux non métalliques,23.1,Fabrication de verre et d’articles en verre,23.12,Façonnage et transformation du verre plat,23.12Y,Façonnage et transformation du verre plat,,,https://www.insee.fr/fr/metadonnees/naf2025/sousClasse/23.12Y,Insee — NAF 2025 — sous-classe 23.12Y
NAF 2025,C,INDUSTRIE MANUFACTURIÈRE,23,Fabrication d’autres produits minéraux non métalliques,23.1,Fabrication de verre et d’articles en verre,23.13,Fabrication de verre creux,23.13Y,Fabrication de verre creux,,,https://www.insee.fr/fr/metadonnees/naf2025/sousClasse/23.13Y,Insee — NAF 2025 — sous-classe 23.13Y
NAF 2025,C,INDUSTRIE MANUFACTURIÈRE,23,Fabrication d’autres produits minéraux non métalliques,23.1,Fabrication de verre et d’articles en verre,23.14,Fabrication de fibres de verre,23.14Y,Fabrication de fibres de verre,,,https://www.insee.fr/fr/metadonnees/naf2025/sousClasse/23.14Y,Insee — NAF 2025 — sous-classe 23.14Y
NAF 2025,C,INDUSTRIE MANUFACTURIÈRE,23,Fabrication d’autres produits minéraux non métalliques,23.1,Fabrication de verre et d’articles en verre,23.15,"Fabrication et façonnage d’autres articles en verre, y compris verre technique",23.15Y,"Fabrication et façonnage d’autres articles en verre, y compris verre technique",,,https://www.insee.fr/fr/metadonnees/naf2025/sousClasse/23.15Y,Insee — NAF 2025 — sous-classe 23.15Y
NAF 2025,C,INDUSTRIE MANUFACTURIÈRE,23,Fabrication d’autres produits minéraux non métalliques,23.2,Fabrication de produits réfractaires,23.20,Fabrication de produits réfractaires,23.20Y,Fabrication de produits réfractaires,,,https://www.insee.fr/fr/metadonnees/naf2025/sousClasse/23.20Y,Insee — NAF 2025 — sous-classe 23.20Y
NAF 2025,C,INDUSTRIE MANUFACTURIÈRE,23,Fabrication d’autres produits minéraux non métalliques,23.3,Fabrication de matériaux de construction en terre cuite,23.31,Fabrication de carreaux en céramique,23.31Y,Fabrication de carreaux en céramique,,,https://www.insee.fr/fr/metadonnees/naf2025/sousClasse/23.31Y,Insee — NAF 2025 — sous-classe 23.31Y
NAF 2025,C,INDUSTRIE MANUFACTURIÈRE,23,Fabrication d’autres produits minéraux non métalliques,23.3,Fabrication de matériaux de construction en terre cuite,23.32,"Fabrication de briques, tuiles et produits de construction, en terre cuite",23.32Y,"Fabrication de briques, tuiles et produits de construction, en terre cuite",,,https://www.insee.fr/fr/metadonnees/naf2025/sousClasse/23.32Y,Insee — NAF 2025 — sous-classe 23.32Y
NAF 2025,C,INDUSTRIE MANUFACTURIÈRE,23,Fabrication d’autres produits minéraux non métalliques,23.4,Fabrication d’autres produits en céramique et en porcelaine,23.41,Fabrication d’articles céramiques à usage domestique ou ornemental,23.41Y,Fabrication d’articles céramiques à usage domestique ou ornemental,,,https://www.insee.fr/fr/metadonnees/naf2025/sousClasse/23.41Y,Insee — NAF 2025 — sous-classe 23.41Y
NAF 2025,C,INDUSTRIE MANUFACTURIÈRE,23,Fabrication d’autres produits minéraux non métalliques,23.4,Fabrication d’autres produits en céramique et en porcelaine,23.42,Fabrication d’appareils sanitaires en céramique,23.42Y,Fabrication d’appareils sanitaires en céramique,,,https://www.insee.fr/fr/metadonnees/naf2025/sousClasse/23.42Y,Insee — NAF 2025 — sous-classe 23.42Y
NAF 2025,C,INDUSTRIE MANUFACTURIÈRE,23,Fabrication d’autres produits minéraux non métalliques,23.4,Fabrication d’autres produits en céramique et en porcelaine,23.43,Fabrication d’isolateurs et pièces isolantes en céramique,23.43Y,Fabrication d’isolateurs et pièces isolantes en céramique,,,https://www.insee.fr/fr/metadonnees/naf2025/sousClasse/23.43Y,Insee — NAF 2025 — sous-classe 23.43Y
NAF 2025,C,INDUSTRIE MANUFACTURIÈRE,23,Fabrication d’autres produits minéraux non métalliques,23.4,Fabrication d’autres produits en céramique et en porcelaine,23.44,Fabrication d’autres produits céramiques à usage technique,23.44Y,Fabrication d’autres produits céramiques à usage technique,,,https://www.insee.fr/fr/metadonnees/naf2025/sousClasse/23.44Y,Insee — NAF 2025 — sous-classe 23.44Y
NAF 2025,C,INDUSTRIE MANUFACTURIÈRE,23,Fabrication d’autres produits minéraux non métalliques,23.4,Fabrication d’autres produits en céramique et en porcelaine,23.45,Fabrication d’autres produits céramiques,23.45Y,Fabrication d’autres produits céramiques,,,https://www.insee.fr/fr/metadonnees/naf2025/sousClasse/23.45Y,Insee — NAF 2025 — sous-classe 23.45Y
NAF 2025,C,INDUSTRIE MANUFACTURIÈRE,23,Fabrication d’autres produits minéraux non métalliques,23.5,"Fabrication de ciment, chaux et plâtre",23.51,Fabrication de ciment,23.51Y,Fabrication de ciment,,,https://www.insee.fr/fr/metadonnees/naf2025/sousClasse/23.51Y,Insee — NAF 2025 — sous-classe 23.51Y
NAF 2025,C,INDUSTRIE MANUFACTURIÈRE,23,Fabrication d’autres produits minéraux non métalliques,23.5,"Fabrication de ciment, chaux et plâtre",23.52,Fabrication de chaux et plâtre,23.52Y,Fabrication de chaux et plâtre,,,https://www.insee.fr/fr/metadonnees/naf2025/sousClasse/23.52Y,Insee — NAF 2025 — sous-classe 23.52Y
NAF 2025,C,INDUSTRIE MANUFACTURIÈRE,23,Fabrication d’autres produits minéraux non métalliques,23.6,"Fabrication d’ouvrages en béton, en ciment ou en plâtre",23.61,Fabrication d’éléments en béton pour la construction,23.61Y,Fabrication d’éléments en béton pour la construction,,,https://www.insee.fr/fr/metadonnees/naf2025/sousClasse/23.61Y,Insee — NAF 2025 — sous-classe 23.61Y
NAF 2025,C,INDUSTRIE MANUFACTURIÈRE,23,Fabrication d’autres produits minéraux non métalliques,23.6,"Fabrication d’ouvrages en béton, en ciment ou en plâtre",23.62,Fabrication d’éléments en plâtre pour la construction,23.62Y,Fabrication d’éléments en plâtre pour la construction,,,https://www.insee.fr/fr/metadonnees/naf2025/sousClasse/23.62Y,Insee — NAF 2025 — sous-classe 23.62Y
NAF 2025,C,INDUSTRIE MANUFACTURIÈRE,23,Fabrication d’autres produits minéraux non métalliques,23.6,"Fabrication d’ouvrages en béton, en ciment ou en plâtre",23.63,Fabrication de béton prêt à l’emploi,23.63Y,Fabrication de béton prêt à l’emploi,,,https://www.insee.fr/fr/metadonnees/naf2025/sousClasse/23.63Y,Insee — NAF 2025 — sous-classe 23.63Y
NAF 2025,C,INDUSTRIE MANUFACTURIÈRE,23,Fabrication d’autres produits minéraux non métalliques,23.6,"Fabrication d’ouvrages en béton, en ciment ou en plâtre",23.64,Fabrication de mortiers et de bétons secs,23.64Y,Fabrication de mortiers et de bétons secs,,,https://www.insee.fr/fr/metadonnees/naf2025/sousClasse/23.64Y,Insee — NAF 2025 — sous-classe 23.64Y
NAF 2025,C,INDUSTRIE MANUFACTURIÈRE,23,Fabrication d’autres produits minéraux non métalliques,23.6,"Fabrication d’ouvrages en béton, en ciment ou en plâtre",23.65,Fabrication d’ouvrages en fibre-ciment,23.65Y,Fabrication d’ouvrages en fibre-ciment,,,https://www.insee.fr/fr/metadonnees/naf2025/sousClasse/23.65Y,Insee — NAF 2025 — sous-classe 23.65Y
NAF 2025,C,INDUSTRIE MANUFACTURIÈRE,23,Fabrication d’autres produits minéraux non métalliques,23.6,"Fabrication d’ouvrages en béton, en ciment ou en plâtre",23.66,"Fabrication d’autres ouvrages en béton, en ciment ou en plâtre",23.66Y,"Fabrication d’autres ouvrages en béton, en ciment ou en plâtre",,,https://www.insee.fr/fr/metadonnees/naf2025/sousClasse/23.66Y,Insee — NAF 2025 — sous-classe 23.66Y
NAF 2025,C,INDUSTRIE MANUFACTURIÈRE,23,Fabrication d’autres produits minéraux non métalliques,23.7,"Taille, façonnage et finissage de pierres",23.70,"Taille, façonnage et finissage de pierres",23.70Y,"Taille, façonnage et finissage de pierres",,,https://www.insee.fr/fr/metadonnees/naf2025/sousClasse/23.70Y,Insee — NAF 2025 — sous-classe 23.70Y
NAF 2025,C,INDUSTRIE MANUFACTURIÈRE,23,Fabrication d’autres produits minéraux non métalliques,23.9,Fabrication de produits abrasifs et de produits minéraux non métalliques n.c.a.,23.91,Fabrication de produits abrasifs,23.91Y,Fabrication de produits abrasifs,,,https://www.insee.fr/fr/metadonnees/naf2025/sousClasse/23.91Y,Insee — NAF 2025 — sous-classe 23.91Y
NAF 2025,C,INDUSTRIE MANUFACTURIÈRE,23,Fabrication d’autres produits minéraux non métalliques,23.9,Fabrication de produits abrasifs et de produits minéraux non métalliques n.c.a.,23.99,Fabrication d’autres produits minéraux non métalliques n.c.a.,23.99Y,Fabrication d’autres produits minéraux non métalliques n.c.a.,,,https://www.insee.fr/fr/metadonnees/naf2025/sousClasse/23.99Y,Insee — NAF 2025 — sous-classe 23.99Y
NAF 2025,C,INDUSTRIE MANUFACTURIÈRE,24,Métallurgie,24.1,Sidérurgie,24.10,Sidérurgie,24.10Y,Sidérurgie,,,https://www.insee.fr/fr/metadonnees/naf2025/sousClasse/24.10Y,Insee — NAF 2025 — sous-classe 24.10Y
NAF 2025,C,INDUSTRIE MANUFACTURIÈRE,24,Métallurgie,24.2,"Fabrication de tubes, tuyaux, profilés creux et accessoires correspondants en acier",24.20,"Fabrication de tubes, tuyaux, profilés creux et accessoires correspondants en acier",24.20Y,"Fabrication de tubes, tuyaux, profilés creux et accessoires correspondants en acier",,,https://www.insee.fr/fr/metadonnees/naf2025/sousClasse/24.20Y,Insee — NAF 2025 — sous-classe 24.20Y
NAF 2025,C,INDUSTRIE MANUFACTURIÈRE,24,Métallurgie,24.3,Fabrication d’autres produits de première transformation de l’acier,24.31,Étirage à froid de barres,24.31Y,Étirage à froid de barres,,,https://www.insee.fr/fr/metadonnees/naf2025/sousClasse/24.31Y,Insee — NAF 2025 — sous-classe 24.31Y
NAF 2025,C,INDUSTRIE MANUFACTURIÈRE,24,Métallurgie,24.3,Fabrication d’autres produits de première transformation de l’acier,24.32,Laminage à froid de feuillards,24.32Y,Laminage à froid de feuillards,,,https://www.insee.fr/fr/metadonnees/naf2025/sousClasse/24.32Y,Insee — NAF 2025 — sous-classe 24.32Y
NAF 2025,C,INDUSTRIE MANUFACTURIÈRE,24,Métallurgie,24.3,Fabrication d’autres produits de première transformation de l’acier,24.33,Profilage à froid par formage ou pliage,24.33Y,Profilage à froid par formage ou pliage,,,https://www.insee.fr/fr/metadonnees/naf2025/sousClasse/24.33Y,Insee — NAF 2025 — sous-classe 24.33Y
NAF 2025,C,INDUSTRIE MANUFACTURIÈRE,24,Métallurgie,24.3,Fabrication d’autres produits de première transformation de l’acier,24.34,Tréfilage à froid,24.34Y,Tréfilage à froid,,,https://www.insee.fr/fr/metadonnees/naf2025/sousClasse/24.34Y,Insee — NAF 2025 — sous-classe 24.34Y
NAF 2025,C,INDUSTRIE MANUFACTURIÈRE,24,Métallurgie,24.4,Production de métaux précieux et d’autres métaux non ferreux,24.41,Production de métaux précieux,24.41Y,Production de métaux précieux,,,https://www.insee.fr/fr/metadonnees/naf2025/sousClasse/24.41Y,Insee — NAF 2025 — sous-classe 24.41Y
NAF 2025,C,INDUSTRIE MANUFACTURIÈRE,24,Métallurgie,24.4,Production de métaux précieux et d’autres métaux non ferreux,24.42,Métallurgie de l’aluminium,24.42Y,Métallurgie de l’aluminium,,,https://www.insee.fr/fr/metadonnees/naf2025/sousClasse/24.42Y,Insee — NAF 2025 — sous-classe 24.42Y
NAF 2025,C,INDUSTRIE MANUFACTURIÈRE,24,Métallurgie,24.4,Production de métaux précieux et d’autres métaux non ferreux,24.43,"Métallurgie du plomb, du zinc ou de l’étain",24.43Y,"Métallurgie du plomb, du zinc ou de l’étain",,,https://www.insee.fr/fr/metadonnees/naf2025/sousClasse/24.43Y,Insee — NAF 2025 — sous-classe 24.43Y
NAF 2025,C,INDUSTRIE MANUFACTURIÈRE,24,Métallurgie,24.4,Production de métaux précieux et d’autres métaux non ferreux,24.44,Métallurgie du cuivre,24.44Y,Métallurgie du cuivre,,,https://www.insee.fr/fr/metadonnees/naf2025/sousClasse/24.44Y,Insee — NAF 2025 — sous-classe 24.44Y
NAF 2025,C,INDUSTRIE MANUFACTURIÈRE,24,Métallurgie,24.4,Production de métaux précieux et d’autres métaux non ferreux,24.45,Métallurgie des autres métaux non ferreux,24.45Y,Métallurgie des autres métaux non ferreux,,,https://www.insee.fr/fr/metadonnees/naf2025/sousClasse/24.45Y,Insee — NAF 2025 — sous-classe 24.45Y
NAF 2025,C,INDUSTRIE MANUFACTURIÈRE,24,Métallurgie,24.4,Production de métaux précieux et d’autres métaux non ferreux,24.46,Élaboration et transformation de matières nucléaires,24.46Y,Élaboration et transformation de matières nucléaires,,,https://www.insee.fr/fr/metadonnees/naf2025/sousClasse/24.46Y,Insee — NAF 2025 — sous-classe 24.46Y
NAF 2025,C,INDUSTRIE MANUFACTURIÈRE,24,Métallurgie,24.5,Fonderie,24.51,Fonderie de fonte,24.51Y,Fonderie de fonte,,,https://www.insee.fr/fr/metadonnees/naf2025/sousClasse/24.51Y,Insee — NAF 2025 — sous-classe 24.51Y
NAF 2025,C,INDUSTRIE MANUFACTURIÈRE,24,Métallurgie,24.5,Fonderie,24.52,Fonderie d’acier,24.52Y,Fonderie d’acier,,,https://www.insee.fr/fr/metadonnees/naf2025/sousClasse/24.52Y,Insee — NAF 2025 — sous-classe 24.52Y
NAF 2025,C,INDUSTRIE MANUFACTURIÈRE,24,Métallurgie,24.5,Fonderie,24.53,Fonderie de métaux légers,24.53Y,Fonderie de métaux légers,,,https://www.insee.fr/fr/metadonnees/naf2025/sousClasse/24.53Y,Insee — NAF 2025 — sous-classe 24.53Y
NAF 2025,C,INDUSTRIE MANUFACTURIÈRE,24,Métallurgie,24.5,Fonderie,24.54,Fonderie d’autres métaux non ferreux,24.54Y,Fonderie d’autres métaux non ferreux,,,https://www.insee.fr/fr/metadonnees/naf2025/sousClasse/24.54Y,Insee — NAF 2025 — sous-classe 24.54Y
NAF 2025,C,INDUSTRIE MANUFACTURIÈRE,25,"Fabrication de produits métalliques, à l’exception des machines et des équipements",25.1,Fabrication d’éléments en métal pour la construction,25.11,Fabrication de structures métalliques et de parties de structures,25.11Y,Fabrication de structures métalliques et de parties de structures,,,https://www.insee.fr/fr/metadonnees/naf2025/sousClasse/25.11Y,Insee — NAF 2025 — sous-classe 25.11Y
NAF 2025,C,INDUSTRIE MANUFACTURIÈRE,25,"Fabrication de produits métalliques, à l’exception des machines et des équipements",25.1,Fabrication d’éléments en métal pour la construction,25.12,Fabrication de portes et fenêtres en métal,25.12Y,Fabrication de portes et fenêtres en métal,,,https://www.insee.fr/fr/metadonnees/naf2025/sousClasse/25.12Y,Insee — NAF 2025 — sous-classe 25.12Y
NAF 2025,C,INDUSTRIE MANUFACTURIÈRE,25,"Fabrication de produits métalliques, à l’exception des machines et des équipements",25.2,"Fabrication de réservoirs, citernes et conteneurs métalliques",25.21,Fabrication de radiateurs et de chaudières pour le chauffage central,25.21Y,Fabrication de radiateurs et de chaudières pour le chauffage central,,,https://www.insee.fr/fr/metadonnees/naf2025/sousClasse/25.21Y,Insee — NAF 2025 — sous-classe 25.21Y
NAF 2025,C,INDUSTRIE MANUFACTURIÈRE,25,"Fabrication de produits métalliques, à l’exception des machines et des équipements",25.2,"Fabrication de réservoirs, citernes et conteneurs métalliques",25.22,"Fabrication d’autres réservoirs, citernes et conteneurs métalliques",25.22Y,"Fabrication d’autres réservoirs, citernes et conteneurs métalliques",,,https://www.insee.fr/fr/metadonnees/naf2025/sousClasse/25.22Y,Insee — NAF 2025 — sous-classe 25.22Y
NAF 2025,C,INDUSTRIE MANUFACTURIÈRE,25,"Fabrication de produits métalliques, à l’exception des machines et des équipements",25.3,Fabrication d’armes et de munitions,25.30,Fabrication d’armes et de munitions,25.30Y,Fabrication d’armes et de munitions,,,https://www.insee.fr/fr/metadonnees/naf2025/sousClasse/25.30Y,Insee — NAF 2025 — sous-classe 25.30Y
NAF 2025,C,INDUSTRIE MANUFACTURIÈRE,25,"Fabrication de produits métalliques, à l’exception des machines et des équipements",25.4,Forgeage et façonnage de métal ; métallurgie des poudres,25.40,Forgeage et façonnage de métal ; métallurgie des poudres,25.40Y,Forgeage et façonnage de métal ; métallurgie des poudres,,,https://www.insee.fr/fr/metadonnees/naf2025/sousClasse/25.40Y,Insee — NAF 2025 — sous-classe 25.40Y
NAF 2025,C,INDUSTRIE MANUFACTURIÈRE,25,"Fabrication de produits métalliques, à l’exception des machines et des équipements",25.5,Traitement et revêtement des métaux ; usinage,25.51,Revêtement des métaux,25.51Y,Revêtement des métaux,,,https://www.insee.fr/fr/metadonnees/naf2025/sousClasse/25.51Y,Insee — NAF 2025 — sous-classe 25.51Y
NAF 2025,C,INDUSTRIE MANUFACTURIÈRE,25,"Fabrication de produits métalliques, à l’exception des machines et des équipements",25.5,Traitement et revêtement des métaux ; usinage,25.52,Traitement thermique des métaux,25.52Y,Traitement thermique des métaux,,,https://www.insee.fr/fr/metadonnees/naf2025/sousClasse/25.52Y,Insee — NAF 2025 — sous-classe 25.52Y
NAF 2025,C,INDUSTRIE MANUFACTURIÈRE,25,"Fabrication de produits métalliques, à l’exception des machines et des équipements",25.5,Traitement et revêtement des métaux ; usinage,25.53,Usinage des métaux,25.53Y,Usinage des métaux,,,https://www.insee.fr/fr/metadonnees/naf2025/sousClasse/25.53Y,Insee — NAF 2025 — sous-classe 25.53Y
NAF 2025,C,INDUSTRIE MANUFACTURIÈRE,25,"Fabrication de produits métalliques, à l’exception des machines et des équipements",25.6,"Fabrication de coutellerie, d’outillage et de quincaillerie",25.61,Fabrication de coutellerie,25.61Y,Fabrication de coutellerie,,,https://www.insee.fr/fr/metadonnees/naf2025/sousClasse/25.61Y,Insee — NAF 2025 — sous-classe 25.61Y
NAF 2025,C,INDUSTRIE MANUFACTURIÈRE,25,"Fabrication de produits métalliques, à l’exception des machines et des équipements",25.6,"Fabrication de coutellerie, d’outillage et de quincaillerie",25.62,Fabrication de serrures et de ferrures,25.62Y,Fabrication de serrures et de ferrures,,,https://www.insee.fr/fr/metadonnees/naf2025/sousClasse/25.62Y,Insee — NAF 2025 — sous-classe 25.62Y
NAF 2025,C,INDUSTRIE MANUFACTURIÈRE,25,"Fabrication de produits métalliques, à l’exception des machines et des équipements",25.6,"Fabrication de coutellerie, d’outillage et de quincaillerie",25.63,Fabrication d’outillage,25.63Y,Fabrication d’outillage,,,https://www.insee.fr/fr/metadonnees/naf2025/sousClasse/25.63Y,Insee — NAF 2025 — sous-classe 25.63Y
NAF 2025,C,INDUSTRIE MANUFACTURIÈRE,25,"Fabrication de produits métalliques, à l’exception des machines et des équipements",25.9,Fabrication d’autres ouvrages en métaux,25.91,Fabrication de fûts et emballages métalliques similaires,25.91Y,Fabrication de fûts et emballages métalliques similaires,,,https://www.insee.fr/fr/metadonnees/naf2025/sousClasse/25.91Y,Insee — NAF 2025 — sous-classe 25.91Y
NAF 2025,C,INDUSTRIE MANUFACTURIÈRE,25,"Fabrication de produits métalliques, à l’exception des machines et des équipements",25.9,Fabrication d’autres ouvrages en métaux,25.92,Fabrication d’emballages métalliques légers,25.92Y,Fabrication d’emballages métalliques légers,,,https://www.insee.fr/fr/metadonnees/naf2025/sousClasse/25.92Y,Insee — NAF 2025 — sous-classe 25.92Y
NAF 2025,C,INDUSTRIE MANUFACTURIÈRE,25,"Fabrication de produits métalliques, à l’exception des machines et des équipements",25.9,Fabrication d’autres ouvrages en métaux,25.93,"Fabrication d’articles en fils métalliques, de chaînes et de ressorts",25.93Y,"Fabrication d’articles en fils métalliques, de chaînes et de ressorts",,,https://www.insee.fr/fr/metadonnees/naf2025/sousClasse/25.93Y,Insee — NAF 2025 — sous-classe 25.93Y
NAF 2025,C,INDUSTRIE MANUFACTURIÈRE,25,"Fabrication de produits métalliques, à l’exception des machines et des équipements",25.9,Fabrication d’autres ouvrages en métaux,25.94,Fabrication de vis et de boulons,25.94Y,Fabrication de vis et de boulons,,,https://www.insee.fr/fr/metadonnees/naf2025/sousClasse/25.94Y,Insee — NAF 2025 — sous-classe 25.94Y
NAF 2025,C,INDUSTRIE MANUFACTURIÈRE,25,"Fabrication de produits métalliques, à l’exception des machines et des équipements",25.9,Fabrication d’autres ouvrages en métaux,25.99,Fabrication d’autres produits métalliques n.c.a.,25.99Y,Fabrication d’autres produits métalliques n.c.a.,,,https://www.insee.fr/fr/metadonnees/naf2025/sousClasse/25.99Y,Insee — NAF 2025 — sous-classe 25.99Y
NAF 2025,C,INDUSTRIE MANUFACTURIÈRE,26,"Fabrication de produits informatiques, électroniques et optiques",26.1,Fabrication de composants et cartes électroniques,26.11,Fabrication de composants électroniques,26.11Y,Fabrication de composants électroniques,,,https://www.insee.fr/fr/metadonnees/naf2025/sousClasse/26.11Y,Insee — NAF 2025 — sous-classe 26.11Y
NAF 2025,C,INDUSTRIE MANUFACTURIÈRE,26,"Fabrication de produits informatiques, électroniques et optiques",26.1,Fabrication de composants et cartes électroniques,26.12,Fabrication de cartes électroniques assemblées,26.12Y,Fabrication de cartes électroniques assemblées,,,https://www.insee.fr/fr/metadonnees/naf2025/sousClasse/26.12Y,Insee — NAF 2025 — sous-classe 26.12Y
NAF 2025,C,INDUSTRIE MANUFACTURIÈRE,26,"Fabrication de produits informatiques, électroniques et optiques",26.2,Fabrication d’ordinateurs et d’équipements périphériques,26.20,Fabrication d’ordinateurs et d’équipements périphériques,26.20Y,Fabrication d’ordinateurs et d’équipements périphériques,,,https://www.insee.fr/fr/metadonnees/naf2025/sousClasse/26.20Y,Insee — NAF 2025 — sous-classe 26.20Y
NAF 2025,C,INDUSTRIE MANUFACTURIÈRE,26,"Fabrication de produits informatiques, électroniques et optiques",26.3,Fabrication d’équipements de communication,26.30,Fabrication d’équipements de communication,26.30Y,Fabrication d’équipements de communication,,,https://www.insee.fr/fr/metadonnees/naf2025/sousClasse/26.30Y,Insee — NAF 2025 — sous-classe 26.30Y
NAF 2025,C,INDUSTRIE MANUFACTURIÈRE,26,"Fabrication de produits informatiques, électroniques et optiques",26.4,Fabrication de produits électroniques grand public,26.40,Fabrication de produits électroniques grand public,26.40Y,Fabrication de produits électroniques grand public,,,https://www.insee.fr/fr/metadonnees/naf2025/sousClasse/26.40Y,Insee — NAF 2025 — sous-classe 26.40Y
NAF 2025,C,INDUSTRIE MANUFACTURIÈRE,26,"Fabrication de produits informatiques, électroniques et optiques",26.5,Fabrication d’instruments de mesure et d’essai ; horlogerie,26.51,"Fabrication d’instruments et d’appareils de mesure, d’essai et de navigation",26.51Y,"Fabrication d’instruments et d’appareils de mesure, d’essai et de navigation",,,https://www.insee.fr/fr/metadonnees/naf2025/sousClasse/26.51Y,Insee — NAF 2025 — sous-classe 26.51Y
NAF 2025,C,INDUSTRIE MANUFACTURIÈRE,26,"Fabrication de produits informatiques, électroniques et optiques",26.5,Fabrication d’instruments de mesure et d’essai ; horlogerie,26.52,Horlogerie,26.52Y,Horlogerie,,,https://www.insee.fr/fr/metadonnees/naf2025/sousClasse/26.52Y,Insee — NAF 2025 — sous-classe 26.52Y
NAF 2025,C,INDUSTRIE MANUFACTURIÈRE,26,"Fabrication de produits informatiques, électroniques et optiques",26.6,"Fabrication d’équipements d’irradiation médicale, d’équipements électromédicaux et électrothérapeutiques",26.60,"Fabrication d’équipements d’irradiation médicale, d’équipements électromédicaux et électrothérapeutiques",26.60Y,"Fabrication d’équipements d’irradiation médicale, d’équipements électromédicaux et électrothérapeutiques",,,https://www.insee.fr/fr/metadonnees/naf2025/sousClasse/26.60Y,Insee — NAF 2025 — sous-classe 26.60Y
NAF 2025,C,INDUSTRIE MANUFACTURIÈRE,26,"Fabrication de produits informatiques, électroniques et optiques",26.7,Fabrication de matériels optique et photographique et de supports magnétiques et optiques,26.70,Fabrication de matériels optique et photographique et de supports magnétiques et optiques,26.70Y,Fabrication de matériels optique et photographique et de supports magnétiques et optiques,,,https://www.insee.fr/fr/metadonnees/naf2025/sousClasse/26.70Y,Insee — NAF 2025 — sous-classe 26.70Y
NAF 2025,C,INDUSTRIE MANUFACTURIÈRE,27,Fabrication d’équipements électriques,27.1,"Fabrication de moteurs, génératrices et transformateurs électriques et de matériel de distribution et de commande électrique",27.11,"Fabrication de moteurs, génératrices et transformateurs électriques",27.11Y,"Fabrication de moteurs, génératrices et transformateurs électriques",,,https://www.insee.fr/fr/metadonnees/naf2025/sousClasse/27.11Y,Insee — NAF 2025 — sous-classe 27.11Y
NAF 2025,C,INDUSTRIE MANUFACTURIÈRE,27,Fabrication d’équipements électriques,27.1,"Fabrication de moteurs, génératrices et transformateurs électriques et de matériel de distribution et de commande électrique",27.12,Fabrication de matériel de distribution et de commande électrique,27.12Y,Fabrication de matériel de distribution et de commande électrique,,,https://www.insee.fr/fr/metadonnees/naf2025/sousClasse/27.12Y,Insee — NAF 2025 — sous-classe 27.12Y
NAF 2025,C,INDUSTRIE MANUFACTURIÈRE,27,Fabrication d’équipements électriques,27.2,Fabrication de piles et d’accumulateurs électriques,27.20,Fabrication de piles et d’accumulateurs électriques,27.20Y,Fabrication de piles et d’accumulateurs électriques,,,https://www.insee.fr/fr/metadonnees/naf2025/sousClasse/27.20Y,Insee — NAF 2025 — sous-classe 27.20Y
NAF 2025,C,INDUSTRIE MANUFACTURIÈRE,27,Fabrication d’équipements électriques,27.3,Fabrication de fils et câbles et de matériel d’installation électrique,27.31,Fabrication de câbles de fibres optiques,27.31Y,Fabrication de câbles de fibres optiques,,,https://www.insee.fr/fr/metadonnees/naf2025/sousClasse/27.31Y,Insee — NAF 2025 — sous-classe 27.31Y
NAF 2025,C,INDUSTRIE MANUFACTURIÈRE,27,Fabrication d’équipements électriques,27.3,Fabrication de fils et câbles et de matériel d’installation électrique,27.32,Fabrication d’autres fils et câbles électroniques ou électriques,27.32Y,Fabrication d’autres fils et câbles électroniques ou électriques,,,https://www.insee.fr/fr/metadonnees/naf2025/sousClasse/27.32Y,Insee — NAF 2025 — sous-classe 27.32Y
NAF 2025,C,INDUSTRIE MANUFACTURIÈRE,27,Fabrication d’équipements électriques,27.3,Fabrication de fils et câbles et de matériel d’installation électrique,27.33,Fabrication de matériel d’installation électrique,27.33Y,Fabrication de matériel d’installation électrique,,,https://www.insee.fr/fr/metadonnees/naf2025/sousClasse/27.33Y,Insee — NAF 2025 — sous-classe 27.33Y
NAF 2025,C,INDUSTRIE MANUFACTURIÈRE,27,Fabrication d’équipements électriques,27.4,Fabrication d’appareils d’éclairage,27.40,Fabrication d’appareils d’éclairage,27.40Y,Fabrication d’appareils d’éclairage,,,https://www.insee.fr/fr/metadonnees/naf2025/sousClasse/27.40Y,Insee — NAF 2025 — sous-classe 27.40Y
NAF 2025,C,INDUSTRIE MANUFACTURIÈRE,27,Fabrication d’équipements électriques,27.5,Fabrication d’appareils ménagers,27.51,Fabrication d’appareils électroménagers,27.51Y,Fabrication d’appareils électroménagers,,,https://www.insee.fr/fr/metadonnees/naf2025/sousClasse/27.51Y,Insee — NAF 2025 — sous-classe 27.51Y
NAF 2025,C,INDUSTRIE MANUFACTURIÈRE,27,Fabrication d’équipements électriques,27.5,Fabrication d’appareils ménagers,27.52,Fabrication d’appareils ménagers non électriques,27.52Y,Fabrication d’appareils ménagers non électriques,,,https://www.insee.fr/fr/metadonnees/naf2025/sousClasse/27.52Y,Insee — NAF 2025 — sous-classe 27.52Y
NAF 2025,C,INDUSTRIE MANUFACTURIÈRE,27,Fabrication d’équipements électriques,27.9,Fabrication d’autres matériels électriques,27.90,Fabrication d’autres matériels électriques,27.90Y,Fabrication d’autres matériels électriques,,,https://www.insee.fr/fr/metadonnees/naf2025/sousClasse/27.90Y,Insee — NAF 2025 — sous-classe 27.90Y
NAF 2025,C,INDUSTRIE MANUFACTURIÈRE,28,Fabrication de machines et équipements n.c.a.,28.1,Fabrication de machines d’usage général,28.11,"Fabrication de moteurs et turbines, à l’exception des moteurs d’avions et de véhicules",28.11Y,"Fabrication de moteurs et turbines, à l’exception des moteurs d’avions et de véhicules",,,https://www.insee.fr/fr/metadonnees/naf2025/sousClasse/28.11Y,Insee — NAF 2025 — sous-classe 28.11Y
NAF 2025,C,INDUSTRIE MANUFACTURIÈRE,28,Fabrication de machines et équipements n.c.a.,28.1,Fabrication de machines d’usage général,28.12,Fabrication d’équipements de transmission de puissance hydrauliques et pneumatiques,28.12Y,Fabrication d’équipements de transmission de puissance hydrauliques et pneumatiques,,,https://www.insee.fr/fr/metadonnees/naf2025/sousClasse/28.12Y,Insee — NAF 2025 — sous-classe 28.12Y
NAF 2025,C,INDUSTRIE MANUFACTURIÈRE,28,Fabrication de machines et équipements n.c.a.,28.1,Fabrication de machines d’usage général,28.13,Fabrication d’autres pompes et compresseurs,28.13G,Fabrication d'autres pompes,,,https://www.insee.fr/fr/metadonnees/naf2025/sousClasse/28.13G,Insee — NAF 2025 — sous-classe 28.13G
NAF 2025,C,INDUSTRIE MANUFACTURIÈRE,28,Fabrication de machines et équipements n.c.a.,28.1,Fabrication de machines d’usage général,28.13,Fabrication d’autres pompes et compresseurs,28.13H,Fabrication d'autres compresseurs,,,https://www.insee.fr/fr/metadonnees/naf2025/sousClasse/28.13H,Insee — NAF 2025 — sous-classe 28.13H
NAF 2025,C,INDUSTRIE MANUFACTURIÈRE,28,Fabrication de machines et équipements n.c.a.,28.1,Fabrication de machines d’usage général,28.14,Fabrication d’autres articles de robinetterie,28.14Y,Fabrication d’autres articles de robinetterie,,,https://www.insee.fr/fr/metadonnees/naf2025/sousClasse/28.14Y,Insee — NAF 2025 — sous-classe 28.14Y
NAF 2025,C,INDUSTRIE MANUFACTURIÈRE,28,Fabrication de machines et équipements n.c.a.,28.1,Fabrication de machines d’usage général,28.15,Fabrication de roulements et de transmissions mécaniques,28.15Y,Fabrication de roulements et de transmissions mécaniques,,,https://www.insee.fr/fr/metadonnees/naf2025/sousClasse/28.15Y,Insee — NAF 2025 — sous-classe 28.15Y
NAF 2025,C,INDUSTRIE MANUFACTURIÈRE,28,Fabrication de machines et équipements n.c.a.,28.2,Fabrication d’autres machines d’usage général,28.21,Fabrication de fours et brûleurs et d’équipements fixes de chauffage domestique,28.21Y,Fabrication de fours et brûleurs et d’équipements fixes de chauffage domestique,,,https://www.insee.fr/fr/metadonnees/naf2025/sousClasse/28.21Y,Insee — NAF 2025 — sous-classe 28.21Y
NAF 2025,C,INDUSTRIE MANUFACTURIÈRE,28,Fabrication de machines et équipements n.c.a.,28.2,Fabrication d’autres machines d’usage général,28.22,Fabrication de matériel de levage et de manutention,28.22Y,Fabrication de matériel de levage et de manutention,,,https://www.insee.fr/fr/metadonnees/naf2025/sousClasse/28.22Y,Insee — NAF 2025 — sous-classe 28.22Y
NAF 2025,C,INDUSTRIE MANUFACTURIÈRE,28,Fabrication de machines et équipements n.c.a.,28.2,Fabrication d’autres machines d’usage général,28.23,Fabrication de machines et d’équipements de bureau (à l’exception des ordinateurs et équipements périphériques),28.23Y,Fabrication de machines et d’équipements de bureau (à l’exception des ordinateurs et équipements périphériques),,,https://www.insee.fr/fr/metadonnees/naf2025/sousClasse/28.23Y,Insee — NAF 2025 — sous-classe 28.23Y
NAF 2025,C,INDUSTRIE MANUFACTURIÈRE,28,Fabrication de machines et équipements n.c.a.,28.2,Fabrication d’autres machines d’usage général,28.24,Fabrication d’outillage portatif à moteur incorporé,28.24Y,Fabrication d’outillage portatif à moteur incorporé,,,https://www.insee.fr/fr/metadonnees/naf2025/sousClasse/28.24Y,Insee — NAF 2025 — sous-classe 28.24Y
NAF 2025,C,INDUSTRIE MANUFACTURIÈRE,28,Fabrication de machines et équipements n.c.a.,28.2,Fabrication d’autres machines d’usage général,28.25,Fabrication d’équipements aérauliques et frigorifiques industriels,28.25Y,Fabrication d’équipements aérauliques et frigorifiques industriels,,,https://www.insee.fr/fr/metadonnees/naf2025/sousClasse/28.25Y,Insee — NAF 2025 — sous-classe 28.25Y
NAF 2025,C,INDUSTRIE MANUFACTURIÈRE,28,Fabrication de machines et équipements n.c.a.,28.2,Fabrication d’autres machines d’usage général,28.29,Fabrication de machines diverses d’usage général,28.29Y,Fabrication de machines diverses d’usage général,,,https://www.insee.fr/fr/metadonnees/naf2025/sousClasse/28.29Y,Insee — NAF 2025 — sous-classe 28.29Y
NAF 2025,C,INDUSTRIE MANUFACTURIÈRE,28,Fabrication de machines et équipements n.c.a.,28.3,Fabrication de machines agricoles et forestières,28.30,Fabrication de machines agricoles et forestières,28.30Y,Fabrication de machines agricoles et forestières,,,https://www.insee.fr/fr/metadonnees/naf2025/sousClasse/28.30Y,Insee — NAF 2025 — sous-classe 28.30Y
NAF 2025,C,INDUSTRIE MANUFACTURIÈRE,28,Fabrication de machines et équipements n.c.a.,28.4,Fabrication de machines de formage des métaux et de machines-outils,28.41,Fabrication de machines-outils pour le formage et le travail des métaux,28.41Y,Fabrication de machines-outils pour le formage et le travail des métaux,,,https://www.insee.fr/fr/metadonnees/naf2025/sousClasse/28.41Y,Insee — NAF 2025 — sous-classe 28.41Y
NAF 2025,C,INDUSTRIE MANUFACTURIÈRE,28,Fabrication de machines et équipements n.c.a.,28.4,Fabrication de machines de formage des métaux et de machines-outils,28.42,Fabrication d’autres machines-outils,28.42Y,Fabrication d’autres machines-outils,,,https://www.insee.fr/fr/metadonnees/naf2025/sousClasse/28.42Y,Insee — NAF 2025 — sous-classe 28.42Y
NAF 2025,C,INDUSTRIE MANUFACTURIÈRE,28,Fabrication de machines et équipements n.c.a.,28.9,Fabrication d’autres machines d’usage spécifique,28.91,Fabrication de machines pour la métallurgie,28.91Y,Fabrication de machines pour la métallurgie,,,https://www.insee.fr/fr/metadonnees/naf2025/sousClasse/28.91Y,Insee — NAF 2025 — sous-classe 28.91Y
NAF 2025,C,INDUSTRIE MANUFACTURIÈRE,28,Fabrication de machines et équipements n.c.a.,28.9,Fabrication d’autres machines d’usage spécifique,28.92,Fabrication de machines pour l’extraction ou la construction,28.92Y,Fabrication de machines pour l’extraction ou la construction,,,https://www.insee.fr/fr/metadonnees/naf2025/sousClasse/28.92Y,Insee — NAF 2025 — sous-classe 28.92Y
NAF 2025,C,INDUSTRIE MANUFACTURIÈRE,28,Fabrication de machines et équipements n.c.a.,28.9,Fabrication d’autres machines d’usage spécifique,28.93,Fabrication de machines pour l’industrie agro-alimentaire,28.93Y,Fabrication de machines pour l’industrie agro-alimentaire,,,https://www.insee.fr/fr/metadonnees/naf2025/sousClasse/28.93Y,Insee — NAF 2025 — sous-classe 28.93Y
NAF 2025,C,INDUSTRIE MANUFACTURIÈRE,28,Fabrication de machines et équipements n.c.a.,28.9,Fabrication d’autres machines d’usage spécifique,28.94,Fabrication de machines pour les industries textiles et du cuir,28.94Y,Fabrication de machines pour les industries textiles et du cuir,,,https://www.insee.fr/fr/metadonnees/naf2025/sousClasse/28.94Y,Insee — NAF 2025 — sous-classe 28.94Y
NAF 2025,C,INDUSTRIE MANUFACTURIÈRE,28,Fabrication de machines et équipements n.c.a.,28.9,Fabrication d’autres machines d’usage spécifique,28.95,Fabrication de machines pour les industries du papier et du carton,28.95Y,Fabrication de machines pour les industries du papier et du carton,,,https://www.insee.fr/fr/metadonnees/naf2025/sousClasse/28.95Y,Insee — NAF 2025 — sous-classe 28.95Y
NAF 2025,C,INDUSTRIE MANUFACTURIÈRE,28,Fabrication de machines et équipements n.c.a.,28.9,Fabrication d’autres machines d’usage spécifique,28.96,Fabrication de machines pour le travail du caoutchouc ou des plastiques,28.96Y,Fabrication de machines pour le travail du caoutchouc ou des plastiques,,,https://www.insee.fr/fr/metadonnees/naf2025/sousClasse/28.96Y,Insee — NAF 2025 — sous-classe 28.96Y
NAF 2025,C,INDUSTRIE MANUFACTURIÈRE,28,Fabrication de machines et équipements n.c.a.,28.9,Fabrication d’autres machines d’usage spécifique,28.97,Fabrication de machines de fabrication additive,28.97Y,Fabrication de machines de fabrication additive,,,https://www.insee.fr/fr/metadonnees/naf2025/sousClasse/28.97Y,Insee — NAF 2025 — sous-classe 28.97Y
NAF 2025,C,INDUSTRIE MANUFACTURIÈRE,28,Fabrication de machines et équipements n.c.a.,28.9,Fabrication d’autres machines d’usage spécifique,28.99,Fabrication d’autres machines d’usage spécifique n.c.a.,28.99Y,Fabrication d’autres machines d’usage spécifique n.c.a.,,,https://www.insee.fr/fr/metadonnees/naf2025/sousClasse/28.99Y,Insee — NAF 2025 — sous-classe 28.99Y
NAF 2025,C,INDUSTRIE MANUFACTURIÈRE,29,Industrie automobile,29.1,Construction de véhicules automobiles,29.10,Construction de véhicules automobiles,29.10Y,Construction de véhicules automobiles,,,https://www.insee.fr/fr/metadonnees/naf2025/sousClasse/29.10Y,Insee — NAF 2025 — sous-classe 29.10Y
NAF 2025,C,INDUSTRIE MANUFACTURIÈRE,29,Industrie automobile,29.2,Fabrication de carrosseries de véhicules automobiles ; fabrication de remorques et de semi-remorques,29.20,Fabrication de carrosseries de véhicules automobiles ; fabrication de remorques et de semi-remorques,29.20Y,Fabrication de carrosseries de véhicules automobiles ; fabrication de remorques et de semi-remorques,,,https://www.insee.fr/fr/metadonnees/naf2025/sousClasse/29.20Y,Insee — NAF 2025 — sous-classe 29.20Y
NAF 2025,C,INDUSTRIE MANUFACTURIÈRE,29,Industrie automobile,29.3,Fabrication d’équipements automobiles,29.31,Fabrication d’équipements électriques et électroniques automobiles,29.31Y,Fabrication d’équipements électriques et électroniques automobiles,,,https://www.insee.fr/fr/metadonnees/naf2025/sousClasse/29.31Y,Insee — NAF 2025 — sous-classe 29.31Y
NAF 2025,C,INDUSTRIE MANUFACTURIÈRE,29,Industrie automobile,29.3,Fabrication d’équipements automobiles,29.32,Fabrication d’autres équipements automobiles,29.32Y,Fabrication d’autres équipements automobiles,,,https://www.insee.fr/fr/metadonnees/naf2025/sousClasse/29.32Y,Insee — NAF 2025 — sous-classe 29.32Y
NAF 2025,C,INDUSTRIE MANUFACTURIÈRE,30,Fabrication d’autres matériels de transport,30.1,Construction navale,30.11,Construction de navires et de structures flottantes civiles,30.11Y,Construction de navires et de structures flottantes civiles,,,https://www.insee.fr/fr/metadonnees/naf2025/sousClasse/30.11Y,Insee — NAF 2025 — sous-classe 30.11Y
NAF 2025,C,INDUSTRIE MANUFACTURIÈRE,30,Fabrication d’autres matériels de transport,30.1,Construction navale,30.12,Construction de bateaux de plaisance,30.12Y,Construction de bateaux de plaisance,,,https://www.insee.fr/fr/metadonnees/naf2025/sousClasse/30.12Y,Insee — NAF 2025 — sous-classe 30.12Y
NAF 2025,C,INDUSTRIE MANUFACTURIÈRE,30,Fabrication d’autres matériels de transport,30.1,Construction navale,30.13,Construction de bateaux et navires militaires,30.13Y,Construction de bateaux et navires militaires,,,https://www.insee.fr/fr/metadonnees/naf2025/sousClasse/30.13Y,Insee — NAF 2025 — sous-classe 30.13Y
NAF 2025,C,INDUSTRIE MANUFACTURIÈRE,30,Fabrication d’autres matériels de transport,30.2,Construction de locomotives et d’autre matériel ferroviaire roulant,30.20,Construction de locomotives et d’autre matériel ferroviaire roulant,30.20Y,Construction de locomotives et d’autre matériel ferroviaire roulant,,,https://www.insee.fr/fr/metadonnees/naf2025/sousClasse/30.20Y,Insee — NAF 2025 — sous-classe 30.20Y
NAF 2025,C,INDUSTRIE MANUFACTURIÈRE,30,Fabrication d’autres matériels de transport,30.3,Construction aéronautique et spatiale,30.31,Construction aéronautique et spatiale civile,30.31Y,Construction aéronautique et spatiale civile,,,https://www.insee.fr/fr/metadonnees/naf2025/sousClasse/30.31Y,Insee — NAF 2025 — sous-classe 30.31Y
NAF 2025,C,INDUSTRIE MANUFACTURIÈRE,30,Fabrication d’autres matériels de transport,30.3,Construction aéronautique et spatiale,30.32,Construction aéronautique et spatiale militaire,30.32Y,Construction aéronautique et spatiale militaire,,,https://www.insee.fr/fr/metadonnees/naf2025/sousClasse/30.32Y,Insee — NAF 2025 — sous-classe 30.32Y
NAF 2025,C,INDUSTRIE MANUFACTURIÈRE,30,Fabrication d’autres matériels de transport,30.4,Construction de véhicules militaires de combat,30.40,Construction de véhicules militaires de combat,30.40Y,Construction de véhicules militaires de combat,,,https://www.insee.fr/fr/metadonnees/naf2025/sousClasse/30.40Y,Insee — NAF 2025 — sous-classe 30.40Y
NAF 2025,C,INDUSTRIE MANUFACTURIÈRE,30,Fabrication d’autres matériels de transport,30.9,Fabrication de matériels de transport n.c.a.,30.91,Fabrication de motocycles,30.91Y,Fabrication de motocycles,,,https://www.insee.fr/fr/metadonnees/naf2025/sousClasse/30.91Y,Insee — NAF 2025 — sous-classe 30.91Y
NAF 2025,C,INDUSTRIE MANUFACTURIÈRE,30,Fabrication d’autres matériels de transport,30.9,Fabrication de matériels de transport n.c.a.,30.92,Fabrication de bicyclettes et de véhicules pour invalides,30.92Y,Fabrication de bicyclettes et de véhicules pour invalides,,,https://www.insee.fr/fr/metadonnees/naf2025/sousClasse/30.92Y,Insee — NAF 2025 — sous-classe 30.92Y
NAF 2025,C,INDUSTRIE MANUFACTURIÈRE,30,Fabrication d’autres matériels de transport,30.9,Fabrication de matériels de transport n.c.a.,30.99,Fabrication d’autres équipements de transport n.c.a.,30.99Y,Fabrication d’autres équipements de transport n.c.a.,,,https://www.insee.fr/fr/metadonnees/naf2025/sousClasse/30.99Y,Insee — NAF 2025 — sous-classe 30.99Y
NAF 2025,C,INDUSTRIE MANUFACTURIÈRE,31,Fabrication de meubles,31.0,Fabrication de meubles,31.00,Fabrication de meubles,31.00G,Fabrication de meubles à destination de professionnels,,,https://www.insee.fr/fr/metadonnees/naf2025/sousClasse/31.00G,Insee — NAF 2025 — sous-classe 31.00G
NAF 2025,C,INDUSTRIE MANUFACTURIÈRE,31,Fabrication de meubles,31.0,Fabrication de meubles,31.00,Fabrication de meubles,31.00H,Fabrication de meubles de cuisine et salle de bain,,,https://www.insee.fr/fr/metadonnees/naf2025/sousClasse/31.00H,Insee — NAF 2025 — sous-classe 31.00H
NAF 2025,C,INDUSTRIE MANUFACTURIÈRE,31,Fabrication de meubles,31.0,Fabrication de meubles,31.00,Fabrication de meubles,31.00J,"Fabrication d'autres meubles domestiques, de sommiers et de matelas",,,https://www.insee.fr/fr/metadonnees/naf2025/sousClasse/31.00J,Insee — NAF 2025 — sous-classe 31.00J
NAF 2025,C,INDUSTRIE MANUFACTURIÈRE,32,Autres industries manufacturières,32.1,"Fabrication d’articles de joaillerie, bijouterie et articles similaires",32.11,Frappe de monnaie,32.11Y,Frappe de monnaie,,,https://www.insee.fr/fr/metadonnees/naf2025/sousClasse/32.11Y,Insee — NAF 2025 — sous-classe 32.11Y
NAF 2025,C,INDUSTRIE MANUFACTURIÈRE,32,Autres industries manufacturières,32.1,"Fabrication d’articles de joaillerie, bijouterie et articles similaires",32.12,Fabrication d’articles de joaillerie et bijouterie,32.12Y,Fabrication d’articles de joaillerie et bijouterie,,,https://www.insee.fr/fr/metadonnees/naf2025/sousClasse/32.12Y,Insee — NAF 2025 — sous-classe 32.12Y
NAF 2025,C,INDUSTRIE MANUFACTURIÈRE,32,Autres industries manufacturières,32.1,"Fabrication d’articles de joaillerie, bijouterie et articles similaires",32.13,Fabrication d’articles de bijouterie fantaisie et articles similaires,32.13Y,Fabrication d’articles de bijouterie fantaisie et articles similaires,,,https://www.insee.fr/fr/metadonnees/naf2025/sousClasse/32.13Y,Insee — NAF 2025 — sous-classe 32.13Y
NAF 2025,C,INDUSTRIE MANUFACTURIÈRE,32,Autres industries manufacturières,32.2,Fabrication d’instruments de musique,32.20,Fabrication d’instruments de musique,32.20Y,Fabrication d’instruments de musique,,,https://www.insee.fr/fr/metadonnees/naf2025/sousClasse/32.20Y,Insee — NAF 2025 — sous-classe 32.20Y
NAF 2025,C,INDUSTRIE MANUFACTURIÈRE,32,Autres industries manufacturières,32.3,Fabrication d’articles de sport,32.30,Fabrication d’articles de sport,32.30Y,Fabrication d’articles de sport,,,https://www.insee.fr/fr/metadonnees/naf2025/sousClasse/32.30Y,Insee — NAF 2025 — sous-classe 32.30Y
NAF 2025,C,INDUSTRIE MANUFACTURIÈRE,32,Autres industries manufacturières,32.4,Fabrication de jeux et jouets,32.40,Fabrication de jeux et jouets,32.40Y,Fabrication de jeux et jouets,,,https://www.insee.fr/fr/metadonnees/naf2025/sousClasse/32.40Y,Insee — NAF 2025 — sous-classe 32.40Y
NAF 2025,C,INDUSTRIE MANUFACTURIÈRE,32,Autres industries manufacturières,32.5,Fabrication d’instruments et de fournitures à usage médical et dentaire,32.50,Fabrication d’instruments et de fournitures à usage médical et dentaire,32.50Y,Fabrication d’instruments et de fournitures à usage médical et dentaire,,,https://www.insee.fr/fr/metadonnees/naf2025/sousClasse/32.50Y,Insee — NAF 2025 — sous-classe 32.50Y
NAF 2025,C,INDUSTRIE MANUFACTURIÈRE,32,Autres industries manufacturières,32.9,Activités manufacturières n.c.a.,32.91,Fabrication d’articles de brosserie,32.91Y,Fabrication d’articles de brosserie,,,https://www.insee.fr/fr/metadonnees/naf2025/sousClasse/32.91Y,Insee — NAF 2025 — sous-classe 32.91Y
NAF 2025,C,INDUSTRIE MANUFACTURIÈRE,32,Autres industries manufacturières,32.9,Activités manufacturières n.c.a.,32.99,Autres activités manufacturières n.c.a.,32.99Y,Autres activités manufacturières n.c.a.,,,https://www.insee.fr/fr/metadonnees/naf2025/sousClasse/32.99Y,Insee — NAF 2025 — sous-classe 32.99Y
NAF 2025,C,INDUSTRIE MANUFACTURIÈRE,33,"Réparation, entretien et installation de machines et d’équipements",33.1,"Réparation et entretien d’ouvrages en métaux, de machines et d’équipements",33.11,Réparation et entretien d’ouvrages en métaux,33.11Y,Réparation et entretien d’ouvrages en métaux,,,https://www.insee.fr/fr/metadonnees/naf2025/sousClasse/33.11Y,Insee — NAF 2025 — sous-classe 33.11Y
NAF 2025,C,INDUSTRIE MANUFACTURIÈRE,33,"Réparation, entretien et installation de machines et d’équipements",33.1,"Réparation et entretien d’ouvrages en métaux, de machines et d’équipements",33.12,Réparation et entretien de machines,33.12Y,Réparation et entretien de machines,,,https://www.insee.fr/fr/metadonnees/naf2025/sousClasse/33.12Y,Insee — NAF 2025 — sous-classe 33.12Y
NAF 2025,C,INDUSTRIE MANUFACTURIÈRE,33,"Réparation, entretien et installation de machines et d’équipements",33.1,"Réparation et entretien d’ouvrages en métaux, de machines et d’équipements",33.13,Réparation et entretien de matériels électroniques et optiques,33.13Y,Réparation et entretien de matériels électroniques et optiques,,,https://www.insee.fr/fr/metadonnees/naf2025/sousClasse/33.13Y,Insee — NAF 2025 — sous-classe 33.13Y
NAF 2025,C,INDUSTRIE MANUFACTURIÈRE,33,"Réparation, entretien et installation de machines et d’équipements",33.1,"Réparation et entretien d’ouvrages en métaux, de machines et d’équipements",33.14,Réparation et entretien d’équipements électriques,33.14Y,Réparation et entretien d’équipements électriques,,,https://www.insee.fr/fr/metadonnees/naf2025/sousClasse/33.14Y,Insee — NAF 2025 — sous-classe 33.14Y
NAF 2025,C,INDUSTRIE MANUFACTURIÈRE,33,"Réparation, entretien et installation de machines et d’équipements",33.1,"Réparation et entretien d’ouvrages en métaux, de machines et d’équipements",33.15,Réparation et entretien de bateaux et navires civils,33.15Y,Réparation et entretien de bateaux et navires civils,,,https://www.insee.fr/fr/metadonnees/naf2025/sousClasse/33.15Y,Insee — NAF 2025 — sous-classe 33.15Y
NAF 2025,C,INDUSTRIE MANUFACTURIÈRE,33,"Réparation, entretien et installation de machines et d’équipements",33.1,"Réparation et entretien d’ouvrages en métaux, de machines et d’équipements",33.16,Réparation et entretien d’aéronefs et d’engins spatiaux civils,33.16Y,Réparation et entretien d’aéronefs et d’engins spatiaux civils,,,https://www.insee.fr/fr/metadonnees/naf2025/sousClasse/33.16Y,Insee — NAF 2025 — sous-classe 33.16Y
NAF 2025,C,INDUSTRIE MANUFACTURIÈRE,33,"Réparation, entretien et installation de machines et d’équipements",33.1,"Réparation et entretien d’ouvrages en métaux, de machines et d’équipements",33.17,Réparation et entretien d’autres équipements de transport civils,33.17Y,Réparation et entretien d’autres équipements de transport civils,,,https://www.insee.fr/fr/metadonnees/naf2025/sousClasse/33.17Y,Insee — NAF 2025 — sous-classe 33.17Y
NAF 2025,C,INDUSTRIE MANUFACTURIÈRE,33,"Réparation, entretien et installation de machines et d’équipements",33.1,"Réparation et entretien d’ouvrages en métaux, de machines et d’équipements",33.18,"Réparation et entretien de véhicules de combat, de navires, de bateaux, d’aéronefs et d’engins spatiaux militaires",33.18G,Réparation et entretien d’aéronefs et d’engins spatiaux militaires,,,https://www.insee.fr/fr/metadonnees/naf2025/sousClasse/33.18G,Insee — NAF 2025 — sous-classe 33.18G
NAF 2025,C,INDUSTRIE MANUFACTURIÈRE,33,"Réparation, entretien et installation de machines et d’équipements",33.1,"Réparation et entretien d’ouvrages en métaux, de machines et d’équipements",33.18,"Réparation et entretien de véhicules de combat, de navires, de bateaux, d’aéronefs et d’engins spatiaux militaires",33.18H,"Réparation et entretien de véhicules de combat, de navires et de bateaux militaires",,,https://www.insee.fr/fr/metadonnees/naf2025/sousClasse/33.18H,Insee — NAF 2025 — sous-classe 33.18H
NAF 2025,C,INDUSTRIE MANUFACTURIÈRE,33,"Réparation, entretien et installation de machines et d’équipements",33.1,"Réparation et entretien d’ouvrages en métaux, de machines et d’équipements",33.19,Réparation et entretien d’autres équipements,33.19Y,Réparation et entretien d’autres équipements,,,https://www.insee.fr/fr/metadonnees/naf2025/sousClasse/33.19Y,Insee — NAF 2025 — sous-classe 33.19Y
NAF 2025,C,INDUSTRIE MANUFACTURIÈRE,33,"Réparation, entretien et installation de machines et d’équipements",33.2,Installation de machines et d’équipements industriels,33.20,Installation de machines et d’équipements industriels,33.20Y,Installation de machines et d’équipements industriels,,,https://www.insee.fr/fr/metadonnees/naf2025/sousClasse/33.20Y,Insee — NAF 2025 — sous-classe 33.20Y
NAF 2025,D,"PRODUCTION ET DISTRIBUTION D’ÉLECTRICITÉ, DE GAZ, DE VAPEUR ET D’AIR CONDITIONNÉ",35,"Production et distribution d’électricité, de gaz, de vapeur et d’air conditionné",35.1,"Production, transport et distribution d’électricité",35.11,Production d’électricité à partir de sources non renouvelables,35.11Y,Production d’électricité à partir de sources non renouvelables,,,https://www.insee.fr/fr/metadonnees/naf2025/sousClasse/35.11Y,Insee — NAF 2025 — sous-classe 35.11Y
NAF 2025,D,"PRODUCTION ET DISTRIBUTION D’ÉLECTRICITÉ, DE GAZ, DE VAPEUR ET D’AIR CONDITIONNÉ",35,"Production et distribution d’électricité, de gaz, de vapeur et d’air conditionné",35.1,"Production, transport et distribution d’électricité",35.12,Production d’électricité à partir de sources renouvelables,35.12Y,Production d’électricité à partir de sources renouvelables,,,https://www.insee.fr/fr/metadonnees/naf2025/sousClasse/35.12Y,Insee — NAF 2025 — sous-classe 35.12Y
NAF 2025,D,"PRODUCTION ET DISTRIBUTION D’ÉLECTRICITÉ, DE GAZ, DE VAPEUR ET D’AIR CONDITIONNÉ",35,"Production et distribution d’électricité, de gaz, de vapeur et d’air conditionné",35.1,"Production, transport et distribution d’électricité",35.13,Transport d’électricité,35.13Y,Transport d’électricité,,,https://www.insee.fr/fr/metadonnees/naf2025/sousClasse/35.13Y,Insee — NAF 2025 — sous-classe 35.13Y
NAF 2025,D,"PRODUCTION ET DISTRIBUTION D’ÉLECTRICITÉ, DE GAZ, DE VAPEUR ET D’AIR CONDITIONNÉ",35,"Production et distribution d’électricité, de gaz, de vapeur et d’air conditionné",35.1,"Production, transport et distribution d’électricité",35.14,Distribution d’électricité,35.14Y,Distribution d’électricité,,,https://www.insee.fr/fr/metadonnees/naf2025/sousClasse/35.14Y,Insee — NAF 2025 — sous-classe 35.14Y
NAF 2025,D,"PRODUCTION ET DISTRIBUTION D’ÉLECTRICITÉ, DE GAZ, DE VAPEUR ET D’AIR CONDITIONNÉ",35,"Production et distribution d’électricité, de gaz, de vapeur et d’air conditionné",35.1,"Production, transport et distribution d’électricité",35.15,Commerce d’électricité,35.15G,Exploitation d'installations de recharge pour véhicules électriques,,,https://www.insee.fr/fr/metadonnees/naf2025/sousClasse/35.15G,Insee — NAF 2025 — sous-classe 35.15G
NAF 2025,D,"PRODUCTION ET DISTRIBUTION D’ÉLECTRICITÉ, DE GAZ, DE VAPEUR ET D’AIR CONDITIONNÉ",35,"Production et distribution d’électricité, de gaz, de vapeur et d’air conditionné",35.1,"Production, transport et distribution d’électricité",35.15,Commerce d’électricité,35.15H,Autre commerce d’électricité,,,https://www.insee.fr/fr/metadonnees/naf2025/sousClasse/35.15H,Insee — NAF 2025 — sous-classe 35.15H
NAF 2025,D,"PRODUCTION ET DISTRIBUTION D’ÉLECTRICITÉ, DE GAZ, DE VAPEUR ET D’AIR CONDITIONNÉ",35,"Production et distribution d’électricité, de gaz, de vapeur et d’air conditionné",35.1,"Production, transport et distribution d’électricité",35.16,Stockage de l’électricité,35.16Y,Stockage de l’électricité,,,https://www.insee.fr/fr/metadonnees/naf2025/sousClasse/35.16Y,Insee — NAF 2025 — sous-classe 35.16Y
NAF 2025,D,"PRODUCTION ET DISTRIBUTION D’ÉLECTRICITÉ, DE GAZ, DE VAPEUR ET D’AIR CONDITIONNÉ",35,"Production et distribution d’électricité, de gaz, de vapeur et d’air conditionné",35.2,Production de gaz et distribution de combustibles gazeux par conduites,35.21,Production de gaz,35.21Y,Production de gaz,,,https://www.insee.fr/fr/metadonnees/naf2025/sousClasse/35.21Y,Insee — NAF 2025 — sous-classe 35.21Y
NAF 2025,D,"PRODUCTION ET DISTRIBUTION D’ÉLECTRICITÉ, DE GAZ, DE VAPEUR ET D’AIR CONDITIONNÉ",35,"Production et distribution d’électricité, de gaz, de vapeur et d’air conditionné",35.2,Production de gaz et distribution de combustibles gazeux par conduites,35.22,Distribution de combustibles gazeux par conduites,35.22Y,Distribution de combustibles gazeux par conduites,,,https://www.insee.fr/fr/metadonnees/naf2025/sousClasse/35.22Y,Insee — NAF 2025 — sous-classe 35.22Y
NAF 2025,D,"PRODUCTION ET DISTRIBUTION D’ÉLECTRICITÉ, DE GAZ, DE VAPEUR ET D’AIR CONDITIONNÉ",35,"Production et distribution d’électricité, de gaz, de vapeur et d’air conditionné",35.2,Production de gaz et distribution de combustibles gazeux par conduites,35.23,Commerce de combustibles gazeux par conduites,35.23Y,Commerce de combustibles gazeux par conduites,,,https://www.insee.fr/fr/metadonnees/naf2025/sousClasse/35.23Y,Insee — NAF 2025 — sous-classe 35.23Y
NAF 2025,D,"PRODUCTION ET DISTRIBUTION D’ÉLECTRICITÉ, DE GAZ, DE VAPEUR ET D’AIR CONDITIONNÉ",35,"Production et distribution d’électricité, de gaz, de vapeur et d’air conditionné",35.2,Production de gaz et distribution de combustibles gazeux par conduites,35.24,Stockage de gaz dans le cadre de services d’approvisionnement en réseau,35.24Y,Stockage de gaz dans le cadre de services d’approvisionnement en réseau,,,https://www.insee.fr/fr/metadonnees/naf2025/sousClasse/35.24Y,Insee — NAF 2025 — sous-classe 35.24Y
NAF 2025,D,"PRODUCTION ET DISTRIBUTION D’ÉLECTRICITÉ, DE GAZ, DE VAPEUR ET D’AIR CONDITIONNÉ",35,"Production et distribution d’électricité, de gaz, de vapeur et d’air conditionné",35.3,Production et distribution de vapeur et d’air conditionné,35.30,Production et distribution de vapeur et d’air conditionné,35.30Y,Production et distribution de vapeur et d’air conditionné,,,https://www.insee.fr/fr/metadonnees/naf2025/sousClasse/35.30Y,Insee — NAF 2025 — sous-classe 35.30Y
NAF 2025,D,"PRODUCTION ET DISTRIBUTION D’ÉLECTRICITÉ, DE GAZ, DE VAPEUR ET D’AIR CONDITIONNÉ",35,"Production et distribution d’électricité, de gaz, de vapeur et d’air conditionné",35.4,Activités des courtiers et agents pour l’électricité et le gaz naturel,35.40,Activités des courtiers et agents pour l’électricité et le gaz naturel,35.40Y,Activités des courtiers et agents pour l’électricité et le gaz naturel,,,https://www.insee.fr/fr/metadonnees/naf2025/sousClasse/35.40Y,Insee — NAF 2025 — sous-classe 35.40Y
NAF 2025,E,"PRODUCTION ET DISTRIBUTION D’EAU ; ASSAINISSEMENT, GESTION DES DÉCHETS ET DÉPOLLUTION",36,"Captage, traitement et distribution d’eau",36.0,"Captage, traitement et distribution d’eau",36.00,"Captage, traitement et distribution d’eau",36.00Y,"Captage, traitement et distribution d’eau",,,https://www.insee.fr/fr/metadonnees/naf2025/sousClasse/36.00Y,Insee — NAF 2025 — sous-classe 36.00Y
NAF 2025,E,"PRODUCTION ET DISTRIBUTION D’EAU ; ASSAINISSEMENT, GESTION DES DÉCHETS ET DÉPOLLUTION",37,Collecte et traitement des eaux usées,37.0,Collecte et traitement des eaux usées,37.00,Collecte et traitement des eaux usées,37.00Y,Collecte et traitement des eaux usées,,,https://www.insee.fr/fr/metadonnees/naf2025/sousClasse/37.00Y,Insee — NAF 2025 — sous-classe 37.00Y
NAF 2025,E,"PRODUCTION ET DISTRIBUTION D’EAU ; ASSAINISSEMENT, GESTION DES DÉCHETS ET DÉPOLLUTION",38,"Collecte, valorisation et élimination des déchets",38.1,Collecte des déchets,38.11,Collecte des déchets non dangereux,38.11Y,Collecte des déchets non dangereux,,,https://www.insee.fr/fr/metadonnees/naf2025/sousClasse/38.11Y,Insee — NAF 2025 — sous-classe 38.11Y
NAF 2025,E,"PRODUCTION ET DISTRIBUTION D’EAU ; ASSAINISSEMENT, GESTION DES DÉCHETS ET DÉPOLLUTION",38,"Collecte, valorisation et élimination des déchets",38.1,Collecte des déchets,38.12,Collecte des déchets dangereux,38.12Y,Collecte des déchets dangereux,,,https://www.insee.fr/fr/metadonnees/naf2025/sousClasse/38.12Y,Insee — NAF 2025 — sous-classe 38.12Y
NAF 2025,E,"PRODUCTION ET DISTRIBUTION D’EAU ; ASSAINISSEMENT, GESTION DES DÉCHETS ET DÉPOLLUTION",38,"Collecte, valorisation et élimination des déchets",38.2,Valorisation des déchets,38.21,Récupération de matériaux,38.21Y,Récupération de matériaux,,,https://www.insee.fr/fr/metadonnees/naf2025/sousClasse/38.21Y,Insee — NAF 2025 — sous-classe 38.21Y
NAF 2025,E,"PRODUCTION ET DISTRIBUTION D’EAU ; ASSAINISSEMENT, GESTION DES DÉCHETS ET DÉPOLLUTION",38,"Collecte, valorisation et élimination des déchets",38.2,Valorisation des déchets,38.22,Valorisation énergétique,38.22Y,Valorisation énergétique,,,https://www.insee.fr/fr/metadonnees/naf2025/sousClasse/38.22Y,Insee — NAF 2025 — sous-classe 38.22Y
NAF 2025,E,"PRODUCTION ET DISTRIBUTION D’EAU ; ASSAINISSEMENT, GESTION DES DÉCHETS ET DÉPOLLUTION",38,"Collecte, valorisation et élimination des déchets",38.2,Valorisation des déchets,38.23,Autre valorisation des déchets,38.23Y,Autre valorisation des déchets,,,https://www.insee.fr/fr/metadonnees/naf2025/sousClasse/38.23Y,Insee — NAF 2025 — sous-classe 38.23Y
NAF 2025,E,"PRODUCTION ET DISTRIBUTION D’EAU ; ASSAINISSEMENT, GESTION DES DÉCHETS ET DÉPOLLUTION",38,"Collecte, valorisation et élimination des déchets",38.3,Élimination des déchets sans valorisation,38.31,Incinération sans récupération d’énergie,38.31Y,Incinération sans récupération d’énergie,,,https://www.insee.fr/fr/metadonnees/naf2025/sousClasse/38.31Y,Insee — NAF 2025 — sous-classe 38.31Y
NAF 2025,E,"PRODUCTION ET DISTRIBUTION D’EAU ; ASSAINISSEMENT, GESTION DES DÉCHETS ET DÉPOLLUTION",38,"Collecte, valorisation et élimination des déchets",38.3,Élimination des déchets sans valorisation,38.32,Mise en décharge ou stockage permanent,38.32Y,Mise en décharge ou stockage permanent,,,https://www.insee.fr/fr/metadonnees/naf2025/sousClasse/38.32Y,Insee — NAF 2025 — sous-classe 38.32Y
NAF 2025,E,"PRODUCTION ET DISTRIBUTION D’EAU ; ASSAINISSEMENT, GESTION DES DÉCHETS ET DÉPOLLUTION",38,"Collecte, valorisation et élimination des déchets",38.3,Élimination des déchets sans valorisation,38.33,Autre élimination des déchets,38.33Y,Autre élimination des déchets,,,https://www.insee.fr/fr/metadonnees/naf2025/sousClasse/38.33Y,Insee — NAF 2025 — sous-classe 38.33Y
NAF 2025,E,"PRODUCTION ET DISTRIBUTION D’EAU ; ASSAINISSEMENT, GESTION DES DÉCHETS ET DÉPOLLUTION",39,Activités de dépollution et autres activités de service de gestion des déchets,39.0,Activités de dépollution et autres activités de service de gestion des déchets,39.00,Activités de dépollution et autres activités de service de gestion des déchets,39.00Y,Activités de dépollution et autres activités de service de gestion des déchets,,,https://www.insee.fr/fr/metadonnees/naf2025/sousClasse/39.00Y,Insee — NAF 2025 — sous-classe 39.00Y
NAF 2025,F,CONSTRUCTION,41,Construction de bâtiments résidentiels et non résidentiels,41.0,Construction de bâtiments résidentiels et non résidentiels,41.00,Construction de bâtiments résidentiels et non résidentiels,41.00G,Construction de maisons individuelles,,,https://www.insee.fr/fr/metadonnees/naf2025/sousClasse/41.00G,Insee — NAF 2025 — sous-classe 41.00G
NAF 2025,F,CONSTRUCTION,41,Construction de bâtiments résidentiels et non résidentiels,41.0,Construction de bâtiments résidentiels et non résidentiels,41.00,Construction de bâtiments résidentiels et non résidentiels,41.00H,Construction d'autres bâtiments,,,https://www.insee.fr/fr/metadonnees/naf2025/sousClasse/41.00H,Insee — NAF 2025 — sous-classe 41.00H
NAF 2025,F,CONSTRUCTION,42,Génie civil,42.1,Construction de routes et de voies ferrées,42.11,Construction de routes et autoroutes,42.11Y,Construction de routes et autoroutes,,,https://www.insee.fr/fr/metadonnees/naf2025/sousClasse/42.11Y,Insee — NAF 2025 — sous-classe 42.11Y
NAF 2025,F,CONSTRUCTION,42,Génie civil,42.1,Construction de routes et de voies ferrées,42.12,Construction de voies ferrées de surface et souterraines,42.12Y,Construction de voies ferrées de surface et souterraines,,,https://www.insee.fr/fr/metadonnees/naf2025/sousClasse/42.12Y,Insee — NAF 2025 — sous-classe 42.12Y
NAF 2025,F,CONSTRUCTION,42,Génie civil,42.1,Construction de routes et de voies ferrées,42.13,Construction de ponts et tunnels,42.13G,Construction de ponts et de viaducs,,,https://www.insee.fr/fr/metadonnees/naf2025/sousClasse/42.13G,Insee — NAF 2025 — sous-classe 42.13G
NAF 2025,F,CONSTRUCTION,42,Génie civil,42.1,Construction de routes et de voies ferrées,42.13,Construction de ponts et tunnels,42.13H,Construction de tunnels,,,https://www.insee.fr/fr/metadonnees/naf2025/sousClasse/42.13H,Insee — NAF 2025 — sous-classe 42.13H
NAF 2025,F,CONSTRUCTION,42,Génie civil,42.2,Construction de réseaux et de lignes,42.21,Construction de réseaux pour fluides,42.21Y,Construction de réseaux pour fluides,,,https://www.insee.fr/fr/metadonnees/naf2025/sousClasse/42.21Y,Insee — NAF 2025 — sous-classe 42.21Y
NAF 2025,F,CONSTRUCTION,42,Génie civil,42.2,Construction de réseaux et de lignes,42.22,Construction de réseaux électriques et de télécommunications,42.22Y,Construction de réseaux électriques et de télécommunications,,,https://www.insee.fr/fr/metadonnees/naf2025/sousClasse/42.22Y,Insee — NAF 2025 — sous-classe 42.22Y
NAF 2025,F,CONSTRUCTION,42,Génie civil,42.9,Construction d’autres ouvrages de génie civil,42.91,Construction d’ouvrages maritimes et fluviaux,42.91Y,Construction d’ouvrages maritimes et fluviaux,,,https://www.insee.fr/fr/metadonnees/naf2025/sousClasse/42.91Y,Insee — NAF 2025 — sous-classe 42.91Y
NAF 2025,F,CONSTRUCTION,42,Génie civil,42.9,Construction d’autres ouvrages de génie civil,42.99,Construction d’autres ouvrages de génie civil n.c.a.,42.99Y,Construction d’autres ouvrages de génie civil n.c.a.,,,https://www.insee.fr/fr/metadonnees/naf2025/sousClasse/42.99Y,Insee — NAF 2025 — sous-classe 42.99Y
NAF 2025,F,CONSTRUCTION,43,Travaux de construction spécialisés,43.1,Démolition et préparation des sites,43.11,Démolition,43.11Y,Démolition,,,https://www.insee.fr/fr/metadonnees/naf2025/sousClasse/43.11Y,Insee — NAF 2025 — sous-classe 43.11Y
NAF 2025,F,CONSTRUCTION,43,Travaux de construction spécialisés,43.1,Démolition et préparation des sites,43.12,Travaux de préparation des sites,43.12G,Travaux de terrassement courants et travaux préparatoires,,,https://www.insee.fr/fr/metadonnees/naf2025/sousClasse/43.12G,Insee — NAF 2025 — sous-classe 43.12G
NAF 2025,F,CONSTRUCTION,43,Travaux de construction spécialisés,43.1,Démolition et préparation des sites,43.12,Travaux de préparation des sites,43.12H,Travaux de terrassement spécialisés ou de grande masse,,,https://www.insee.fr/fr/metadonnees/naf2025/sousClasse/43.12H,Insee — NAF 2025 — sous-classe 43.12H
NAF 2025,F,CONSTRUCTION,43,Travaux de construction spécialisés,43.1,Démolition et préparation des sites,43.13,Forages et sondages,43.13Y,Forages et sondages,,,https://www.insee.fr/fr/metadonnees/naf2025/sousClasse/43.13Y,Insee — NAF 2025 — sous-classe 43.13Y
NAF 2025,F,CONSTRUCTION,43,Travaux de construction spécialisés,43.2,"Travaux d’installation électrique, plomberie et autres travaux d’installation",43.21,Installation électrique,43.21G,Travaux d'installation électrique dans tous locaux,,,https://www.insee.fr/fr/metadonnees/naf2025/sousClasse/43.21G,Insee — NAF 2025 — sous-classe 43.21G
NAF 2025,F,CONSTRUCTION,43,Travaux de construction spécialisés,43.2,"Travaux d’installation électrique, plomberie et autres travaux d’installation",43.21,Installation électrique,43.21H,Travaux d'installation électrique sur la voie,,,https://www.insee.fr/fr/metadonnees/naf2025/sousClasse/43.21H,Insee — NAF 2025 — sous-classe 43.21H
NAF 2025,F,CONSTRUCTION,43,Travaux de construction spécialisés,43.2,"Travaux d’installation électrique, plomberie et autres travaux d’installation",43.22,Travaux de plomberie et installation de chauffage et de conditionnement d’air,43.22G,Travaux d'installation d'eau et de gaz en tous locaux,,,https://www.insee.fr/fr/metadonnees/naf2025/sousClasse/43.22G,Insee — NAF 2025 — sous-classe 43.22G
NAF 2025,F,CONSTRUCTION,43,Travaux de construction spécialisés,43.2,"Travaux d’installation électrique, plomberie et autres travaux d’installation",43.22,Travaux de plomberie et installation de chauffage et de conditionnement d’air,43.22H,Travaux d'installation d'équipements thermiques et de climatisation,,,https://www.insee.fr/fr/metadonnees/naf2025/sousClasse/43.22H,Insee — NAF 2025 — sous-classe 43.22H
NAF 2025,F,CONSTRUCTION,43,Travaux de construction spécialisés,43.2,"Travaux d’installation électrique, plomberie et autres travaux d’installation",43.23,Mise en place de l’isolation,43.23Y,Mise en place de l’isolation,,,https://www.insee.fr/fr/metadonnees/naf2025/sousClasse/43.23Y,Insee — NAF 2025 — sous-classe 43.23Y
NAF 2025,F,CONSTRUCTION,43,Travaux de construction spécialisés,43.2,"Travaux d’installation électrique, plomberie et autres travaux d’installation",43.24,Autres travaux d’installation,43.24Y,Autres travaux d’installation,,,https://www.insee.fr/fr/metadonnees/naf2025/sousClasse/43.24Y,Insee — NAF 2025 — sous-classe 43.24Y
NAF 2025,F,CONSTRUCTION,43,Travaux de construction spécialisés,43.3,Travaux de finition,43.31,Travaux de plâtrerie,43.31Y,Travaux de plâtrerie,,,https://www.insee.fr/fr/metadonnees/naf2025/sousClasse/43.31Y,Insee — NAF 2025 — sous-classe 43.31Y
NAF 2025,F,CONSTRUCTION,43,Travaux de construction spécialisés,43.3,Travaux de finition,43.32,Travaux de menuiserie,43.32G,Travaux de menuiserie bois et PVC,,,https://www.insee.fr/fr/metadonnees/naf2025/sousClasse/43.32G,Insee — NAF 2025 — sous-classe 43.32G
NAF 2025,F,CONSTRUCTION,43,Travaux de construction spécialisés,43.3,Travaux de finition,43.32,Travaux de menuiserie,43.32H,Travaux de menuiserie métallique,,,https://www.insee.fr/fr/metadonnees/naf2025/sousClasse/43.32H,Insee — NAF 2025 — sous-classe 43.32H
NAF 2025,F,CONSTRUCTION,43,Travaux de construction spécialisés,43.3,Travaux de finition,43.33,Travaux de revêtement des sols et des murs,43.33Y,Travaux de revêtement des sols et des murs,,,https://www.insee.fr/fr/metadonnees/naf2025/sousClasse/43.33Y,Insee — NAF 2025 — sous-classe 43.33Y
NAF 2025,F,CONSTRUCTION,43,Travaux de construction spécialisés,43.3,Travaux de finition,43.34,Travaux de peinture et vitrerie,43.34G,Travaux de peinture,,,https://www.insee.fr/fr/metadonnees/naf2025/sousClasse/43.34G,Insee — NAF 2025 — sous-classe 43.34G
NAF 2025,F,CONSTRUCTION,43,Travaux de construction spécialisés,43.3,Travaux de finition,43.34,Travaux de peinture et vitrerie,43.34H,Travaux de vitrerie,,,https://www.insee.fr/fr/metadonnees/naf2025/sousClasse/43.34H,Insee — NAF 2025 — sous-classe 43.34H
NAF 2025,F,CONSTRUCTION,43,Travaux de construction spécialisés,43.3,Travaux de finition,43.35,Autres travaux de finition,43.35Y,Autres travaux de finition,,,https://www.insee.fr/fr/metadonnees/naf2025/sousClasse/43.35Y,Insee — NAF 2025 — sous-classe 43.35Y
NAF 2025,F,CONSTRUCTION,43,Travaux de construction spécialisés,43.4,Travaux de construction spécialisés dans la construction de bâtiments,43.41,Travaux de couverture,43.41G,Travaux de charpente,,,https://www.insee.fr/fr/metadonnees/naf2025/sousClasse/43.41G,Insee — NAF 2025 — sous-classe 43.41G
NAF 2025,F,CONSTRUCTION,43,Travaux de construction spécialisés,43.4,Travaux de construction spécialisés dans la construction de bâtiments,43.41,Travaux de couverture,43.41H,Travaux de couverture par éléments,,,https://www.insee.fr/fr/metadonnees/naf2025/sousClasse/43.41H,Insee — NAF 2025 — sous-classe 43.41H
NAF 2025,F,CONSTRUCTION,43,Travaux de construction spécialisés,43.4,Travaux de construction spécialisés dans la construction de bâtiments,43.41,Travaux de couverture,43.41J,Travaux d'étanchéification pour la toiture,,,https://www.insee.fr/fr/metadonnees/naf2025/sousClasse/43.41J,Insee — NAF 2025 — sous-classe 43.41J
NAF 2025,F,CONSTRUCTION,43,Travaux de construction spécialisés,43.4,Travaux de construction spécialisés dans la construction de bâtiments,43.42,Autres travaux de construction spécialisés dans la construction de bâtiments,43.42G,"Travaux de montage d’éléments de construction préfabriqués pour bâtiments, en acier",,,https://www.insee.fr/fr/metadonnees/naf2025/sousClasse/43.42G,Insee — NAF 2025 — sous-classe 43.42G
NAF 2025,F,CONSTRUCTION,43,Travaux de construction spécialisés,43.4,Travaux de construction spécialisés dans la construction de bâtiments,43.42,Autres travaux de construction spécialisés dans la construction de bâtiments,43.42H,"Travaux de montage d’éléments de construction préfabriqués pour bâtiments, en bois",,,https://www.insee.fr/fr/metadonnees/naf2025/sousClasse/43.42H,Insee — NAF 2025 — sous-classe 43.42H
NAF 2025,F,CONSTRUCTION,43,Travaux de construction spécialisés,43.4,Travaux de construction spécialisés dans la construction de bâtiments,43.42,Autres travaux de construction spécialisés dans la construction de bâtiments,43.42J,Autres travaux de construction spécialisés dans la construction de bâtiments n.c.a.,,,https://www.insee.fr/fr/metadonnees/naf2025/sousClasse/43.42J,Insee — NAF 2025 — sous-classe 43.42J
NAF 2025,F,CONSTRUCTION,43,Travaux de construction spécialisés,43.5,Travaux de construction spécialisés en génie civil,43.50,Travaux de construction spécialisés en génie civil,43.50Y,Travaux de construction spécialisés en génie civil,,,https://www.insee.fr/fr/metadonnees/naf2025/sousClasse/43.50Y,Insee — NAF 2025 — sous-classe 43.50Y
NAF 2025,F,CONSTRUCTION,43,Travaux de construction spécialisés,43.6,Activités de service d’intermédiation pour des travaux de construction spécialisés,43.60,Activités de service d’intermédiation pour des travaux de construction spécialisés,43.60Y,Activités de service d’intermédiation pour des travaux de construction spécialisés,,,https://www.insee.fr/fr/metadonnees/naf2025/sousClasse/43.60Y,Insee — NAF 2025 — sous-classe 43.60Y
NAF 2025,F,CONSTRUCTION,43,Travaux de construction spécialisés,43.9,Autres travaux de construction spécialisés,43.91,Travaux de maçonnerie et de pose de briques,43.91Y,Travaux de maçonnerie et de pose de briques,,,https://www.insee.fr/fr/metadonnees/naf2025/sousClasse/43.91Y,Insee — NAF 2025 — sous-classe 43.91Y
NAF 2025,F,CONSTRUCTION,43,Travaux de construction spécialisés,43.9,Autres travaux de construction spécialisés,43.99,Autres travaux de construction spécialisés n.c.a.,43.99G,Location avec opérateur d’équipement de construction,,,https://www.insee.fr/fr/metadonnees/naf2025/sousClasse/43.99G,Insee — NAF 2025 — sous-classe 43.99G
NAF 2025,F,CONSTRUCTION,43,Travaux de construction spécialisés,43.9,Autres travaux de construction spécialisés,43.99,Autres travaux de construction spécialisés n.c.a.,43.99H,Tous les autres travaux de construction spécialisés n.c.a.,,,https://www.insee.fr/fr/metadonnees/naf2025/sousClasse/43.99H,Insee — NAF 2025 — sous-classe 43.99H
NAF 2025,G,COMMERCE,46,Commerce de gros,46.1,Intermédiaires du commerce de gros,46.11,"Activités d’intermédiaire du commerce de gros en matières premières agricoles, animaux vivants, matières premières textiles et produits semi-finis",46.11Y,"Activités d’intermédiaire du commerce de gros en matières premières agricoles, animaux vivants, matières premières textiles et produits semi-finis",,,https://www.insee.fr/fr/metadonnees/naf2025/sousClasse/46.11Y,Insee — NAF 2025 — sous-classe 46.11Y
NAF 2025,G,COMMERCE,46,Commerce de gros,46.1,Intermédiaires du commerce de gros,46.12,"Activités d’intermédiaire du commerce de gros en combustibles, minerais, métaux et produits chimiques",46.12Y,"Activités d’intermédiaire du commerce de gros en combustibles, minerais, métaux et produits chimiques",,,https://www.insee.fr/fr/metadonnees/naf2025/sousClasse/46.12Y,Insee — NAF 2025 — sous-classe 46.12Y
NAF 2025,G,COMMERCE,46,Commerce de gros,46.1,Intermédiaires du commerce de gros,46.13,Activités d’intermédiaire du commerce de gros en bois et matériaux de construction,46.13Y,Activités d’intermédiaire du commerce de gros en bois et matériaux de construction,,,https://www.insee.fr/fr/metadonnees/naf2025/sousClasse/46.13Y,Insee — NAF 2025 — sous-classe 46.13Y
NAF 2025,G,COMMERCE,46,Commerce de gros,46.1,Intermédiaires du commerce de gros,46.14,"Activités d’intermédiaire du commerce de gros en machines, équipements industriels, navires et avions",46.14Y,"Activités d’intermédiaire du commerce de gros en machines, équipements industriels, navires et avions",,,https://www.insee.fr/fr/metadonnees/naf2025/sousClasse/46.14Y,Insee — NAF 2025 — sous-classe 46.14Y
NAF 2025,G,COMMERCE,46,Commerce de gros,46.1,Intermédiaires du commerce de gros,46.15,"Activités d’intermédiaire du commerce de gros en meubles, biens domestiques et quincaillerie",46.15Y,"Activités d’intermédiaire du commerce de gros en meubles, biens domestiques et quincaillerie",,,https://www.insee.fr/fr/metadonnees/naf2025/sousClasse/46.15Y,Insee — NAF 2025 — sous-classe 46.15Y
NAF 2025,G,COMMERCE,46,Commerce de gros,46.1,Intermédiaires du commerce de gros,46.16,"Activités d’intermédiaire du commerce de gros en textiles, habillement, fourrures, chaussures et articles en cuir",46.16Y,"Activités d’intermédiaire du commerce de gros en textiles, habillement, fourrures, chaussures et articles en cuir",,,https://www.insee.fr/fr/metadonnees/naf2025/sousClasse/46.16Y,Insee — NAF 2025 — sous-classe 46.16Y
NAF 2025,G,COMMERCE,46,Commerce de gros,46.1,Intermédiaires du commerce de gros,46.17,"Activités d’intermédiaire du commerce de gros en denrées, boissons et tabac",46.17G,Activités d’intermédiation des centrales d’achat alimentaires,,,https://www.insee.fr/fr/metadonnees/naf2025/sousClasse/46.17G,Insee — NAF 2025 — sous-classe 46.17G
NAF 2025,G,COMMERCE,46,Commerce de gros,46.1,Intermédiaires du commerce de gros,46.17,"Activités d’intermédiaire du commerce de gros en denrées, boissons et tabac",46.17H,"Autres activités d'intermédiaire du commerce de gros en denrées, boissons et tabac",,,https://www.insee.fr/fr/metadonnees/naf2025/sousClasse/46.17H,Insee — NAF 2025 — sous-classe 46.17H
NAF 2025,G,COMMERCE,46,Commerce de gros,46.1,Intermédiaires du commerce de gros,46.18,Activités d’intermédiaire spécialisé dans le commerce de gros d’autres produits spécifiques,46.18Y,Activités d’intermédiaire spécialisé dans le commerce de gros d’autres produits spécifiques,,,https://www.insee.fr/fr/metadonnees/naf2025/sousClasse/46.18Y,Insee — NAF 2025 — sous-classe 46.18Y
NAF 2025,G,COMMERCE,46,Commerce de gros,46.1,Intermédiaires du commerce de gros,46.19,Activités d’intermédiaire non spécialisé du commerce de gros,46.19G,Activités d’intermédiation des centrales d’achat non spécialisées,,,https://www.insee.fr/fr/metadonnees/naf2025/sousClasse/46.19G,Insee — NAF 2025 — sous-classe 46.19G
NAF 2025,G,COMMERCE,46,Commerce de gros,46.1,Intermédiaires du commerce de gros,46.19,Activités d’intermédiaire non spécialisé du commerce de gros,46.19H,Autres activités d'intermédiaire non spécialisé du commerce de gros,,,https://www.insee.fr/fr/metadonnees/naf2025/sousClasse/46.19H,Insee — NAF 2025 — sous-classe 46.19H
NAF 2025,G,COMMERCE,46,Commerce de gros,46.2,Commerce de gros de produits agricoles bruts et d’animaux vivants,46.21,"Commerce de gros de céréales, de tabac non manufacturé, de semences et d’aliments pour animaux",46.21Y,"Commerce de gros de céréales, de tabac non manufacturé, de semences et d’aliments pour animaux",,,https://www.insee.fr/fr/metadonnees/naf2025/sousClasse/46.21Y,Insee — NAF 2025 — sous-classe 46.21Y
NAF 2025,G,COMMERCE,46,Commerce de gros,46.2,Commerce de gros de produits agricoles bruts et d’animaux vivants,46.22,Commerce de gros de fleurs et de plantes,46.22Y,Commerce de gros de fleurs et de plantes,,,https://www.insee.fr/fr/metadonnees/naf2025/sousClasse/46.22Y,Insee — NAF 2025 — sous-classe 46.22Y
NAF 2025,G,COMMERCE,46,Commerce de gros,46.2,Commerce de gros de produits agricoles bruts et d’animaux vivants,46.23,Commerce de gros d’animaux vivants,46.23Y,Commerce de gros d’animaux vivants,,,https://www.insee.fr/fr/metadonnees/naf2025/sousClasse/46.23Y,Insee — NAF 2025 — sous-classe 46.23Y
NAF 2025,G,COMMERCE,46,Commerce de gros,46.2,Commerce de gros de produits agricoles bruts et d’animaux vivants,46.24,Commerce de gros de cuirs et de peaux,46.24Y,Commerce de gros de cuirs et de peaux,,,https://www.insee.fr/fr/metadonnees/naf2025/sousClasse/46.24Y,Insee — NAF 2025 — sous-classe 46.24Y
NAF 2025,G,COMMERCE,46,Commerce de gros,46.3,"Commerce de gros de produits alimentaires, de boissons et de produits à base de tabac",46.31,Commerce de gros de fruits et légumes,46.31Y,Commerce de gros de fruits et légumes,,,https://www.insee.fr/fr/metadonnees/naf2025/sousClasse/46.31Y,Insee — NAF 2025 — sous-classe 46.31Y
NAF 2025,G,COMMERCE,46,Commerce de gros,46.3,"Commerce de gros de produits alimentaires, de boissons et de produits à base de tabac",46.32,"Commerce de gros de viande, de produits à base de viande, de poisson et de produits à base de poisson",46.32G,Commerce de gros de viandes et de produits à base de viande,,,https://www.insee.fr/fr/metadonnees/naf2025/sousClasse/46.32G,Insee — NAF 2025 — sous-classe 46.32G
NAF 2025,G,COMMERCE,46,Commerce de gros,46.3,"Commerce de gros de produits alimentaires, de boissons et de produits à base de tabac",46.32,"Commerce de gros de viande, de produits à base de viande, de poisson et de produits à base de poisson",46.32H,"Commerce de gros de poissons, crustacés et mollusques et de produits à base de poisson",,,https://www.insee.fr/fr/metadonnees/naf2025/sousClasse/46.32H,Insee — NAF 2025 — sous-classe 46.32H
NAF 2025,G,COMMERCE,46,Commerce de gros,46.3,"Commerce de gros de produits alimentaires, de boissons et de produits à base de tabac",46.33,"Commerce de gros de produits laitiers, œufs, huiles et matières grasses comestibles",46.33Y,"Commerce de gros de produits laitiers, œufs, huiles et matières grasses comestibles",,,https://www.insee.fr/fr/metadonnees/naf2025/sousClasse/46.33Y,Insee — NAF 2025 — sous-classe 46.33Y
NAF 2025,G,COMMERCE,46,Commerce de gros,46.3,"Commerce de gros de produits alimentaires, de boissons et de produits à base de tabac",46.34,Commerce de gros de boissons,46.34Y,Commerce de gros de boissons,,,https://www.insee.fr/fr/metadonnees/naf2025/sousClasse/46.34Y,Insee — NAF 2025 — sous-classe 46.34Y
NAF 2025,G,COMMERCE,46,Commerce de gros,46.3,"Commerce de gros de produits alimentaires, de boissons et de produits à base de tabac",46.35,Commerce de gros de produits à base de tabac,46.35Y,Commerce de gros de produits à base de tabac,,,https://www.insee.fr/fr/metadonnees/naf2025/sousClasse/46.35Y,Insee — NAF 2025 — sous-classe 46.35Y
NAF 2025,G,COMMERCE,46,Commerce de gros,46.3,"Commerce de gros de produits alimentaires, de boissons et de produits à base de tabac",46.36,"Commerce de gros de sucre, chocolat et confiserie",46.36Y,"Commerce de gros de sucre, chocolat et confiserie",,,https://www.insee.fr/fr/metadonnees/naf2025/sousClasse/46.36Y,Insee — NAF 2025 — sous-classe 46.36Y
NAF 2025,G,COMMERCE,46,Commerce de gros,46.3,"Commerce de gros de produits alimentaires, de boissons et de produits à base de tabac",46.37,"Commerce de gros de café, thé, cacao et épices",46.37Y,"Commerce de gros de café, thé, cacao et épices",,,https://www.insee.fr/fr/metadonnees/naf2025/sousClasse/46.37Y,Insee — NAF 2025 — sous-classe 46.37Y
NAF 2025,G,COMMERCE,46,Commerce de gros,46.3,"Commerce de gros de produits alimentaires, de boissons et de produits à base de tabac",46.38,Commerce de gros d’autres denrées alimentaires,46.38Y,Commerce de gros d’autres denrées alimentaires,,,https://www.insee.fr/fr/metadonnees/naf2025/sousClasse/46.38Y,Insee — NAF 2025 — sous-classe 46.38Y
NAF 2025,G,COMMERCE,46,Commerce de gros,46.3,"Commerce de gros de produits alimentaires, de boissons et de produits à base de tabac",46.39,"Commerce de gros non spécialisé de denrées, boissons et tabac",46.39Y,"Commerce de gros non spécialisé de denrées, boissons et tabac",,,https://www.insee.fr/fr/metadonnees/naf2025/sousClasse/46.39Y,Insee — NAF 2025 — sous-classe 46.39Y
NAF 2025,G,COMMERCE,46,Commerce de gros,46.4,Commerce de gros de biens domestiques,46.41,Commerce de gros de textiles,46.41Y,Commerce de gros de textiles,,,https://www.insee.fr/fr/metadonnees/naf2025/sousClasse/46.41Y,Insee — NAF 2025 — sous-classe 46.41Y
NAF 2025,G,COMMERCE,46,Commerce de gros,46.4,Commerce de gros de biens domestiques,46.42,Commerce de gros d’habillement et de chaussures,46.42Y,Commerce de gros d’habillement et de chaussures,,,https://www.insee.fr/fr/metadonnees/naf2025/sousClasse/46.42Y,Insee — NAF 2025 — sous-classe 46.42Y
NAF 2025,G,COMMERCE,46,Commerce de gros,46.4,Commerce de gros de biens domestiques,46.43,Commerce de gros d’appareils électroménagers,46.43G,Commerce de gros d’appareils de génie climatique,,,https://www.insee.fr/fr/metadonnees/naf2025/sousClasse/46.43G,Insee — NAF 2025 — sous-classe 46.43G
NAF 2025,G,COMMERCE,46,Commerce de gros,46.4,Commerce de gros de biens domestiques,46.43,Commerce de gros d’appareils électroménagers,46.43H,Commerce de gros d’autres appareils électroménagers,,,https://www.insee.fr/fr/metadonnees/naf2025/sousClasse/46.43H,Insee — NAF 2025 — sous-classe 46.43H
NAF 2025,G,COMMERCE,46,Commerce de gros,46.4,Commerce de gros de biens domestiques,46.44,"Commerce de gros de vaisselle, verrerie et produits d’entretien",46.44Y,"Commerce de gros de vaisselle, verrerie et produits d’entretien",,,https://www.insee.fr/fr/metadonnees/naf2025/sousClasse/46.44Y,Insee — NAF 2025 — sous-classe 46.44Y
NAF 2025,G,COMMERCE,46,Commerce de gros,46.4,Commerce de gros de biens domestiques,46.45,Commerce de gros de parfumerie et de produits de beauté,46.45Y,Commerce de gros de parfumerie et de produits de beauté,,,https://www.insee.fr/fr/metadonnees/naf2025/sousClasse/46.45Y,Insee — NAF 2025 — sous-classe 46.45Y
NAF 2025,G,COMMERCE,46,Commerce de gros,46.4,Commerce de gros de biens domestiques,46.46,Commerce de gros de produits pharmaceutiques et médicaux,46.46Y,Commerce de gros de produits pharmaceutiques et médicaux,,,https://www.insee.fr/fr/metadonnees/naf2025/sousClasse/46.46Y,Insee — NAF 2025 — sous-classe 46.46Y
NAF 2025,G,COMMERCE,46,Commerce de gros,46.4,Commerce de gros de biens domestiques,46.47,"Commerce de gros de meubles à usage domestique, de bureau et de magasin, de tapis et d’appareils d’éclairage",46.47Y,"Commerce de gros de meubles à usage domestique, de bureau et de magasin, de tapis et d’appareils d’éclairage",,,https://www.insee.fr/fr/metadonnees/naf2025/sousClasse/46.47Y,Insee — NAF 2025 — sous-classe 46.47Y
NAF 2025,G,COMMERCE,46,Commerce de gros,46.4,Commerce de gros de biens domestiques,46.48,Commerce de gros d’articles d’horlogerie et de bijouterie,46.48Y,Commerce de gros d’articles d’horlogerie et de bijouterie,,,https://www.insee.fr/fr/metadonnees/naf2025/sousClasse/46.48Y,Insee — NAF 2025 — sous-classe 46.48Y
NAF 2025,G,COMMERCE,46,Commerce de gros,46.4,Commerce de gros de biens domestiques,46.49,Commerce de gros d’autres biens domestiques,46.49Y,Commerce de gros d’autres biens domestiques,,,https://www.insee.fr/fr/metadonnees/naf2025/sousClasse/46.49Y,Insee — NAF 2025 — sous-classe 46.49Y
NAF 2025,G,COMMERCE,46,Commerce de gros,46.5,Commerce de gros d’équipements de l’information et de la communication,46.50,Commerce de gros d’équipements de l’information et de la communication,46.50Y,Commerce de gros d’équipements de l’information et de la communication,,,https://www.insee.fr/fr/metadonnees/naf2025/sousClasse/46.50Y,Insee — NAF 2025 — sous-classe 46.50Y
NAF 2025,G,COMMERCE,46,Commerce de gros,46.6,"Commerce de gros d’autres machines, équipements et fournitures",46.61,Commerce de gros de matériel agricole,46.61Y,Commerce de gros de matériel agricole,,,https://www.insee.fr/fr/metadonnees/naf2025/sousClasse/46.61Y,Insee — NAF 2025 — sous-classe 46.61Y
NAF 2025,G,COMMERCE,46,Commerce de gros,46.6,"Commerce de gros d’autres machines, équipements et fournitures",46.62,Commerce de gros de machines-outils,46.62Y,Commerce de gros de machines-outils,,,https://www.insee.fr/fr/metadonnees/naf2025/sousClasse/46.62Y,Insee — NAF 2025 — sous-classe 46.62Y
NAF 2025,G,COMMERCE,46,Commerce de gros,46.6,"Commerce de gros d’autres machines, équipements et fournitures",46.63,"Commerce de gros de machines pour l’extraction, la construction et le génie civil",46.63Y,"Commerce de gros de machines pour l’extraction, la construction et le génie civil",,,https://www.insee.fr/fr/metadonnees/naf2025/sousClasse/46.63Y,Insee — NAF 2025 — sous-classe 46.63Y
NAF 2025,G,COMMERCE,46,Commerce de gros,46.6,"Commerce de gros d’autres machines, équipements et fournitures",46.64,Commerce de gros d’autres machines et équipements,46.64G,Commerce de gros d’autre matériel électrique,,,https://www.insee.fr/fr/metadonnees/naf2025/sousClasse/46.64G,Insee — NAF 2025 — sous-classe 46.64G
NAF 2025,G,COMMERCE,46,Commerce de gros,46.6,"Commerce de gros d’autres machines, équipements et fournitures",46.64,Commerce de gros d’autres machines et équipements,46.64H,Commerce de gros de matériels de manutention et de levage,,,https://www.insee.fr/fr/metadonnees/naf2025/sousClasse/46.64H,Insee — NAF 2025 — sous-classe 46.64H
NAF 2025,G,COMMERCE,46,Commerce de gros,46.6,"Commerce de gros d’autres machines, équipements et fournitures",46.64,Commerce de gros d’autres machines et équipements,46.64J,Commerce de gros d’autres machines et équipements pour l’industrie et le transport,,,https://www.insee.fr/fr/metadonnees/naf2025/sousClasse/46.64J,Insee — NAF 2025 — sous-classe 46.64J
NAF 2025,G,COMMERCE,46,Commerce de gros,46.6,"Commerce de gros d’autres machines, équipements et fournitures",46.64,Commerce de gros d’autres machines et équipements,46.64K,Commerce de gros d’autres machines et équipements pour le commerce et les services,,,https://www.insee.fr/fr/metadonnees/naf2025/sousClasse/46.64K,Insee — NAF 2025 — sous-classe 46.64K
NAF 2025,G,COMMERCE,46,Commerce de gros,46.7,"Commerce de gros de véhicules automobiles, de motocycles et de leurs pièces et accessoires",46.71,Commerce de gros de véhicules automobiles,46.71G,"Commerce de gros de véhicules automobiles légers (moins de 3,5 tonnes)",,,https://www.insee.fr/fr/metadonnees/naf2025/sousClasse/46.71G,Insee — NAF 2025 — sous-classe 46.71G
NAF 2025,G,COMMERCE,46,Commerce de gros,46.7,"Commerce de gros de véhicules automobiles, de motocycles et de leurs pièces et accessoires",46.71,Commerce de gros de véhicules automobiles,46.71H,Commerce de gros d’autres véhicules automobiles,,,https://www.insee.fr/fr/metadonnees/naf2025/sousClasse/46.71H,Insee — NAF 2025 — sous-classe 46.71H
NAF 2025,G,COMMERCE,46,Commerce de gros,46.7,"Commerce de gros de véhicules automobiles, de motocycles et de leurs pièces et accessoires",46.72,Commerce de gros de pièces et accessoires de véhicules automobiles,46.72Y,Commerce de gros de pièces et accessoires de véhicules automobiles,,,https://www.insee.fr/fr/metadonnees/naf2025/sousClasse/46.72Y,Insee — NAF 2025 — sous-classe 46.72Y
NAF 2025,G,COMMERCE,46,Commerce de gros,46.7,"Commerce de gros de véhicules automobiles, de motocycles et de leurs pièces et accessoires",46.73,Commerce de gros de motocycles et de pièces et accessoires pour motocycles,46.73Y,Commerce de gros de motocycles et de pièces et accessoires pour motocycles,,,https://www.insee.fr/fr/metadonnees/naf2025/sousClasse/46.73Y,Insee — NAF 2025 — sous-classe 46.73Y
NAF 2025,G,COMMERCE,46,Commerce de gros,46.8,Autre commerce de gros spécialisé,46.81,"Commerce de gros de combustibles solides, liquides et gazeux et de produits annexes",46.81Y,"Commerce de gros de combustibles solides, liquides et gazeux et de produits annexes",,,https://www.insee.fr/fr/metadonnees/naf2025/sousClasse/46.81Y,Insee — NAF 2025 — sous-classe 46.81Y
NAF 2025,G,COMMERCE,46,Commerce de gros,46.8,Autre commerce de gros spécialisé,46.82,Commerce de gros de minerais et de métaux,46.82Y,Commerce de gros de minerais et de métaux,,,https://www.insee.fr/fr/metadonnees/naf2025/sousClasse/46.82Y,Insee — NAF 2025 — sous-classe 46.82Y
NAF 2025,G,COMMERCE,46,Commerce de gros,46.8,Autre commerce de gros spécialisé,46.83,"Commerce de gros de bois, de matériaux de construction et d’appareils sanitaires",46.83G,Commerce de gros de bois et matériaux de construction,,,https://www.insee.fr/fr/metadonnees/naf2025/sousClasse/46.83G,Insee — NAF 2025 — sous-classe 46.83G
NAF 2025,G,COMMERCE,46,Commerce de gros,46.8,Autre commerce de gros spécialisé,46.83,"Commerce de gros de bois, de matériaux de construction et d’appareils sanitaires",46.83H,Commerce de gros d’appareils sanitaires,,,https://www.insee.fr/fr/metadonnees/naf2025/sousClasse/46.83H,Insee — NAF 2025 — sous-classe 46.83H
NAF 2025,G,COMMERCE,46,Commerce de gros,46.8,Autre commerce de gros spécialisé,46.83,"Commerce de gros de bois, de matériaux de construction et d’appareils sanitaires",46.83J,Commerce de gros de matériaux de décoration,,,https://www.insee.fr/fr/metadonnees/naf2025/sousClasse/46.83J,Insee — NAF 2025 — sous-classe 46.83J
NAF 2025,G,COMMERCE,46,Commerce de gros,46.8,Autre commerce de gros spécialisé,46.84,Commerce de gros de quincaillerie et fournitures pour plomberie et chauffage,46.84G,Commerce de gros de quincaillerie et de matériel de bricolage,,,https://www.insee.fr/fr/metadonnees/naf2025/sousClasse/46.84G,Insee — NAF 2025 — sous-classe 46.84G
NAF 2025,G,COMMERCE,46,Commerce de gros,46.8,Autre commerce de gros spécialisé,46.84,Commerce de gros de quincaillerie et fournitures pour plomberie et chauffage,46.84H,Commerce de gros de fournitures pour plomberie et chauffage,,,https://www.insee.fr/fr/metadonnees/naf2025/sousClasse/46.84H,Insee — NAF 2025 — sous-classe 46.84H
NAF 2025,G,COMMERCE,46,Commerce de gros,46.8,Autre commerce de gros spécialisé,46.85,Commerce de gros de produits chimiques,46.85Y,Commerce de gros de produits chimiques,,,https://www.insee.fr/fr/metadonnees/naf2025/sousClasse/46.85Y,Insee — NAF 2025 — sous-classe 46.85Y
NAF 2025,G,COMMERCE,46,Commerce de gros,46.8,Autre commerce de gros spécialisé,46.86,Commerce de gros d’autres produits intermédiaires,46.86Y,Commerce de gros d’autres produits intermédiaires,,,https://www.insee.fr/fr/metadonnees/naf2025/sousClasse/46.86Y,Insee — NAF 2025 — sous-classe 46.86Y
NAF 2025,G,COMMERCE,46,Commerce de gros,46.8,Autre commerce de gros spécialisé,46.87,Commerce de gros de déchets et débris,46.87Y,Commerce de gros de déchets et débris,,,https://www.insee.fr/fr/metadonnees/naf2025/sousClasse/46.87Y,Insee — NAF 2025 — sous-classe 46.87Y
NAF 2025,G,COMMERCE,46,Commerce de gros,46.8,Autre commerce de gros spécialisé,46.89,Autre commerce de gros spécialisé n.c.a.,46.89Y,Autre commerce de gros spécialisé n.c.a.,,,https://www.insee.fr/fr/metadonnees/naf2025/sousClasse/46.89Y,Insee — NAF 2025 — sous-classe 46.89Y
NAF 2025,G,COMMERCE,46,Commerce de gros,46.9,Commerce de gros non spécialisé,46.90,Commerce de gros non spécialisé,46.90Y,Commerce de gros non spécialisé,,,https://www.insee.fr/fr/metadonnees/naf2025/sousClasse/46.90Y,Insee — NAF 2025 — sous-classe 46.90Y
NAF 2025,G,COMMERCE,47,Commerce de détail,47.1,Commerce de détail non spécialisé,47.11,Commerce de détail non spécialisé à prédominance alimentaire,47.11G,Commerce de détail non spécialisé à prédominance alimentaire en magasin de moins de 120 m²,,,https://www.insee.fr/fr/metadonnees/naf2025/sousClasse/47.11G,Insee — NAF 2025 — sous-classe 47.11G
NAF 2025,G,COMMERCE,47,Commerce de détail,47.1,Commerce de détail non spécialisé,47.11,Commerce de détail non spécialisé à prédominance alimentaire,47.11H,Commerce de détail non spécialisé à prédominance alimentaire en magasin de 120 à 400 m² (supérette),,,https://www.insee.fr/fr/metadonnees/naf2025/sousClasse/47.11H,Insee — NAF 2025 — sous-classe 47.11H
NAF 2025,G,COMMERCE,47,Commerce de détail,47.1,Commerce de détail non spécialisé,47.11,Commerce de détail non spécialisé à prédominance alimentaire,47.11J,Commerce de détail non spécialisé à prédominance alimentaire en magasin de 400 à 2500 m² (supermarché),,,https://www.insee.fr/fr/metadonnees/naf2025/sousClasse/47.11J,Insee — NAF 2025 — sous-classe 47.11J
NAF 2025,G,COMMERCE,47,Commerce de détail,47.1,Commerce de détail non spécialisé,47.11,Commerce de détail non spécialisé à prédominance alimentaire,47.11K,Commerce de détail non spécialisé à prédominance alimentaire en magasin de plus de 2500 m² (hypermarché),,,https://www.insee.fr/fr/metadonnees/naf2025/sousClasse/47.11K,Insee — NAF 2025 — sous-classe 47.11K
NAF 2025,G,COMMERCE,47,Commerce de détail,47.1,Commerce de détail non spécialisé,47.11,Commerce de détail non spécialisé à prédominance alimentaire,47.11L,Commerce de détail non spécialisé à prédominance alimentaire hors magasin,,,https://www.insee.fr/fr/metadonnees/naf2025/sousClasse/47.11L,Insee — NAF 2025 — sous-classe 47.11L
NAF 2025,G,COMMERCE,47,Commerce de détail,47.1,Commerce de détail non spécialisé,47.12,Autre commerce de détail non spécialisé,47.12G,Autre commerce de détail non spécialisé en magasin de plus de 2500 m² (grand magasin),,,https://www.insee.fr/fr/metadonnees/naf2025/sousClasse/47.12G,Insee — NAF 2025 — sous-classe 47.12G
NAF 2025,G,COMMERCE,47,Commerce de détail,47.1,Commerce de détail non spécialisé,47.12,Autre commerce de détail non spécialisé,47.12H,Autre commerce de détail non spécialisé en magasin de moins de 2500 m² ou hors magasin,,,https://www.insee.fr/fr/metadonnees/naf2025/sousClasse/47.12H,Insee — NAF 2025 — sous-classe 47.12H
NAF 2025,G,COMMERCE,47,Commerce de détail,47.2,"Commerce de détail de produits alimentaires, de boissons et de tabac",47.21,Commerce de détail de fruits et légumes,47.21Y,Commerce de détail de fruits et légumes,,,https://www.insee.fr/fr/metadonnees/naf2025/sousClasse/47.21Y,Insee — NAF 2025 — sous-classe 47.21Y
NAF 2025,G,COMMERCE,47,Commerce de détail,47.2,"Commerce de détail de produits alimentaires, de boissons et de tabac",47.22,Commerce de détail de viande et de produits à base de viande,47.22Y,Commerce de détail de viande et de produits à base de viande,,,https://www.insee.fr/fr/metadonnees/naf2025/sousClasse/47.22Y,Insee — NAF 2025 — sous-classe 47.22Y
NAF 2025,G,COMMERCE,47,Commerce de détail,47.2,"Commerce de détail de produits alimentaires, de boissons et de tabac",47.23,"Commerce de détail de poisson, de crustacés et de mollusques",47.23Y,"Commerce de détail de poisson, de crustacés et de mollusques",,,https://www.insee.fr/fr/metadonnees/naf2025/sousClasse/47.23Y,Insee — NAF 2025 — sous-classe 47.23Y
NAF 2025,G,COMMERCE,47,Commerce de détail,47.2,"Commerce de détail de produits alimentaires, de boissons et de tabac",47.24,"Commerce de détail de pain, de pâtisserie et de confiserie",47.24Y,"Commerce de détail de pain, de pâtisserie et de confiserie",,,https://www.insee.fr/fr/metadonnees/naf2025/sousClasse/47.24Y,Insee — NAF 2025 — sous-classe 47.24Y
NAF 2025,G,COMMERCE,47,Commerce de détail,47.2,"Commerce de détail de produits alimentaires, de boissons et de tabac",47.25,Commerce de détail de boissons,47.25Y,Commerce de détail de boissons,,,https://www.insee.fr/fr/metadonnees/naf2025/sousClasse/47.25Y,Insee — NAF 2025 — sous-classe 47.25Y
NAF 2025,G,COMMERCE,47,Commerce de détail,47.2,"Commerce de détail de produits alimentaires, de boissons et de tabac",47.26,Commerce de détail de produits à base de tabac,47.26Y,Commerce de détail de produits à base de tabac,,,https://www.insee.fr/fr/metadonnees/naf2025/sousClasse/47.26Y,Insee — NAF 2025 — sous-classe 47.26Y
NAF 2025,G,COMMERCE,47,Commerce de détail,47.2,"Commerce de détail de produits alimentaires, de boissons et de tabac",47.27,Commerce de détail d’autres produits alimentaires,47.27G,Commerce de détail de produits laitiers et d'œufs,,,https://www.insee.fr/fr/metadonnees/naf2025/sousClasse/47.27G,Insee — NAF 2025 — sous-classe 47.27G
NAF 2025,G,COMMERCE,47,Commerce de détail,47.2,"Commerce de détail de produits alimentaires, de boissons et de tabac",47.27,Commerce de détail d’autres produits alimentaires,47.27H,Commerce de détail spécialisé d’autres produits d’épicerie et d’autres produits alimentaires n.c.a.,,,https://www.insee.fr/fr/metadonnees/naf2025/sousClasse/47.27H,Insee — NAF 2025 — sous-classe 47.27H
NAF 2025,G,COMMERCE,47,Commerce de détail,47.3,Commerce de détail de carburants,47.30,Commerce de détail de carburants,47.30Y,Commerce de détail de carburants,,,https://www.insee.fr/fr/metadonnees/naf2025/sousClasse/47.30Y,Insee — NAF 2025 — sous-classe 47.30Y
NAF 2025,G,COMMERCE,47,Commerce de détail,47.4,Commerce de détail d’équipements de l’information et de la communication,47.40,Commerce de détail d’équipements de l’information et de la communication,47.40Y,Commerce de détail d’équipements de l’information et de la communication,,,https://www.insee.fr/fr/metadonnees/naf2025/sousClasse/47.40Y,Insee — NAF 2025 — sous-classe 47.40Y
NAF 2025,G,COMMERCE,47,Commerce de détail,47.5,Commerce de détail d’autres équipements du foyer,47.51,Commerce de détail de textiles,47.51Y,Commerce de détail de textiles,,,https://www.insee.fr/fr/metadonnees/naf2025/sousClasse/47.51Y,Insee — NAF 2025 — sous-classe 47.51Y
NAF 2025,G,COMMERCE,47,Commerce de détail,47.5,Commerce de détail d’autres équipements du foyer,47.52,"Commerce de détail de quincaillerie, de matériaux de construction et de bricolage, de peinture et de verre",47.52G,"Commerce de détail de quincaillerie, de matériaux de construction et de bricolage, de peinture et de verre en magasin de moins de 400 m²",,,https://www.insee.fr/fr/metadonnees/naf2025/sousClasse/47.52G,Insee — NAF 2025 — sous-classe 47.52G
NAF 2025,G,COMMERCE,47,Commerce de détail,47.5,Commerce de détail d’autres équipements du foyer,47.52,"Commerce de détail de quincaillerie, de matériaux de construction et de bricolage, de peinture et de verre",47.52H,"Commerce de détail de quincaillerie, de matériaux de construction et de bricolage, de peinture et de verre en magasin de plus de 400 m² ou hors magasin",,,https://www.insee.fr/fr/metadonnees/naf2025/sousClasse/47.52H,Insee — NAF 2025 — sous-classe 47.52H
NAF 2025,G,COMMERCE,47,Commerce de détail,47.5,Commerce de détail d’autres équipements du foyer,47.53,"Commerce de détail de tapis, moquettes et revêtements de murs et de sols",47.53Y,"Commerce de détail de tapis, moquettes et revêtements de murs et de sols",,,https://www.insee.fr/fr/metadonnees/naf2025/sousClasse/47.53Y,Insee — NAF 2025 — sous-classe 47.53Y
NAF 2025,G,COMMERCE,47,Commerce de détail,47.5,Commerce de détail d’autres équipements du foyer,47.54,Commerce de détail d’appareils électroménagers,47.54Y,Commerce de détail d’appareils électroménagers,,,https://www.insee.fr/fr/metadonnees/naf2025/sousClasse/47.54Y,Insee — NAF 2025 — sous-classe 47.54Y
NAF 2025,G,COMMERCE,47,Commerce de détail,47.5,Commerce de détail d’autres équipements du foyer,47.55,"Commerce de détail de meubles, d’appareils d’éclairage, de vaisselle et d’autres biens domestiques",47.55G,Commerce de détail de meubles,,,https://www.insee.fr/fr/metadonnees/naf2025/sousClasse/47.55G,Insee — NAF 2025 — sous-classe 47.55G
NAF 2025,G,COMMERCE,47,Commerce de détail,47.5,Commerce de détail d’autres équipements du foyer,47.55,"Commerce de détail de meubles, d’appareils d’éclairage, de vaisselle et d’autres biens domestiques",47.55H,"Commerce de détail d'appareils d’éclairage, de vaisselle et d’autres équipements du foyer",,,https://www.insee.fr/fr/metadonnees/naf2025/sousClasse/47.55H,Insee — NAF 2025 — sous-classe 47.55H
NAF 2025,G,COMMERCE,47,Commerce de détail,47.6,Commerce de détail de biens culturels et de loisirs,47.61,Commerce de détail de livres,47.61Y,Commerce de détail de livres,,,https://www.insee.fr/fr/metadonnees/naf2025/sousClasse/47.61Y,Insee — NAF 2025 — sous-classe 47.61Y
NAF 2025,G,COMMERCE,47,Commerce de détail,47.6,Commerce de détail de biens culturels et de loisirs,47.62,Commerce de détail de journaux et autres publications périodiques et de papeterie,47.62Y,Commerce de détail de journaux et autres publications périodiques et de papeterie,,,https://www.insee.fr/fr/metadonnees/naf2025/sousClasse/47.62Y,Insee — NAF 2025 — sous-classe 47.62Y
NAF 2025,G,COMMERCE,47,Commerce de détail,47.6,Commerce de détail de biens culturels et de loisirs,47.63,Commerce de détail d’articles de sport,47.63Y,Commerce de détail d’articles de sport,,,https://www.insee.fr/fr/metadonnees/naf2025/sousClasse/47.63Y,Insee — NAF 2025 — sous-classe 47.63Y
NAF 2025,G,COMMERCE,47,Commerce de détail,47.6,Commerce de détail de biens culturels et de loisirs,47.64,Commerce de détail de jeux et jouets,47.64Y,Commerce de détail de jeux et jouets,,,https://www.insee.fr/fr/metadonnees/naf2025/sousClasse/47.64Y,Insee — NAF 2025 — sous-classe 47.64Y
NAF 2025,G,COMMERCE,47,Commerce de détail,47.6,Commerce de détail de biens culturels et de loisirs,47.69,Commerce de détail de biens culturels et de loisirs n.c.a.,47.69Y,Commerce de détail de biens culturels et de loisirs n.c.a.,,,https://www.insee.fr/fr/metadonnees/naf2025/sousClasse/47.69Y,Insee — NAF 2025 — sous-classe 47.69Y
NAF 2025,G,COMMERCE,47,Commerce de détail,47.7,"Commerce de détail d’autres biens, à l’exception des automobiles et des motocycles",47.71,Commerce de détail d’habillement,47.71Y,Commerce de détail d’habillement,,,https://www.insee.fr/fr/metadonnees/naf2025/sousClasse/47.71Y,Insee — NAF 2025 — sous-classe 47.71Y
NAF 2025,G,COMMERCE,47,Commerce de détail,47.7,"Commerce de détail d’autres biens, à l’exception des automobiles et des motocycles",47.72,Commerce de détail de chaussures et d’articles en cuir,47.72G,Commerce de détail de chaussures,,,https://www.insee.fr/fr/metadonnees/naf2025/sousClasse/47.72G,Insee — NAF 2025 — sous-classe 47.72G
NAF 2025,G,COMMERCE,47,Commerce de détail,47.7,"Commerce de détail d’autres biens, à l’exception des automobiles et des motocycles",47.72,Commerce de détail de chaussures et d’articles en cuir,47.72H,Commerce de détail de maroquinerie et d'articles de voyage,,,https://www.insee.fr/fr/metadonnees/naf2025/sousClasse/47.72H,Insee — NAF 2025 — sous-classe 47.72H
NAF 2025,G,COMMERCE,47,Commerce de détail,47.7,"Commerce de détail d’autres biens, à l’exception des automobiles et des motocycles",47.73,Commerce de détail de produits pharmaceutiques,47.73Y,Commerce de détail de produits pharmaceutiques,,,https://www.insee.fr/fr/metadonnees/naf2025/sousClasse/47.73Y,Insee — NAF 2025 — sous-classe 47.73Y
NAF 2025,G,COMMERCE,47,Commerce de détail,47.7,"Commerce de détail d’autres biens, à l’exception des automobiles et des motocycles",47.74,Commerce de détail d’articles médicaux et orthopédiques,47.74G,Commerce de détail d'optique,,,https://www.insee.fr/fr/metadonnees/naf2025/sousClasse/47.74G,Insee — NAF 2025 — sous-classe 47.74G
NAF 2025,G,COMMERCE,47,Commerce de détail,47.7,"Commerce de détail d’autres biens, à l’exception des automobiles et des motocycles",47.74,Commerce de détail d’articles médicaux et orthopédiques,47.74H,Commerce de détail d’autres articles médicaux et orthopédiques,,,https://www.insee.fr/fr/metadonnees/naf2025/sousClasse/47.74H,Insee — NAF 2025 — sous-classe 47.74H
NAF 2025,G,COMMERCE,47,Commerce de détail,47.7,"Commerce de détail d’autres biens, à l’exception des automobiles et des motocycles",47.75,Commerce de détail de parfumerie et de produits de beauté,47.75Y,Commerce de détail de parfumerie et de produits de beauté,,,https://www.insee.fr/fr/metadonnees/naf2025/sousClasse/47.75Y,Insee — NAF 2025 — sous-classe 47.75Y
NAF 2025,G,COMMERCE,47,Commerce de détail,47.7,"Commerce de détail d’autres biens, à l’exception des automobiles et des motocycles",47.76,"Commerce de détail de fleurs, plantes, engrais, animaux de compagnie et aliments pour ces animaux",47.76Y,"Commerce de détail de fleurs, plantes, engrais, animaux de compagnie et aliments pour ces animaux",,,https://www.insee.fr/fr/metadonnees/naf2025/sousClasse/47.76Y,Insee — NAF 2025 — sous-classe 47.76Y
NAF 2025,G,COMMERCE,47,Commerce de détail,47.7,"Commerce de détail d’autres biens, à l’exception des automobiles et des motocycles",47.77,Commerce de détail d’articles d’horlogerie et de bijouterie,47.77Y,Commerce de détail d’articles d’horlogerie et de bijouterie,,,https://www.insee.fr/fr/metadonnees/naf2025/sousClasse/47.77Y,Insee — NAF 2025 — sous-classe 47.77Y
NAF 2025,G,COMMERCE,47,Commerce de détail,47.7,"Commerce de détail d’autres biens, à l’exception des automobiles et des motocycles",47.78,Commerce de détail d’autres biens neufs,47.78G,Commerce de détail de charbons et combustibles,,,https://www.insee.fr/fr/metadonnees/naf2025/sousClasse/47.78G,Insee — NAF 2025 — sous-classe 47.78G
NAF 2025,G,COMMERCE,47,Commerce de détail,47.7,"Commerce de détail d’autres biens, à l’exception des automobiles et des motocycles",47.78,Commerce de détail d’autres biens neufs,47.78H,Commerce de détail spécialisé d’autres biens neufs n.c.a.,,,https://www.insee.fr/fr/metadonnees/naf2025/sousClasse/47.78H,Insee — NAF 2025 — sous-classe 47.78H
NAF 2025,G,COMMERCE,47,Commerce de détail,47.7,"Commerce de détail d’autres biens, à l’exception des automobiles et des motocycles",47.79,Commerce de détail de biens d’occasion,47.79G,Commerce de détail d’antiquités et livres anciens,,,https://www.insee.fr/fr/metadonnees/naf2025/sousClasse/47.79G,Insee — NAF 2025 — sous-classe 47.79G
NAF 2025,G,COMMERCE,47,Commerce de détail,47.7,"Commerce de détail d’autres biens, à l’exception des automobiles et des motocycles",47.79,Commerce de détail de biens d’occasion,47.79H,Commerce de détail d’autres biens d’occasion,,,https://www.insee.fr/fr/metadonnees/naf2025/sousClasse/47.79H,Insee — NAF 2025 — sous-classe 47.79H
NAF 2025,G,COMMERCE,47,Commerce de détail,47.8,"Commerce de détail d’automobiles, de motocycles et de leurs pièces et accessoires",47.81,Commerce de détail de véhicules automobiles,47.81Y,Commerce de détail de véhicules automobiles,,,https://www.insee.fr/fr/metadonnees/naf2025/sousClasse/47.81Y,Insee — NAF 2025 — sous-classe 47.81Y
NAF 2025,G,COMMERCE,47,Commerce de détail,47.8,"Commerce de détail d’automobiles, de motocycles et de leurs pièces et accessoires",47.82,Commerce de détail de pièces et accessoires de véhicules automobiles,47.82Y,Commerce de détail de pièces et accessoires de véhicules automobiles,,,https://www.insee.fr/fr/metadonnees/naf2025/sousClasse/47.82Y,Insee — NAF 2025 — sous-classe 47.82Y
NAF 2025,G,COMMERCE,47,Commerce de détail,47.8,"Commerce de détail d’automobiles, de motocycles et de leurs pièces et accessoires",47.83,Commerce de détail de motocycles et de pièces et accessoires de motocycles,47.83Y,Commerce de détail de motocycles et de pièces et accessoires de motocycles,,,https://www.insee.fr/fr/metadonnees/naf2025/sousClasse/47.83Y,Insee — NAF 2025 — sous-classe 47.83Y
NAF 2025,G,COMMERCE,47,Commerce de détail,47.9,Activités de service d’intermédiation pour le commerce de détail,47.91,Activités de service d’intermédiation pour le commerce de détail non spécialisé,47.91Y,Activités de service d’intermédiation pour le commerce de détail non spécialisé,,,https://www.insee.fr/fr/metadonnees/naf2025/sousClasse/47.91Y,Insee — NAF 2025 — sous-classe 47.91Y
NAF 2025,G,COMMERCE,47,Commerce de détail,47.9,Activités de service d’intermédiation pour le commerce de détail,47.92,Activités de service d’intermédiation pour le commerce de détail spécialisé,47.92G,Activités de service d’intermédiation pour le commerce de détail de véhicules automobiles,,,https://www.insee.fr/fr/metadonnees/naf2025/sousClasse/47.92G,Insee — NAF 2025 — sous-classe 47.92G
NAF 2025,G,COMMERCE,47,Commerce de détail,47.9,Activités de service d’intermédiation pour le commerce de détail,47.92,Activités de service d’intermédiation pour le commerce de détail spécialisé,47.92H,Activités de service d’intermédiation pour le commerce de détail de journaux et de produits à base de tabac,,,https://www.insee.fr/fr/metadonnees/naf2025/sousClasse/47.92H,Insee — NAF 2025 — sous-classe 47.92H
NAF 2025,G,COMMERCE,47,Commerce de détail,47.9,Activités de service d’intermédiation pour le commerce de détail,47.92,Activités de service d’intermédiation pour le commerce de détail spécialisé,47.92J,Activités de service d'intermédiation pour le commerce de détail spécialisé d’autres biens,,,https://www.insee.fr/fr/metadonnees/naf2025/sousClasse/47.92J,Insee — NAF 2025 — sous-classe 47.92J
NAF 2025,H,TRANSPORTS ET ENTREPOSAGE,49,Transports terrestres et transports par conduites,49.1,Transport ferroviaire de voyageurs,49.11,Transport ferroviaire lourd de voyageurs,49.11Y,Transport ferroviaire lourd de voyageurs,,,https://www.insee.fr/fr/metadonnees/naf2025/sousClasse/49.11Y,Insee — NAF 2025 — sous-classe 49.11Y
NAF 2025,H,TRANSPORTS ET ENTREPOSAGE,49,Transports terrestres et transports par conduites,49.1,Transport ferroviaire de voyageurs,49.12,Autre transport ferroviaire de voyageurs,49.12Y,Autre transport ferroviaire de voyageurs,,,https://www.insee.fr/fr/metadonnees/naf2025/sousClasse/49.12Y,Insee — NAF 2025 — sous-classe 49.12Y
NAF 2025,H,TRANSPORTS ET ENTREPOSAGE,49,Transports terrestres et transports par conduites,49.2,Transport ferroviaire de fret,49.20,Transport ferroviaire de fret,49.20Y,Transport ferroviaire de fret,,,https://www.insee.fr/fr/metadonnees/naf2025/sousClasse/49.20Y,Insee — NAF 2025 — sous-classe 49.20Y
NAF 2025,H,TRANSPORTS ET ENTREPOSAGE,49,Transports terrestres et transports par conduites,49.3,Autre transport terrestre de voyageurs,49.31,Transport régulier de voyageurs par route,49.31G,Transport régulier urbain et suburbain de voyageurs par route,,,https://www.insee.fr/fr/metadonnees/naf2025/sousClasse/49.31G,Insee — NAF 2025 — sous-classe 49.31G
NAF 2025,H,TRANSPORTS ET ENTREPOSAGE,49,Transports terrestres et transports par conduites,49.3,Autre transport terrestre de voyageurs,49.31,Transport régulier de voyageurs par route,49.31H,Autre transport régulier de voyageurs par route,,,https://www.insee.fr/fr/metadonnees/naf2025/sousClasse/49.31H,Insee — NAF 2025 — sous-classe 49.31H
NAF 2025,H,TRANSPORTS ET ENTREPOSAGE,49,Transports terrestres et transports par conduites,49.3,Autre transport terrestre de voyageurs,49.32,Transport non régulier de voyageurs par route,49.32Y,Transport non régulier de voyageurs par route,,,https://www.insee.fr/fr/metadonnees/naf2025/sousClasse/49.32Y,Insee — NAF 2025 — sous-classe 49.32Y
NAF 2025,H,TRANSPORTS ET ENTREPOSAGE,49,Transports terrestres et transports par conduites,49.3,Autre transport terrestre de voyageurs,49.33,Transport de voyageurs sur demande par véhicule avec chauffeur,49.33G,Transport de personnes par taxi,,,https://www.insee.fr/fr/metadonnees/naf2025/sousClasse/49.33G,Insee — NAF 2025 — sous-classe 49.33G
NAF 2025,H,TRANSPORTS ET ENTREPOSAGE,49,Transports terrestres et transports par conduites,49.3,Autre transport terrestre de voyageurs,49.33,Transport de voyageurs sur demande par véhicule avec chauffeur,49.33H,Autre transport de personnes sur demande par véhicule avec chauffeur,,,https://www.insee.fr/fr/metadonnees/naf2025/sousClasse/49.33H,Insee — NAF 2025 — sous-classe 49.33H
NAF 2025,H,TRANSPORTS ET ENTREPOSAGE,49,Transports terrestres et transports par conduites,49.3,Autre transport terrestre de voyageurs,49.34,Transport de voyageurs par téléphériques et remontées mécaniques,49.34Y,Transport de voyageurs par téléphériques et remontées mécaniques,,,https://www.insee.fr/fr/metadonnees/naf2025/sousClasse/49.34Y,Insee — NAF 2025 — sous-classe 49.34Y
NAF 2025,H,TRANSPORTS ET ENTREPOSAGE,49,Transports terrestres et transports par conduites,49.3,Autre transport terrestre de voyageurs,49.39,Autre transport terrestre de voyageurs n.c.a.,49.39Y,Autre transport terrestre de voyageurs n.c.a.,,,https://www.insee.fr/fr/metadonnees/naf2025/sousClasse/49.39Y,Insee — NAF 2025 — sous-classe 49.39Y
NAF 2025,H,TRANSPORTS ET ENTREPOSAGE,49,Transports terrestres et transports par conduites,49.4,Transport routier de fret et services de déménagement,49.41,Transport routier de fret,49.41G,Transport routier de fret longue distance,,,https://www.insee.fr/fr/metadonnees/naf2025/sousClasse/49.41G,Insee — NAF 2025 — sous-classe 49.41G
NAF 2025,H,TRANSPORTS ET ENTREPOSAGE,49,Transports terrestres et transports par conduites,49.4,Transport routier de fret et services de déménagement,49.41,Transport routier de fret,49.41H,Transport routier de fret régional et de proximité,,,https://www.insee.fr/fr/metadonnees/naf2025/sousClasse/49.41H,Insee — NAF 2025 — sous-classe 49.41H
NAF 2025,H,TRANSPORTS ET ENTREPOSAGE,49,Transports terrestres et transports par conduites,49.4,Transport routier de fret et services de déménagement,49.41,Transport routier de fret,49.41J,Location de camions avec chauffeur,,,https://www.insee.fr/fr/metadonnees/naf2025/sousClasse/49.41J,Insee — NAF 2025 — sous-classe 49.41J
NAF 2025,H,TRANSPORTS ET ENTREPOSAGE,49,Transports terrestres et transports par conduites,49.4,Transport routier de fret et services de déménagement,49.42,Services de déménagement,49.42Y,Services de déménagement,,,https://www.insee.fr/fr/metadonnees/naf2025/sousClasse/49.42Y,Insee — NAF 2025 — sous-classe 49.42Y
NAF 2025,H,TRANSPORTS ET ENTREPOSAGE,49,Transports terrestres et transports par conduites,49.5,Transport par conduites,49.50,Transport par conduites,49.50Y,Transport par conduites,,,https://www.insee.fr/fr/metadonnees/naf2025/sousClasse/49.50Y,Insee — NAF 2025 — sous-classe 49.50Y
NAF 2025,H,TRANSPORTS ET ENTREPOSAGE,50,Transport par eau,50.1,Transports maritimes et côtiers de passagers,50.10,Transports maritimes et côtiers de passagers,50.10Y,Transports maritimes et côtiers de passagers,,,https://www.insee.fr/fr/metadonnees/naf2025/sousClasse/50.10Y,Insee — NAF 2025 — sous-classe 50.10Y
NAF 2025,H,TRANSPORTS ET ENTREPOSAGE,50,Transport par eau,50.2,Transports maritimes et côtiers de fret,50.20,Transports maritimes et côtiers de fret,50.20Y,Transports maritimes et côtiers de fret,,,https://www.insee.fr/fr/metadonnees/naf2025/sousClasse/50.20Y,Insee — NAF 2025 — sous-classe 50.20Y
NAF 2025,H,TRANSPORTS ET ENTREPOSAGE,50,Transport par eau,50.3,Transports fluviaux de passagers,50.30,Transports fluviaux de passagers,50.30Y,Transports fluviaux de passagers,,,https://www.insee.fr/fr/metadonnees/naf2025/sousClasse/50.30Y,Insee — NAF 2025 — sous-classe 50.30Y
NAF 2025,H,TRANSPORTS ET ENTREPOSAGE,50,Transport par eau,50.4,Transports fluviaux de fret,50.40,Transports fluviaux de fret,50.40Y,Transports fluviaux de fret,,,https://www.insee.fr/fr/metadonnees/naf2025/sousClasse/50.40Y,Insee — NAF 2025 — sous-classe 50.40Y
NAF 2025,H,TRANSPORTS ET ENTREPOSAGE,51,Transports aériens,51.1,Transports aériens de passagers,51.10,Transports aériens de passagers,51.10Y,Transports aériens de passagers,,,https://www.insee.fr/fr/metadonnees/naf2025/sousClasse/51.10Y,Insee — NAF 2025 — sous-classe 51.10Y
NAF 2025,H,TRANSPORTS ET ENTREPOSAGE,51,Transports aériens,51.2,Transports aériens de fret et transports spatiaux,51.21,Transports aériens de fret,51.21Y,Transports aériens de fret,,,https://www.insee.fr/fr/metadonnees/naf2025/sousClasse/51.21Y,Insee — NAF 2025 — sous-classe 51.21Y
NAF 2025,H,TRANSPORTS ET ENTREPOSAGE,51,Transports aériens,51.2,Transports aériens de fret et transports spatiaux,51.22,Transports spatiaux,51.22Y,Transports spatiaux,,,https://www.insee.fr/fr/metadonnees/naf2025/sousClasse/51.22Y,Insee — NAF 2025 — sous-classe 51.22Y
NAF 2025,H,TRANSPORTS ET ENTREPOSAGE,52,Entreposage et services auxiliaires des transports,52.1,Entreposage et stockage,52.10,Entreposage et stockage,52.10G,Entreposage et stockage frigorifique,,,https://www.insee.fr/fr/metadonnees/naf2025/sousClasse/52.10G,Insee — NAF 2025 — sous-classe 52.10G
NAF 2025,H,TRANSPORTS ET ENTREPOSAGE,52,Entreposage et services auxiliaires des transports,52.1,Entreposage et stockage,52.10,Entreposage et stockage,52.10H,Entreposage et stockage non frigorifique,,,https://www.insee.fr/fr/metadonnees/naf2025/sousClasse/52.10H,Insee — NAF 2025 — sous-classe 52.10H
NAF 2025,H,TRANSPORTS ET ENTREPOSAGE,52,Entreposage et services auxiliaires des transports,52.2,Services auxiliaires des transports,52.21,Services auxiliaires des transports terrestres,52.21Y,Services auxiliaires des transports terrestres,,,https://www.insee.fr/fr/metadonnees/naf2025/sousClasse/52.21Y,Insee — NAF 2025 — sous-classe 52.21Y
NAF 2025,H,TRANSPORTS ET ENTREPOSAGE,52,Entreposage et services auxiliaires des transports,52.2,Services auxiliaires des transports,52.22,Services auxiliaires des transports par eau,52.22Y,Services auxiliaires des transports par eau,,,https://www.insee.fr/fr/metadonnees/naf2025/sousClasse/52.22Y,Insee — NAF 2025 — sous-classe 52.22Y
NAF 2025,H,TRANSPORTS ET ENTREPOSAGE,52,Entreposage et services auxiliaires des transports,52.2,Services auxiliaires des transports,52.23,Services auxiliaires des transports aériens,52.23Y,Services auxiliaires des transports aériens,,,https://www.insee.fr/fr/metadonnees/naf2025/sousClasse/52.23Y,Insee — NAF 2025 — sous-classe 52.23Y
NAF 2025,H,TRANSPORTS ET ENTREPOSAGE,52,Entreposage et services auxiliaires des transports,52.2,Services auxiliaires des transports,52.24,Manutention du fret,52.24G,Manutention portuaire,,,https://www.insee.fr/fr/metadonnees/naf2025/sousClasse/52.24G,Insee — NAF 2025 — sous-classe 52.24G
NAF 2025,H,TRANSPORTS ET ENTREPOSAGE,52,Entreposage et services auxiliaires des transports,52.2,Services auxiliaires des transports,52.24,Manutention du fret,52.24H,Manutention non portuaire,,,https://www.insee.fr/fr/metadonnees/naf2025/sousClasse/52.24H,Insee — NAF 2025 — sous-classe 52.24H
NAF 2025,H,TRANSPORTS ET ENTREPOSAGE,52,Entreposage et services auxiliaires des transports,52.2,Services auxiliaires des transports,52.25,Activités de service logistique,52.25Y,Activités de service logistique,,,https://www.insee.fr/fr/metadonnees/naf2025/sousClasse/52.25Y,Insee — NAF 2025 — sous-classe 52.25Y
NAF 2025,H,TRANSPORTS ET ENTREPOSAGE,52,Entreposage et services auxiliaires des transports,52.2,Services auxiliaires des transports,52.26,Autres activités de soutien pour les transports,52.26Y,Autres activités de soutien pour les transports,,,https://www.insee.fr/fr/metadonnees/naf2025/sousClasse/52.26Y,Insee — NAF 2025 — sous-classe 52.26Y
NAF 2025,H,TRANSPORTS ET ENTREPOSAGE,52,Entreposage et services auxiliaires des transports,52.3,Activités de service d’intermédiation pour les transports,52.31,Activités de service d’intermédiation pour le transport de fret,52.31Y,Activités de service d’intermédiation pour le transport de fret,,,https://www.insee.fr/fr/metadonnees/naf2025/sousClasse/52.31Y,Insee — NAF 2025 — sous-classe 52.31Y
NAF 2025,H,TRANSPORTS ET ENTREPOSAGE,52,Entreposage et services auxiliaires des transports,52.3,Activités de service d’intermédiation pour les transports,52.32,Activités de service d’intermédiation pour le transport de passagers,52.32Y,Activités de service d’intermédiation pour le transport de passagers,,,https://www.insee.fr/fr/metadonnees/naf2025/sousClasse/52.32Y,Insee — NAF 2025 — sous-classe 52.32Y
NAF 2025,H,TRANSPORTS ET ENTREPOSAGE,53,Activités de poste et de courrier,53.1,Activités de poste dans le cadre d’une obligation de service universel,53.10,Activités de poste dans le cadre d’une obligation de service universel,53.10Y,Activités de poste dans le cadre d’une obligation de service universel,,,https://www.insee.fr/fr/metadonnees/naf2025/sousClasse/53.10Y,Insee — NAF 2025 — sous-classe 53.10Y
NAF 2025,H,TRANSPORTS ET ENTREPOSAGE,53,Activités de poste et de courrier,53.2,Autres activités de poste et de courrier,53.20,Autres activités de poste et de courrier,53.20G,Livraison de colis,,,https://www.insee.fr/fr/metadonnees/naf2025/sousClasse/53.20G,Insee — NAF 2025 — sous-classe 53.20G
NAF 2025,H,TRANSPORTS ET ENTREPOSAGE,53,Activités de poste et de courrier,53.2,Autres activités de poste et de courrier,53.20,Autres activités de poste et de courrier,53.20H,Livraison à domicile de repas et autres activités de poste et de courrier n.c.a.,,,https://www.insee.fr/fr/metadonnees/naf2025/sousClasse/53.20H,Insee — NAF 2025 — sous-classe 53.20H
NAF 2025,H,TRANSPORTS ET ENTREPOSAGE,53,Activités de poste et de courrier,53.3,Activités de service d’intermédiation pour des activités de poste et de courrier,53.30,Activités de service d’intermédiation pour des activités de poste et de courrier,53.30Y,Activités de service d’intermédiation pour des activités de poste et de courrier,,,https://www.insee.fr/fr/metadonnees/naf2025/sousClasse/53.30Y,Insee — NAF 2025 — sous-classe 53.30Y
NAF 2025,I,HÉBERGEMENT ET RESTAURATION,55,Hébergement,55.1,Hôtels et hébergement similaire,55.10,Hôtels et hébergement similaire,55.10Y,Hôtels et hébergement similaire,,,https://www.insee.fr/fr/metadonnees/naf2025/sousClasse/55.10Y,Insee — NAF 2025 — sous-classe 55.10Y
NAF 2025,I,HÉBERGEMENT ET RESTAURATION,55,Hébergement,55.2,Hébergement touristique et autre hébergement de courte durée,55.20,Hébergement touristique et autre hébergement de courte durée,55.20Y,Hébergement touristique et autre hébergement de courte durée,,,https://www.insee.fr/fr/metadonnees/naf2025/sousClasse/55.20Y,Insee — NAF 2025 — sous-classe 55.20Y
NAF 2025,I,HÉBERGEMENT ET RESTAURATION,55,Hébergement,55.3,Terrains de camping et parcs pour caravanes ou véhicules de loisirs,55.30,Terrains de camping et parcs pour caravanes ou véhicules de loisirs,55.30Y,Terrains de camping et parcs pour caravanes ou véhicules de loisirs,,,https://www.insee.fr/fr/metadonnees/naf2025/sousClasse/55.30Y,Insee — NAF 2025 — sous-classe 55.30Y
NAF 2025,I,HÉBERGEMENT ET RESTAURATION,55,Hébergement,55.4,Activités de service d’intermédiation pour l’hébergement,55.40,Activités de service d’intermédiation pour l’hébergement,55.40Y,Activités de service d’intermédiation pour l’hébergement,,,https://www.insee.fr/fr/metadonnees/naf2025/sousClasse/55.40Y,Insee — NAF 2025 — sous-classe 55.40Y
NAF 2025,I,HÉBERGEMENT ET RESTAURATION,55,Hébergement,55.9,Autres hébergements,55.90,Autres hébergements,55.90Y,Autres hébergements,,,https://www.insee.fr/fr/metadonnees/naf2025/sousClasse/55.90Y,Insee — NAF 2025 — sous-classe 55.90Y
NAF 2025,I,HÉBERGEMENT ET RESTAURATION,56,Activités de service de restauration,56.1,Activités de restaurant et de service de restauration mobile,56.11,Activités de restaurant,56.11G,Restauration traditionnelle,,,https://www.insee.fr/fr/metadonnees/naf2025/sousClasse/56.11G,Insee — NAF 2025 — sous-classe 56.11G
NAF 2025,I,HÉBERGEMENT ET RESTAURATION,56,Activités de service de restauration,56.1,Activités de restaurant et de service de restauration mobile,56.11,Activités de restaurant,56.11H,Cafétérias et autres libres services,,,https://www.insee.fr/fr/metadonnees/naf2025/sousClasse/56.11H,Insee — NAF 2025 — sous-classe 56.11H
NAF 2025,I,HÉBERGEMENT ET RESTAURATION,56,Activités de service de restauration,56.1,Activités de restaurant et de service de restauration mobile,56.11,Activités de restaurant,56.11J,Restauration de type rapide,,,https://www.insee.fr/fr/metadonnees/naf2025/sousClasse/56.11J,Insee — NAF 2025 — sous-classe 56.11J
NAF 2025,I,HÉBERGEMENT ET RESTAURATION,56,Activités de service de restauration,56.1,Activités de restaurant et de service de restauration mobile,56.12,Activités de service de restauration mobile,56.12Y,Activités de service de restauration mobile,,,https://www.insee.fr/fr/metadonnees/naf2025/sousClasse/56.12Y,Insee — NAF 2025 — sous-classe 56.12Y
NAF 2025,I,HÉBERGEMENT ET RESTAURATION,56,Activités de service de restauration,56.2,"Activités de traiteur événementiel, de service contractuel de restauration et autres activités de service de restauration",56.21,Activités de traiteur événementiel,56.21Y,Activités de traiteur événementiel,,,https://www.insee.fr/fr/metadonnees/naf2025/sousClasse/56.21Y,Insee — NAF 2025 — sous-classe 56.21Y
NAF 2025,I,HÉBERGEMENT ET RESTAURATION,56,Activités de service de restauration,56.2,"Activités de traiteur événementiel, de service contractuel de restauration et autres activités de service de restauration",56.22,Activités de service contractuel de restauration et autres activités de service de restauration,56.22Y,Activités de service contractuel de restauration et autres activités de service de restauration,,,https://www.insee.fr/fr/metadonnees/naf2025/sousClasse/56.22Y,Insee — NAF 2025 — sous-classe 56.22Y
NAF 2025,I,HÉBERGEMENT ET RESTAURATION,56,Activités de service de restauration,56.3,Activités de débit de boissons,56.30,Activités de débit de boissons,56.30Y,Activités de débit de boissons,,,https://www.insee.fr/fr/metadonnees/naf2025/sousClasse/56.30Y,Insee — NAF 2025 — sous-classe 56.30Y
NAF 2025,I,HÉBERGEMENT ET RESTAURATION,56,Activités de service de restauration,56.4,Activités de service d’intermédiation pour des activités de service de restauration,56.40,Activités de service d’intermédiation pour des activités de service de restauration,56.40Y,Activités de service d’intermédiation pour des activités de service de restauration,,,https://www.insee.fr/fr/metadonnees/naf2025/sousClasse/56.40Y,Insee — NAF 2025 — sous-classe 56.40Y
NAF 2025,J,"ÉDITION, DIFFUSION ET ACTIVITÉS DE PRODUCTION ET DE DISTRIBUTION DE CONTENU",58,Activités d’édition,58.1,"Édition de livres, de journaux et autres activités d’édition, à l’exception de l’édition de logiciels",58.11,Édition de livres,58.11Y,Édition de livres,,,https://www.insee.fr/fr/metadonnees/naf2025/sousClasse/58.11Y,Insee — NAF 2025 — sous-classe 58.11Y
NAF 2025,J,"ÉDITION, DIFFUSION ET ACTIVITÉS DE PRODUCTION ET DE DISTRIBUTION DE CONTENU",58,Activités d’édition,58.1,"Édition de livres, de journaux et autres activités d’édition, à l’exception de l’édition de logiciels",58.12,Édition de journaux,58.12Y,Édition de journaux,,,https://www.insee.fr/fr/metadonnees/naf2025/sousClasse/58.12Y,Insee — NAF 2025 — sous-classe 58.12Y
NAF 2025,J,"ÉDITION, DIFFUSION ET ACTIVITÉS DE PRODUCTION ET DE DISTRIBUTION DE CONTENU",58,Activités d’édition,58.1,"Édition de livres, de journaux et autres activités d’édition, à l’exception de l’édition de logiciels",58.13,Édition de revues et de périodiques,58.13Y,Édition de revues et de périodiques,,,https://www.insee.fr/fr/metadonnees/naf2025/sousClasse/58.13Y,Insee — NAF 2025 — sous-classe 58.13Y
NAF 2025,J,"ÉDITION, DIFFUSION ET ACTIVITÉS DE PRODUCTION ET DE DISTRIBUTION DE CONTENU",58,Activités d’édition,58.1,"Édition de livres, de journaux et autres activités d’édition, à l’exception de l’édition de logiciels",58.19,"Autres activités d’édition, à l’exception de l’édition de logiciels",58.19Y,"Autres activités d’édition, à l’exception de l’édition de logiciels",,,https://www.insee.fr/fr/metadonnees/naf2025/sousClasse/58.19Y,Insee — NAF 2025 — sous-classe 58.19Y
NAF 2025,J,"ÉDITION, DIFFUSION ET ACTIVITÉS DE PRODUCTION ET DE DISTRIBUTION DE CONTENU",58,Activités d’édition,58.2,Édition de logiciels,58.21,Édition de jeux vidéo,58.21Y,Édition de jeux vidéo,,,https://www.insee.fr/fr/metadonnees/naf2025/sousClasse/58.21Y,Insee — NAF 2025 — sous-classe 58.21Y
NAF 2025,J,"ÉDITION, DIFFUSION ET ACTIVITÉS DE PRODUCTION ET DE DISTRIBUTION DE CONTENU",58,Activités d’édition,58.2,Édition de logiciels,58.29,Édition d’autres logiciels,58.29Y,Édition d’autres logiciels,,,https://www.insee.fr/fr/metadonnees/naf2025/sousClasse/58.29Y,Insee — NAF 2025 — sous-classe 58.29Y
NAF 2025,J,"ÉDITION, DIFFUSION ET ACTIVITÉS DE PRODUCTION ET DE DISTRIBUTION DE CONTENU",59,"Production de films cinématographiques, de vidéos et de programmes de télévision ; enregistrement sonore et édition musicale",59.1,"Activités cinématographiques, vidéo et de télévision",59.11,"Production de films cinématographiques, de vidéos et de programmes de télévision",59.11G,Production de films et programmes audiovisuels,,,https://www.insee.fr/fr/metadonnees/naf2025/sousClasse/59.11G,Insee — NAF 2025 — sous-classe 59.11G
NAF 2025,J,"ÉDITION, DIFFUSION ET ACTIVITÉS DE PRODUCTION ET DE DISTRIBUTION DE CONTENU",59,"Production de films cinématographiques, de vidéos et de programmes de télévision ; enregistrement sonore et édition musicale",59.1,"Activités cinématographiques, vidéo et de télévision",59.11,"Production de films cinématographiques, de vidéos et de programmes de télévision",59.11H,Production de films institutionnels et publicitaires,,,https://www.insee.fr/fr/metadonnees/naf2025/sousClasse/59.11H,Insee — NAF 2025 — sous-classe 59.11H
NAF 2025,J,"ÉDITION, DIFFUSION ET ACTIVITÉS DE PRODUCTION ET DE DISTRIBUTION DE CONTENU",59,"Production de films cinématographiques, de vidéos et de programmes de télévision ; enregistrement sonore et édition musicale",59.1,"Activités cinématographiques, vidéo et de télévision",59.11,"Production de films cinématographiques, de vidéos et de programmes de télévision",59.11J,Production de films pour le cinéma,,,https://www.insee.fr/fr/metadonnees/naf2025/sousClasse/59.11J,Insee — NAF 2025 — sous-classe 59.11J
NAF 2025,J,"ÉDITION, DIFFUSION ET ACTIVITÉS DE PRODUCTION ET DE DISTRIBUTION DE CONTENU",59,"Production de films cinématographiques, de vidéos et de programmes de télévision ; enregistrement sonore et édition musicale",59.1,"Activités cinématographiques, vidéo et de télévision",59.11,"Production de films cinématographiques, de vidéos et de programmes de télévision",59.11K,Production de films et programmes d'animation,,,https://www.insee.fr/fr/metadonnees/naf2025/sousClasse/59.11K,Insee — NAF 2025 — sous-classe 59.11K
NAF 2025,J,"ÉDITION, DIFFUSION ET ACTIVITÉS DE PRODUCTION ET DE DISTRIBUTION DE CONTENU",59,"Production de films cinématographiques, de vidéos et de programmes de télévision ; enregistrement sonore et édition musicale",59.1,"Activités cinématographiques, vidéo et de télévision",59.12,"Post-production de films cinématographiques, de vidéos et de programmes de télévision",59.12Y,"Post-production de films cinématographiques, de vidéos et de programmes de télévision",,,https://www.insee.fr/fr/metadonnees/naf2025/sousClasse/59.12Y,Insee — NAF 2025 — sous-classe 59.12Y
NAF 2025,J,"ÉDITION, DIFFUSION ET ACTIVITÉS DE PRODUCTION ET DE DISTRIBUTION DE CONTENU",59,"Production de films cinématographiques, de vidéos et de programmes de télévision ; enregistrement sonore et édition musicale",59.1,"Activités cinématographiques, vidéo et de télévision",59.13,Distribution de films cinématographiques et de vidéos,59.13Y,Distribution de films cinématographiques et de vidéos,,,https://www.insee.fr/fr/metadonnees/naf2025/sousClasse/59.13Y,Insee — NAF 2025 — sous-classe 59.13Y
NAF 2025,J,"ÉDITION, DIFFUSION ET ACTIVITÉS DE PRODUCTION ET DE DISTRIBUTION DE CONTENU",59,"Production de films cinématographiques, de vidéos et de programmes de télévision ; enregistrement sonore et édition musicale",59.1,"Activités cinématographiques, vidéo et de télévision",59.14,Projection de films cinématographiques,59.14Y,Projection de films cinématographiques,,,https://www.insee.fr/fr/metadonnees/naf2025/sousClasse/59.14Y,Insee — NAF 2025 — sous-classe 59.14Y
NAF 2025,J,"ÉDITION, DIFFUSION ET ACTIVITÉS DE PRODUCTION ET DE DISTRIBUTION DE CONTENU",59,"Production de films cinématographiques, de vidéos et de programmes de télévision ; enregistrement sonore et édition musicale",59.2,Enregistrement sonore et édition musicale,59.20,Enregistrement sonore et édition musicale,59.20Y,Enregistrement sonore et édition musicale,,,https://www.insee.fr/fr/metadonnees/naf2025/sousClasse/59.20Y,Insee — NAF 2025 — sous-classe 59.20Y
NAF 2025,J,"ÉDITION, DIFFUSION ET ACTIVITÉS DE PRODUCTION ET DE DISTRIBUTION DE CONTENU",60,"Activités de programmation, de diffusion, d’agence de presse et autres activités de distribution de contenu",60.1,Radiodiffusion et activités de distribution de contenu audio,60.10,Radiodiffusion et activités de distribution de contenu audio,60.10Y,Radiodiffusion et activités de distribution de contenu audio,,,https://www.insee.fr/fr/metadonnees/naf2025/sousClasse/60.10Y,Insee — NAF 2025 — sous-classe 60.10Y
NAF 2025,J,"ÉDITION, DIFFUSION ET ACTIVITÉS DE PRODUCTION ET DE DISTRIBUTION DE CONTENU",60,"Activités de programmation, de diffusion, d’agence de presse et autres activités de distribution de contenu",60.2,Programmation et diffusion télévisuelle et activités de distribution de contenu vidéo,60.20,Programmation et diffusion télévisuelle et activités de distribution de contenu vidéo,60.20G,Programmation de télévision et télédiffusion,,,https://www.insee.fr/fr/metadonnees/naf2025/sousClasse/60.20G,Insee — NAF 2025 — sous-classe 60.20G
NAF 2025,J,"ÉDITION, DIFFUSION ET ACTIVITÉS DE PRODUCTION ET DE DISTRIBUTION DE CONTENU",60,"Activités de programmation, de diffusion, d’agence de presse et autres activités de distribution de contenu",60.2,Programmation et diffusion télévisuelle et activités de distribution de contenu vidéo,60.20,Programmation et diffusion télévisuelle et activités de distribution de contenu vidéo,60.20H,Édition de services de médias à la demande,,,https://www.insee.fr/fr/metadonnees/naf2025/sousClasse/60.20H,Insee — NAF 2025 — sous-classe 60.20H
NAF 2025,J,"ÉDITION, DIFFUSION ET ACTIVITÉS DE PRODUCTION ET DE DISTRIBUTION DE CONTENU",60,"Activités de programmation, de diffusion, d’agence de presse et autres activités de distribution de contenu",60.3,Activités d’agence de presse et autres activités de distribution de contenu,60.31,Activités d’agence de presse,60.31Y,Activités d’agence de presse,,,https://www.insee.fr/fr/metadonnees/naf2025/sousClasse/60.31Y,Insee — NAF 2025 — sous-classe 60.31Y
NAF 2025,J,"ÉDITION, DIFFUSION ET ACTIVITÉS DE PRODUCTION ET DE DISTRIBUTION DE CONTENU",60,"Activités de programmation, de diffusion, d’agence de presse et autres activités de distribution de contenu",60.3,Activités d’agence de presse et autres activités de distribution de contenu,60.39,Autres activités de distribution de contenu,60.39Y,Autres activités de distribution de contenu,,,https://www.insee.fr/fr/metadonnees/naf2025/sousClasse/60.39Y,Insee — NAF 2025 — sous-classe 60.39Y
NAF 2025,K,"TÉLÉCOMMUNICATIONS, PROGRAMMATION INFORMATIQUE, CONSEIL, INFRASTRUCTURE INFORMATIQUE ET AUTRES ACTIVITÉS DE SERVICE INFORMATIQUE",61,Télécommunications,61.1,"Activités de télécommunications filaires, sans fil et satellitaires",61.10,"Activités de télécommunications filaires, sans fil et satellitaires",61.10Y,"Activités de télécommunications filaires, sans fil et satellitaires",,,https://www.insee.fr/fr/metadonnees/naf2025/sousClasse/61.10Y,Insee — NAF 2025 — sous-classe 61.10Y
NAF 2025,K,"TÉLÉCOMMUNICATIONS, PROGRAMMATION INFORMATIQUE, CONSEIL, INFRASTRUCTURE INFORMATIQUE ET AUTRES ACTIVITÉS DE SERVICE INFORMATIQUE",61,Télécommunications,61.2,Activités de revente de télécommunications et activités de service d’intermédiation pour les télécommunications,61.20,Activités de revente de télécommunications et activités de service d’intermédiation pour les télécommunications,61.20Y,Activités de revente de télécommunications et activités de service d’intermédiation pour les télécommunications,,,https://www.insee.fr/fr/metadonnees/naf2025/sousClasse/61.20Y,Insee — NAF 2025 — sous-classe 61.20Y
NAF 2025,K,"TÉLÉCOMMUNICATIONS, PROGRAMMATION INFORMATIQUE, CONSEIL, INFRASTRUCTURE INFORMATIQUE ET AUTRES ACTIVITÉS DE SERVICE INFORMATIQUE",61,Télécommunications,61.9,Autres activités de télécommunications,61.90,Autres activités de télécommunications,61.90Y,Autres activités de télécommunications,,,https://www.insee.fr/fr/metadonnees/naf2025/sousClasse/61.90Y,Insee — NAF 2025 — sous-classe 61.90Y
NAF 2025,K,"TÉLÉCOMMUNICATIONS, PROGRAMMATION INFORMATIQUE, CONSEIL, INFRASTRUCTURE INFORMATIQUE ET AUTRES ACTIVITÉS DE SERVICE INFORMATIQUE",62,"Programmation, conseil et autres activités informatiques",62.1,Activités de programmation informatique,62.10,Activités de programmation informatique,62.10Y,Activités de programmation informatique,,,https://www.insee.fr/fr/metadonnees/naf2025/sousClasse/62.10Y,Insee — NAF 2025 — sous-classe 62.10Y
NAF 2025,K,"TÉLÉCOMMUNICATIONS, PROGRAMMATION INFORMATIQUE, CONSEIL, INFRASTRUCTURE INFORMATIQUE ET AUTRES ACTIVITÉS DE SERVICE INFORMATIQUE",62,"Programmation, conseil et autres activités informatiques",62.2,Activités de conseil en informatique et de gestion d’installations informatiques,62.20,Activités de conseil en informatique et de gestion d’installations informatiques,62.20G,Conseil en systèmes et logiciels informatiques,,,https://www.insee.fr/fr/metadonnees/naf2025/sousClasse/62.20G,Insee — NAF 2025 — sous-classe 62.20G
NAF 2025,K,"TÉLÉCOMMUNICATIONS, PROGRAMMATION INFORMATIQUE, CONSEIL, INFRASTRUCTURE INFORMATIQUE ET AUTRES ACTIVITÉS DE SERVICE INFORMATIQUE",62,"Programmation, conseil et autres activités informatiques",62.2,Activités de conseil en informatique et de gestion d’installations informatiques,62.20,Activités de conseil en informatique et de gestion d’installations informatiques,62.20H,Gestion d'installations informatiques et maintenance de systèmes et d’applications informatiques,,,https://www.insee.fr/fr/metadonnees/naf2025/sousClasse/62.20H,Insee — NAF 2025 — sous-classe 62.20H
NAF 2025,K,"TÉLÉCOMMUNICATIONS, PROGRAMMATION INFORMATIQUE, CONSEIL, INFRASTRUCTURE INFORMATIQUE ET AUTRES ACTIVITÉS DE SERVICE INFORMATIQUE",62,"Programmation, conseil et autres activités informatiques",62.9,Autres activités de service informatique,62.90,Autres activités de service informatique,62.90Y,Autres activités de service informatique,,,https://www.insee.fr/fr/metadonnees/naf2025/sousClasse/62.90Y,Insee — NAF 2025 — sous-classe 62.90Y
NAF 2025,K,"TÉLÉCOMMUNICATIONS, PROGRAMMATION INFORMATIQUE, CONSEIL, INFRASTRUCTURE INFORMATIQUE ET AUTRES ACTIVITÉS DE SERVICE INFORMATIQUE",63,"Infrastructure informatique, traitement de données et autres activités de service d’information",63.1,"Infrastructure informatique, traitement de données, hébergement et activités connexes",63.10,"Infrastructure informatique, traitement de données, hébergement et activités connexes",63.10Y,"Infrastructure informatique, traitement de données, hébergement et activités connexes",,,https://www.insee.fr/fr/metadonnees/naf2025/sousClasse/63.10Y,Insee — NAF 2025 — sous-classe 63.10Y
NAF 2025,K,"TÉLÉCOMMUNICATIONS, PROGRAMMATION INFORMATIQUE, CONSEIL, INFRASTRUCTURE INFORMATIQUE ET AUTRES ACTIVITÉS DE SERVICE INFORMATIQUE",63,"Infrastructure informatique, traitement de données et autres activités de service d’information",63.9,Activités de portail de recherche sur le web et autres activités de service d’information,63.91,Activités de portail de recherche sur le web,63.91Y,Activités de portail de recherche sur le web,,,https://www.insee.fr/fr/metadonnees/naf2025/sousClasse/63.91Y,Insee — NAF 2025 — sous-classe 63.91Y
NAF 2025,K,"TÉLÉCOMMUNICATIONS, PROGRAMMATION INFORMATIQUE, CONSEIL, INFRASTRUCTURE INFORMATIQUE ET AUTRES ACTIVITÉS DE SERVICE INFORMATIQUE",63,"Infrastructure informatique, traitement de données et autres activités de service d’information",63.9,Activités de portail de recherche sur le web et autres activités de service d’information,63.92,Autres activités de service d’information,63.92Y,Autres activités de service d’information,,,https://www.insee.fr/fr/metadonnees/naf2025/sousClasse/63.92Y,Insee — NAF 2025 — sous-classe 63.92Y
NAF 2025,L,ACTIVITÉS FINANCIÈRES ET D’ASSURANCE,64,"Activités de services financiers, hors assurance et fonds de pension",64.1,Intermédiation monétaire,64.11,Activités de banque centrale,64.11Y,Activités de banque centrale,,,https://www.insee.fr/fr/metadonnees/naf2025/sousClasse/64.11Y,Insee — NAF 2025 — sous-classe 64.11Y
NAF 2025,L,ACTIVITÉS FINANCIÈRES ET D’ASSURANCE,64,"Activités de services financiers, hors assurance et fonds de pension",64.1,Intermédiation monétaire,64.19,Autre intermédiation monétaire,64.19Y,Autre intermédiation monétaire,,,https://www.insee.fr/fr/metadonnees/naf2025/sousClasse/64.19Y,Insee — NAF 2025 — sous-classe 64.19Y
NAF 2025,L,ACTIVITÉS FINANCIÈRES ET D’ASSURANCE,64,"Activités de services financiers, hors assurance et fonds de pension",64.2,Activités de société holding et de conduit de financement,64.21,Activités de société holding,64.21Y,Activités de société holding,,,https://www.insee.fr/fr/metadonnees/naf2025/sousClasse/64.21Y,Insee — NAF 2025 — sous-classe 64.21Y
NAF 2025,L,ACTIVITÉS FINANCIÈRES ET D’ASSURANCE,64,"Activités de services financiers, hors assurance et fonds de pension",64.2,Activités de société holding et de conduit de financement,64.22,Activités de conduit de financement,64.22Y,Activités de conduit de financement,,,https://www.insee.fr/fr/metadonnees/naf2025/sousClasse/64.22Y,Insee — NAF 2025 — sous-classe 64.22Y
NAF 2025,L,ACTIVITÉS FINANCIÈRES ET D’ASSURANCE,64,"Activités de services financiers, hors assurance et fonds de pension",64.3,"Activités de fiducie, fonds et entités financières similaires",64.31,Activités de fonds d’investissement sur le marché monétaire ou non monétaire,64.31Y,Activités de fonds d’investissement sur le marché monétaire ou non monétaire,,,https://www.insee.fr/fr/metadonnees/naf2025/sousClasse/64.31Y,Insee — NAF 2025 — sous-classe 64.31Y
NAF 2025,L,ACTIVITÉS FINANCIÈRES ET D’ASSURANCE,64,"Activités de services financiers, hors assurance et fonds de pension",64.3,"Activités de fiducie, fonds et entités financières similaires",64.32,"Activités de fiducie, comptes de patrimoine et d’agence",64.32Y,"Activités de fiducie, comptes de patrimoine et d’agence",,,https://www.insee.fr/fr/metadonnees/naf2025/sousClasse/64.32Y,Insee — NAF 2025 — sous-classe 64.32Y
NAF 2025,L,ACTIVITÉS FINANCIÈRES ET D’ASSURANCE,64,"Activités de services financiers, hors assurance et fonds de pension",64.9,"Autres activités des services financiers, hors assurance et fonds de pension",64.91,Crédit-bail,64.91Y,Crédit-bail,,,https://www.insee.fr/fr/metadonnees/naf2025/sousClasse/64.91Y,Insee — NAF 2025 — sous-classe 64.91Y
NAF 2025,L,ACTIVITÉS FINANCIÈRES ET D’ASSURANCE,64,"Activités de services financiers, hors assurance et fonds de pension",64.9,"Autres activités des services financiers, hors assurance et fonds de pension",64.92,Autre distribution de crédit,64.92Y,Autre distribution de crédit,,,https://www.insee.fr/fr/metadonnees/naf2025/sousClasse/64.92Y,Insee — NAF 2025 — sous-classe 64.92Y
NAF 2025,L,ACTIVITÉS FINANCIÈRES ET D’ASSURANCE,64,"Activités de services financiers, hors assurance et fonds de pension",64.9,"Autres activités des services financiers, hors assurance et fonds de pension",64.99,"Autres activités des services financiers, hors assurance et fonds de pension, n.c.a.",64.99Y,"Autres activités des services financiers, hors assurance et fonds de pension, n.c.a.",,,https://www.insee.fr/fr/metadonnees/naf2025/sousClasse/64.99Y,Insee — NAF 2025 — sous-classe 64.99Y
NAF 2025,L,ACTIVITÉS FINANCIÈRES ET D’ASSURANCE,65,"Assurance, réassurance et fonds de pension, à l’exclusion de la sécurité sociale obligatoire",65.1,Assurance,65.11,Assurance vie,65.11Y,Assurance vie,,,https://www.insee.fr/fr/metadonnees/naf2025/sousClasse/65.11Y,Insee — NAF 2025 — sous-classe 65.11Y
NAF 2025,L,ACTIVITÉS FINANCIÈRES ET D’ASSURANCE,65,"Assurance, réassurance et fonds de pension, à l’exclusion de la sécurité sociale obligatoire",65.1,Assurance,65.12,Assurances non-vie,65.12Y,Assurances non-vie,,,https://www.insee.fr/fr/metadonnees/naf2025/sousClasse/65.12Y,Insee — NAF 2025 — sous-classe 65.12Y
NAF 2025,L,ACTIVITÉS FINANCIÈRES ET D’ASSURANCE,65,"Assurance, réassurance et fonds de pension, à l’exclusion de la sécurité sociale obligatoire",65.2,Réassurance,65.20,Réassurance,65.20Y,Réassurance,,,https://www.insee.fr/fr/metadonnees/naf2025/sousClasse/65.20Y,Insee — NAF 2025 — sous-classe 65.20Y
NAF 2025,L,ACTIVITÉS FINANCIÈRES ET D’ASSURANCE,65,"Assurance, réassurance et fonds de pension, à l’exclusion de la sécurité sociale obligatoire",65.3,Fonds de pension,65.30,Fonds de pension,65.30Y,Fonds de pension,,,https://www.insee.fr/fr/metadonnees/naf2025/sousClasse/65.30Y,Insee — NAF 2025 — sous-classe 65.30Y
NAF 2025,L,ACTIVITÉS FINANCIÈRES ET D’ASSURANCE,66,Activités auxiliaires d’activités de services financiers et d’assurance,66.1,"Activités auxiliaires de services financiers, hors assurance et fonds de pension",66.11,Administration de marchés financiers,66.11Y,Administration de marchés financiers,,,https://www.insee.fr/fr/metadonnees/naf2025/sousClasse/66.11Y,Insee — NAF 2025 — sous-classe 66.11Y
NAF 2025,L,ACTIVITÉS FINANCIÈRES ET D’ASSURANCE,66,Activités auxiliaires d’activités de services financiers et d’assurance,66.1,"Activités auxiliaires de services financiers, hors assurance et fonds de pension",66.12,Courtage de valeurs mobilières et de matières premières,66.12Y,Courtage de valeurs mobilières et de matières premières,,,https://www.insee.fr/fr/metadonnees/naf2025/sousClasse/66.12Y,Insee — NAF 2025 — sous-classe 66.12Y
NAF 2025,L,ACTIVITÉS FINANCIÈRES ET D’ASSURANCE,66,Activités auxiliaires d’activités de services financiers et d’assurance,66.1,"Activités auxiliaires de services financiers, hors assurance et fonds de pension",66.19,"Autres activités auxiliaires de services financiers, hors assurance et fonds de pension",66.19G,Activités des unités non productives détentrices de patrimoine mobilier,,,https://www.insee.fr/fr/metadonnees/naf2025/sousClasse/66.19G,Insee — NAF 2025 — sous-classe 66.19G
NAF 2025,L,ACTIVITÉS FINANCIÈRES ET D’ASSURANCE,66,Activités auxiliaires d’activités de services financiers et d’assurance,66.1,"Activités auxiliaires de services financiers, hors assurance et fonds de pension",66.19,"Autres activités auxiliaires de services financiers, hors assurance et fonds de pension",66.19H,"Autres activités auxiliaires de services financiers, hors assurance et caisses de retraite, n.c.a.",,,https://www.insee.fr/fr/metadonnees/naf2025/sousClasse/66.19H,Insee — NAF 2025 — sous-classe 66.19H
NAF 2025,L,ACTIVITÉS FINANCIÈRES ET D’ASSURANCE,66,Activités auxiliaires d’activités de services financiers et d’assurance,66.2,Activités auxiliaires d’assurance et de fonds de pension,66.21,Évaluation des risques et dommages,66.21Y,Évaluation des risques et dommages,,,https://www.insee.fr/fr/metadonnees/naf2025/sousClasse/66.21Y,Insee — NAF 2025 — sous-classe 66.21Y
NAF 2025,L,ACTIVITÉS FINANCIÈRES ET D’ASSURANCE,66,Activités auxiliaires d’activités de services financiers et d’assurance,66.2,Activités auxiliaires d’assurance et de fonds de pension,66.22,Activités des agents et courtiers d’assurances,66.22Y,Activités des agents et courtiers d’assurances,,,https://www.insee.fr/fr/metadonnees/naf2025/sousClasse/66.22Y,Insee — NAF 2025 — sous-classe 66.22Y
NAF 2025,L,ACTIVITÉS FINANCIÈRES ET D’ASSURANCE,66,Activités auxiliaires d’activités de services financiers et d’assurance,66.2,Activités auxiliaires d’assurance et de fonds de pension,66.29,Activités auxiliaires d’assurance et de fonds de pension n.c.a.,66.29Y,Activités auxiliaires d’assurance et de fonds de pension n.c.a.,,,https://www.insee.fr/fr/metadonnees/naf2025/sousClasse/66.29Y,Insee — NAF 2025 — sous-classe 66.29Y
NAF 2025,L,ACTIVITÉS FINANCIÈRES ET D’ASSURANCE,66,Activités auxiliaires d’activités de services financiers et d’assurance,66.3,Activités de gestion de fonds,66.30,Activités de gestion de fonds,66.30Y,Activités de gestion de fonds,,,https://www.insee.fr/fr/metadonnees/naf2025/sousClasse/66.30Y,Insee — NAF 2025 — sous-classe 66.30Y
NAF 2025,M,ACTIVITÉS IMMOBILIÈRES,68,Activités immobilières,68.1,Activités immobilières avec biens propres et promotion de projets immobiliers,68.11,Achat et vente de biens propres,68.11Y,Achat et vente de biens propres,,,https://www.insee.fr/fr/metadonnees/naf2025/sousClasse/68.11Y,Insee — NAF 2025 — sous-classe 68.11Y
NAF 2025,M,ACTIVITÉS IMMOBILIÈRES,68,Activités immobilières,68.1,Activités immobilières avec biens propres et promotion de projets immobiliers,68.12,Promotion immobilière,68.12Y,Promotion immobilière,,,https://www.insee.fr/fr/metadonnees/naf2025/sousClasse/68.12Y,Insee — NAF 2025 — sous-classe 68.12Y
NAF 2025,M,ACTIVITÉS IMMOBILIÈRES,68,Activités immobilières,68.2,Location et exploitation de biens immobiliers propres ou loués,68.20,Location et exploitation de biens immobiliers propres ou loués,68.20G,Location de logements,,,https://www.insee.fr/fr/metadonnees/naf2025/sousClasse/68.20G,Insee — NAF 2025 — sous-classe 68.20G
NAF 2025,M,ACTIVITÉS IMMOBILIÈRES,68,Activités immobilières,68.2,Location et exploitation de biens immobiliers propres ou loués,68.20,Location et exploitation de biens immobiliers propres ou loués,68.20H,Location et exploitation d'autres biens immobiliers propres ou loués,,,https://www.insee.fr/fr/metadonnees/naf2025/sousClasse/68.20H,Insee — NAF 2025 — sous-classe 68.20H
NAF 2025,M,ACTIVITÉS IMMOBILIÈRES,68,Activités immobilières,68.3,Activités immobilières pour compte de tiers,68.31,Activités de service d’intermédiation pour les activités immobilières,68.31Y,Activités de service d’intermédiation pour les activités immobilières,,,https://www.insee.fr/fr/metadonnees/naf2025/sousClasse/68.31Y,Insee — NAF 2025 — sous-classe 68.31Y
NAF 2025,M,ACTIVITÉS IMMOBILIÈRES,68,Activités immobilières,68.3,Activités immobilières pour compte de tiers,68.32,Autres activités immobilières pour compte de tiers,68.32G,Activités des unités non productives détentrices de patrimoine immobilier,,,https://www.insee.fr/fr/metadonnees/naf2025/sousClasse/68.32G,Insee — NAF 2025 — sous-classe 68.32G
NAF 2025,M,ACTIVITÉS IMMOBILIÈRES,68,Activités immobilières,68.3,Activités immobilières pour compte de tiers,68.32,Autres activités immobilières pour compte de tiers,68.32H,Autres activités immobilières pour compte de tiers n.c.a.,,,https://www.insee.fr/fr/metadonnees/naf2025/sousClasse/68.32H,Insee — NAF 2025 — sous-classe 68.32H
NAF 2025,N,"ACTIVITÉS SPÉCIALISÉES, SCIENTIFIQUES ET TECHNIQUES",69,Activités juridiques et comptables,69.1,Activités juridiques,69.10,Activités juridiques,69.10Y,Activités juridiques,,,https://www.insee.fr/fr/metadonnees/naf2025/sousClasse/69.10Y,Insee — NAF 2025 — sous-classe 69.10Y
NAF 2025,N,"ACTIVITÉS SPÉCIALISÉES, SCIENTIFIQUES ET TECHNIQUES",69,Activités juridiques et comptables,69.2,"Activités de comptabilité, de tenue de comptes et d’audit ; conseil fiscal",69.20,"Activités de comptabilité, de tenue de comptes et d’audit ; conseil fiscal",69.20Y,"Activités de comptabilité, de tenue de comptes et d’audit ; conseil fiscal",,,https://www.insee.fr/fr/metadonnees/naf2025/sousClasse/69.20Y,Insee — NAF 2025 — sous-classe 69.20Y
NAF 2025,N,"ACTIVITÉS SPÉCIALISÉES, SCIENTIFIQUES ET TECHNIQUES",70,Activités des sièges sociaux et conseil de gestion,70.1,Activités des sièges sociaux,70.10,Activités des sièges sociaux,70.10Y,Activités des sièges sociaux,,,https://www.insee.fr/fr/metadonnees/naf2025/sousClasse/70.10Y,Insee — NAF 2025 — sous-classe 70.10Y
NAF 2025,N,"ACTIVITÉS SPÉCIALISÉES, SCIENTIFIQUES ET TECHNIQUES",70,Activités des sièges sociaux et conseil de gestion,70.2,Activités de conseil pour les affaires et autre conseil de gestion,70.20,Activités de conseil pour les affaires et autre conseil de gestion,70.20Y,Activités de conseil pour les affaires et autre conseil de gestion,,,https://www.insee.fr/fr/metadonnees/naf2025/sousClasse/70.20Y,Insee — NAF 2025 — sous-classe 70.20Y
NAF 2025,N,"ACTIVITÉS SPÉCIALISÉES, SCIENTIFIQUES ET TECHNIQUES",71,Activités d’architecture et d’ingénierie ; activités de contrôle et analyses techniques,71.1,Activités d’architecture et d’ingénierie et conseil technique connexe,71.11,Activités d’architecture,71.11Y,Activités d’architecture,,,https://www.insee.fr/fr/metadonnees/naf2025/sousClasse/71.11Y,Insee — NAF 2025 — sous-classe 71.11Y
NAF 2025,N,"ACTIVITÉS SPÉCIALISÉES, SCIENTIFIQUES ET TECHNIQUES",71,Activités d’architecture et d’ingénierie ; activités de contrôle et analyses techniques,71.1,Activités d’architecture et d’ingénierie et conseil technique connexe,71.12,Activités d’ingénierie et de conseil technique connexe,71.12Y,Activités d’ingénierie et de conseil technique connexe,,,https://www.insee.fr/fr/metadonnees/naf2025/sousClasse/71.12Y,Insee — NAF 2025 — sous-classe 71.12Y
NAF 2025,N,"ACTIVITÉS SPÉCIALISÉES, SCIENTIFIQUES ET TECHNIQUES",71,Activités d’architecture et d’ingénierie ; activités de contrôle et analyses techniques,71.2,Activités de contrôle et analyses techniques,71.20,Activités de contrôle et analyses techniques,71.20G,Contrôle technique des véhicules,,,https://www.insee.fr/fr/metadonnees/naf2025/sousClasse/71.20G,Insee — NAF 2025 — sous-classe 71.20G
NAF 2025,N,"ACTIVITÉS SPÉCIALISÉES, SCIENTIFIQUES ET TECHNIQUES",71,Activités d’architecture et d’ingénierie ; activités de contrôle et analyses techniques,71.2,Activités de contrôle et analyses techniques,71.20,Activités de contrôle et analyses techniques,71.20H,"Analyses, essais et inspections techniques",,,https://www.insee.fr/fr/metadonnees/naf2025/sousClasse/71.20H,Insee — NAF 2025 — sous-classe 71.20H
NAF 2025,N,"ACTIVITÉS SPÉCIALISÉES, SCIENTIFIQUES ET TECHNIQUES",72,Recherche et développement scientifique,72.1,Recherche et développement en sciences physiques et naturelles,72.10,Recherche et développement en sciences physiques et naturelles,72.10G,Recherche et développement en biotechnologies,,,https://www.insee.fr/fr/metadonnees/naf2025/sousClasse/72.10G,Insee — NAF 2025 — sous-classe 72.10G
NAF 2025,N,"ACTIVITÉS SPÉCIALISÉES, SCIENTIFIQUES ET TECHNIQUES",72,Recherche et développement scientifique,72.1,Recherche et développement en sciences physiques et naturelles,72.10,Recherche et développement en sciences physiques et naturelles,72.10H,Recherche et développement en autres sciences physiques et naturelles,,,https://www.insee.fr/fr/metadonnees/naf2025/sousClasse/72.10H,Insee — NAF 2025 — sous-classe 72.10H
NAF 2025,N,"ACTIVITÉS SPÉCIALISÉES, SCIENTIFIQUES ET TECHNIQUES",72,Recherche et développement scientifique,72.2,Recherche et développement en sciences humaines et sociales,72.20,Recherche et développement en sciences humaines et sociales,72.20Y,Recherche et développement en sciences humaines et sociales,,,https://www.insee.fr/fr/metadonnees/naf2025/sousClasse/72.20Y,Insee — NAF 2025 — sous-classe 72.20Y
NAF 2025,N,"ACTIVITÉS SPÉCIALISÉES, SCIENTIFIQUES ET TECHNIQUES",73,"Activités de publicité, d’études de marché et de relations publiques",73.1,Publicité,73.11,Activités d’agence de publicité,73.11Y,Activités d’agence de publicité,,,https://www.insee.fr/fr/metadonnees/naf2025/sousClasse/73.11Y,Insee — NAF 2025 — sous-classe 73.11Y
NAF 2025,N,"ACTIVITÉS SPÉCIALISÉES, SCIENTIFIQUES ET TECHNIQUES",73,"Activités de publicité, d’études de marché et de relations publiques",73.1,Publicité,73.12,Régie publicitaire de médias,73.12Y,Régie publicitaire de médias,,,https://www.insee.fr/fr/metadonnees/naf2025/sousClasse/73.12Y,Insee — NAF 2025 — sous-classe 73.12Y
NAF 2025,N,"ACTIVITÉS SPÉCIALISÉES, SCIENTIFIQUES ET TECHNIQUES",73,"Activités de publicité, d’études de marché et de relations publiques",73.2,Études de marché et sondages,73.20,Études de marché et sondages,73.20Y,Études de marché et sondages,,,https://www.insee.fr/fr/metadonnees/naf2025/sousClasse/73.20Y,Insee — NAF 2025 — sous-classe 73.20Y
NAF 2025,N,"ACTIVITÉS SPÉCIALISÉES, SCIENTIFIQUES ET TECHNIQUES",73,"Activités de publicité, d’études de marché et de relations publiques",73.3,Activités de relations publiques et de communication,73.30,Activités de relations publiques et de communication,73.30Y,Activités de relations publiques et de communication,,,https://www.insee.fr/fr/metadonnees/naf2025/sousClasse/73.30Y,Insee — NAF 2025 — sous-classe 73.30Y
NAF 2025,N,"ACTIVITÉS SPÉCIALISÉES, SCIENTIFIQUES ET TECHNIQUES",74,"Autres activités spécialisées, scientifiques et techniques",74.1,Activités spécialisées de design,74.11,Activités de design pour la création de mode ou les produits industriels,74.11Y,Activités de design pour la création de mode ou les produits industriels,,,https://www.insee.fr/fr/metadonnees/naf2025/sousClasse/74.11Y,Insee — NAF 2025 — sous-classe 74.11Y
NAF 2025,N,"ACTIVITÉS SPÉCIALISÉES, SCIENTIFIQUES ET TECHNIQUES",74,"Autres activités spécialisées, scientifiques et techniques",74.1,Activités spécialisées de design,74.12,Activités de design graphique et de communication visuelle,74.12Y,Activités de design graphique et de communication visuelle,,,https://www.insee.fr/fr/metadonnees/naf2025/sousClasse/74.12Y,Insee — NAF 2025 — sous-classe 74.12Y
NAF 2025,N,"ACTIVITÉS SPÉCIALISÉES, SCIENTIFIQUES ET TECHNIQUES",74,"Autres activités spécialisées, scientifiques et techniques",74.1,Activités spécialisées de design,74.13,Activités de design d’intérieur,74.13Y,Activités de design d’intérieur,,,https://www.insee.fr/fr/metadonnees/naf2025/sousClasse/74.13Y,Insee — NAF 2025 — sous-classe 74.13Y
NAF 2025,N,"ACTIVITÉS SPÉCIALISÉES, SCIENTIFIQUES ET TECHNIQUES",74,"Autres activités spécialisées, scientifiques et techniques",74.1,Activités spécialisées de design,74.14,Autres activités spécialisées de design,74.14Y,Autres activités spécialisées de design,,,https://www.insee.fr/fr/metadonnees/naf2025/sousClasse/74.14Y,Insee — NAF 2025 — sous-classe 74.14Y
NAF 2025,N,"ACTIVITÉS SPÉCIALISÉES, SCIENTIFIQUES ET TECHNIQUES",74,"Autres activités spécialisées, scientifiques et techniques",74.2,Activités photographiques,74.20,Activités photographiques,74.20Y,Activités photographiques,,,https://www.insee.fr/fr/metadonnees/naf2025/sousClasse/74.20Y,Insee — NAF 2025 — sous-classe 74.20Y
NAF 2025,N,"ACTIVITÉS SPÉCIALISÉES, SCIENTIFIQUES ET TECHNIQUES",74,"Autres activités spécialisées, scientifiques et techniques",74.3,Activités de traduction et d’interprétation,74.30,Activités de traduction et d’interprétation,74.30Y,Activités de traduction et d’interprétation,,,https://www.insee.fr/fr/metadonnees/naf2025/sousClasse/74.30Y,Insee — NAF 2025 — sous-classe 74.30Y
NAF 2025,N,"ACTIVITÉS SPÉCIALISÉES, SCIENTIFIQUES ET TECHNIQUES",74,"Autres activités spécialisées, scientifiques et techniques",74.9,"Autres activités spécialisées, scientifiques et techniques n.c.a.",74.91,Activités de courtage et de marketing de brevets,74.91Y,Activités de courtage et de marketing de brevets,,,https://www.insee.fr/fr/metadonnees/naf2025/sousClasse/74.91Y,Insee — NAF 2025 — sous-classe 74.91Y
NAF 2025,N,"ACTIVITÉS SPÉCIALISÉES, SCIENTIFIQUES ET TECHNIQUES",74,"Autres activités spécialisées, scientifiques et techniques",74.9,"Autres activités spécialisées, scientifiques et techniques n.c.a.",74.99,"Toutes les autres activités spécialisées, scientifiques et techniques n.c.a.",74.99Y,"Toutes les autres activités spécialisées, scientifiques et techniques n.c.a.",,,https://www.insee.fr/fr/metadonnees/naf2025/sousClasse/74.99Y,Insee — NAF 2025 — sous-classe 74.99Y
NAF 2025,N,"ACTIVITÉS SPÉCIALISÉES, SCIENTIFIQUES ET TECHNIQUES",75,Activités vétérinaires,75.0,Activités vétérinaires,75.00,Activités vétérinaires,75.00Y,Activités vétérinaires,,,https://www.insee.fr/fr/metadonnees/naf2025/sousClasse/75.00Y,Insee — NAF 2025 — sous-classe 75.00Y
NAF 2025,O,ACTIVITÉS DE SERVICE ADMINISTRATIF ET DE SOUTIEN,77,Activités de location et location-bail,77.1,Location et location-bail de véhicules automobiles,77.11,Location et location-bail de voitures et véhicules automobiles légers,77.11Y,Location et location-bail de voitures et véhicules automobiles légers,,,https://www.insee.fr/fr/metadonnees/naf2025/sousClasse/77.11Y,Insee — NAF 2025 — sous-classe 77.11Y
NAF 2025,O,ACTIVITÉS DE SERVICE ADMINISTRATIF ET DE SOUTIEN,77,Activités de location et location-bail,77.1,Location et location-bail de véhicules automobiles,77.12,Location et location-bail de camions,77.12Y,Location et location-bail de camions,,,https://www.insee.fr/fr/metadonnees/naf2025/sousClasse/77.12Y,Insee — NAF 2025 — sous-classe 77.12Y
NAF 2025,O,ACTIVITÉS DE SERVICE ADMINISTRATIF ET DE SOUTIEN,77,Activités de location et location-bail,77.2,Location et location-bail de biens personnels et domestiques,77.21,Location et location-bail d’articles de loisirs et de sport,77.21Y,Location et location-bail d’articles de loisirs et de sport,,,https://www.insee.fr/fr/metadonnees/naf2025/sousClasse/77.21Y,Insee — NAF 2025 — sous-classe 77.21Y
NAF 2025,O,ACTIVITÉS DE SERVICE ADMINISTRATIF ET DE SOUTIEN,77,Activités de location et location-bail,77.2,Location et location-bail de biens personnels et domestiques,77.22,Location et location-bail d’autres biens personnels et domestiques,77.22Y,Location et location-bail d’autres biens personnels et domestiques,,,https://www.insee.fr/fr/metadonnees/naf2025/sousClasse/77.22Y,Insee — NAF 2025 — sous-classe 77.22Y
NAF 2025,O,ACTIVITÉS DE SERVICE ADMINISTRATIF ET DE SOUTIEN,77,Activités de location et location-bail,77.3,"Location et location-bail d’autres machines, équipements et biens",77.31,Location et location-bail de matériel agricole,77.31Y,Location et location-bail de matériel agricole,,,https://www.insee.fr/fr/metadonnees/naf2025/sousClasse/77.31Y,Insee — NAF 2025 — sous-classe 77.31Y
NAF 2025,O,ACTIVITÉS DE SERVICE ADMINISTRATIF ET DE SOUTIEN,77,Activités de location et location-bail,77.3,"Location et location-bail d’autres machines, équipements et biens",77.32,Location et location-bail de machines et équipements pour la construction et le génie civil,77.32Y,Location et location-bail de machines et équipements pour la construction et le génie civil,,,https://www.insee.fr/fr/metadonnees/naf2025/sousClasse/77.32Y,Insee — NAF 2025 — sous-classe 77.32Y
NAF 2025,O,ACTIVITÉS DE SERVICE ADMINISTRATIF ET DE SOUTIEN,77,Activités de location et location-bail,77.3,"Location et location-bail d’autres machines, équipements et biens",77.33,Location et location-bail de machines et équipements de bureau et d’ordinateurs,77.33Y,Location et location-bail de machines et équipements de bureau et d’ordinateurs,,,https://www.insee.fr/fr/metadonnees/naf2025/sousClasse/77.33Y,Insee — NAF 2025 — sous-classe 77.33Y
NAF 2025,O,ACTIVITÉS DE SERVICE ADMINISTRATIF ET DE SOUTIEN,77,Activités de location et location-bail,77.3,"Location et location-bail d’autres machines, équipements et biens",77.34,Location et location-bail de matériels de transport par eau,77.34Y,Location et location-bail de matériels de transport par eau,,,https://www.insee.fr/fr/metadonnees/naf2025/sousClasse/77.34Y,Insee — NAF 2025 — sous-classe 77.34Y
NAF 2025,O,ACTIVITÉS DE SERVICE ADMINISTRATIF ET DE SOUTIEN,77,Activités de location et location-bail,77.3,"Location et location-bail d’autres machines, équipements et biens",77.35,Location et location-bail de matériels de transport aérien,77.35Y,Location et location-bail de matériels de transport aérien,,,https://www.insee.fr/fr/metadonnees/naf2025/sousClasse/77.35Y,Insee — NAF 2025 — sous-classe 77.35Y
NAF 2025,O,ACTIVITÉS DE SERVICE ADMINISTRATIF ET DE SOUTIEN,77,Activités de location et location-bail,77.3,"Location et location-bail d’autres machines, équipements et biens",77.39,"Location et location-bail d’autres machines, équipements et biens n.c.a.",77.39Y,"Location et location-bail d’autres machines, équipements et biens n.c.a.",,,https://www.insee.fr/fr/metadonnees/naf2025/sousClasse/77.39Y,Insee — NAF 2025 — sous-classe 77.39Y
NAF 2025,O,ACTIVITÉS DE SERVICE ADMINISTRATIF ET DE SOUTIEN,77,Activités de location et location-bail,77.4,"Location-bail de propriété intellectuelle et de produits similaires, à l’exception des œuvres soumises à copyright",77.40,"Location-bail de propriété intellectuelle et de produits similaires, à l’exception des œuvres soumises à copyright",77.40G,Services de franchise ou de licence de marques,,,https://www.insee.fr/fr/metadonnees/naf2025/sousClasse/77.40G,Insee — NAF 2025 — sous-classe 77.40G
NAF 2025,O,ACTIVITÉS DE SERVICE ADMINISTRATIF ET DE SOUTIEN,77,Activités de location et location-bail,77.4,"Location-bail de propriété intellectuelle et de produits similaires, à l’exception des œuvres soumises à copyright",77.40,"Location-bail de propriété intellectuelle et de produits similaires, à l’exception des œuvres soumises à copyright",77.40H,"Autre location-bail de propriété intellectuelle et de produits similaires, à l'exception des œuvres soumises à copyright",,,https://www.insee.fr/fr/metadonnees/naf2025/sousClasse/77.40H,Insee — NAF 2025 — sous-classe 77.40H
NAF 2025,O,ACTIVITÉS DE SERVICE ADMINISTRATIF ET DE SOUTIEN,77,Activités de location et location-bail,77.5,Activités de service d’intermédiation pour la location et la location-bail de biens corporels et d’immobilisations incorporelles non financières,77.51,"Activités de service d’intermédiation pour la location et la location-bail de voitures, camping-cars et caravanes",77.51Y,"Activités de service d’intermédiation pour la location et la location-bail de voitures, camping-cars et caravanes",,,https://www.insee.fr/fr/metadonnees/naf2025/sousClasse/77.51Y,Insee — NAF 2025 — sous-classe 77.51Y
NAF 2025,O,ACTIVITÉS DE SERVICE ADMINISTRATIF ET DE SOUTIEN,77,Activités de location et location-bail,77.5,Activités de service d’intermédiation pour la location et la location-bail de biens corporels et d’immobilisations incorporelles non financières,77.52,Activités de service d’intermédiation pour la location et la location-bail d’autres biens corporels et d’immobilisations incorporelles non financières,77.52Y,Activités de service d’intermédiation pour la location et la location-bail d’autres biens corporels et d’immobilisations incorporelles non financières,,,https://www.insee.fr/fr/metadonnees/naf2025/sousClasse/77.52Y,Insee — NAF 2025 — sous-classe 77.52Y
NAF 2025,O,ACTIVITÉS DE SERVICE ADMINISTRATIF ET DE SOUTIEN,78,Activités liées à l’emploi,78.1,Activités des agences de placement de main-d’œuvre,78.10,Activités des agences de placement de main-d’œuvre,78.10Y,Activités des agences de placement de main-d’œuvre,,,https://www.insee.fr/fr/metadonnees/naf2025/sousClasse/78.10Y,Insee — NAF 2025 — sous-classe 78.10Y
NAF 2025,O,ACTIVITÉS DE SERVICE ADMINISTRATIF ET DE SOUTIEN,78,Activités liées à l’emploi,78.2,Activités d’agence de travail temporaire et autre mise à disposition de ressources humaines,78.20,Activités d’agence de travail temporaire et autre mise à disposition de ressources humaines,78.20G,Activités d’agence de travail temporaire,,,https://www.insee.fr/fr/metadonnees/naf2025/sousClasse/78.20G,Insee — NAF 2025 — sous-classe 78.20G
NAF 2025,O,ACTIVITÉS DE SERVICE ADMINISTRATIF ET DE SOUTIEN,78,Activités liées à l’emploi,78.2,Activités d’agence de travail temporaire et autre mise à disposition de ressources humaines,78.20,Activités d’agence de travail temporaire et autre mise à disposition de ressources humaines,78.20H,Autre mise à disposition de ressources humaines,,,https://www.insee.fr/fr/metadonnees/naf2025/sousClasse/78.20H,Insee — NAF 2025 — sous-classe 78.20H
NAF 2025,O,ACTIVITÉS DE SERVICE ADMINISTRATIF ET DE SOUTIEN,79,"Activités d’agence de voyage, de voyagiste, de service de réservation et de services connexes",79.1,Activités d’agence de voyage et de voyagiste,79.11,Activités d’agence de voyage,79.11Y,Activités d’agence de voyage,,,https://www.insee.fr/fr/metadonnees/naf2025/sousClasse/79.11Y,Insee — NAF 2025 — sous-classe 79.11Y
NAF 2025,O,ACTIVITÉS DE SERVICE ADMINISTRATIF ET DE SOUTIEN,79,"Activités d’agence de voyage, de voyagiste, de service de réservation et de services connexes",79.1,Activités d’agence de voyage et de voyagiste,79.12,Activités de voyagiste,79.12Y,Activités de voyagiste,,,https://www.insee.fr/fr/metadonnees/naf2025/sousClasse/79.12Y,Insee — NAF 2025 — sous-classe 79.12Y
NAF 2025,O,ACTIVITÉS DE SERVICE ADMINISTRATIF ET DE SOUTIEN,79,"Activités d’agence de voyage, de voyagiste, de service de réservation et de services connexes",79.9,Autres activités de service de réservation et activités connexes,79.90,Autres activités de service de réservation et activités connexes,79.90Y,Autres activités de service de réservation et activités connexes,,,https://www.insee.fr/fr/metadonnees/naf2025/sousClasse/79.90Y,Insee — NAF 2025 — sous-classe 79.90Y
NAF 2025,O,ACTIVITÉS DE SERVICE ADMINISTRATIF ET DE SOUTIEN,80,Activités d’investigation et de sécurité,80.0,Activités d’investigation et de sécurité,80.01,Activités d’investigation et de sécurité privée,80.01Y,Activités d’investigation et de sécurité privée,,,https://www.insee.fr/fr/metadonnees/naf2025/sousClasse/80.01Y,Insee — NAF 2025 — sous-classe 80.01Y
NAF 2025,O,ACTIVITÉS DE SERVICE ADMINISTRATIF ET DE SOUTIEN,80,Activités d’investigation et de sécurité,80.0,Activités d’investigation et de sécurité,80.09,Activités de sécurité n.c.a.,80.09Y,Activités de sécurité n.c.a.,,,https://www.insee.fr/fr/metadonnees/naf2025/sousClasse/80.09Y,Insee — NAF 2025 — sous-classe 80.09Y
NAF 2025,O,ACTIVITÉS DE SERVICE ADMINISTRATIF ET DE SOUTIEN,81,Activités de services pour les bâtiments et l’aménagement paysager,81.1,Activités de soutien combinées pour les installations,81.10,Activités de soutien combinées pour les installations,81.10Y,Activités de soutien combinées pour les installations,,,https://www.insee.fr/fr/metadonnees/naf2025/sousClasse/81.10Y,Insee — NAF 2025 — sous-classe 81.10Y
NAF 2025,O,ACTIVITÉS DE SERVICE ADMINISTRATIF ET DE SOUTIEN,81,Activités de services pour les bâtiments et l’aménagement paysager,81.2,Activités de nettoyage,81.21,Nettoyage courant des bâtiments,81.21Y,Nettoyage courant des bâtiments,,,https://www.insee.fr/fr/metadonnees/naf2025/sousClasse/81.21Y,Insee — NAF 2025 — sous-classe 81.21Y
NAF 2025,O,ACTIVITÉS DE SERVICE ADMINISTRATIF ET DE SOUTIEN,81,Activités de services pour les bâtiments et l’aménagement paysager,81.2,Activités de nettoyage,81.22,Autres activités de nettoyage des bâtiments et nettoyage industriel,81.22Y,Autres activités de nettoyage des bâtiments et nettoyage industriel,,,https://www.insee.fr/fr/metadonnees/naf2025/sousClasse/81.22Y,Insee — NAF 2025 — sous-classe 81.22Y
NAF 2025,O,ACTIVITÉS DE SERVICE ADMINISTRATIF ET DE SOUTIEN,81,Activités de services pour les bâtiments et l’aménagement paysager,81.2,Activités de nettoyage,81.23,Autres activités de nettoyage,81.23G,"Désinfection, désinsectisation, dératisation",,,https://www.insee.fr/fr/metadonnees/naf2025/sousClasse/81.23G,Insee — NAF 2025 — sous-classe 81.23G
NAF 2025,O,ACTIVITÉS DE SERVICE ADMINISTRATIF ET DE SOUTIEN,81,Activités de services pour les bâtiments et l’aménagement paysager,81.2,Activités de nettoyage,81.23,Autres activités de nettoyage,81.23H,Autres activités de nettoyage n.c.a.,,,https://www.insee.fr/fr/metadonnees/naf2025/sousClasse/81.23H,Insee — NAF 2025 — sous-classe 81.23H
NAF 2025,O,ACTIVITÉS DE SERVICE ADMINISTRATIF ET DE SOUTIEN,81,Activités de services pour les bâtiments et l’aménagement paysager,81.3,Activités de service d’aménagement paysager,81.30,Activités de service d’aménagement paysager,81.30Y,Activités de service d’aménagement paysager,,,https://www.insee.fr/fr/metadonnees/naf2025/sousClasse/81.30Y,Insee — NAF 2025 — sous-classe 81.30Y
NAF 2025,O,ACTIVITÉS DE SERVICE ADMINISTRATIF ET DE SOUTIEN,82,"Activités de service de bureau, de soutien administratif et d’autre soutien aux entreprises",82.1,Activités de service de bureau et de soutien administratif,82.10,Activités de service de bureau et de soutien administratif,82.10Y,Activités de service de bureau et de soutien administratif,,,https://www.insee.fr/fr/metadonnees/naf2025/sousClasse/82.10Y,Insee — NAF 2025 — sous-classe 82.10Y
NAF 2025,O,ACTIVITÉS DE SERVICE ADMINISTRATIF ET DE SOUTIEN,82,"Activités de service de bureau, de soutien administratif et d’autre soutien aux entreprises",82.2,Activités de centre d’appels,82.20,Activités de centre d’appels,82.20Y,Activités de centre d’appels,,,https://www.insee.fr/fr/metadonnees/naf2025/sousClasse/82.20Y,Insee — NAF 2025 — sous-classe 82.20Y
NAF 2025,O,ACTIVITÉS DE SERVICE ADMINISTRATIF ET DE SOUTIEN,82,"Activités de service de bureau, de soutien administratif et d’autre soutien aux entreprises",82.3,Organisation de salons professionnels et congrès,82.30,Organisation de salons professionnels et congrès,82.30Y,Organisation de salons professionnels et congrès,,,https://www.insee.fr/fr/metadonnees/naf2025/sousClasse/82.30Y,Insee — NAF 2025 — sous-classe 82.30Y
NAF 2025,O,ACTIVITÉS DE SERVICE ADMINISTRATIF ET DE SOUTIEN,82,"Activités de service de bureau, de soutien administratif et d’autre soutien aux entreprises",82.4,Activités de service d’intermédiation pour des services de soutien aux entreprises n.c.a.,82.40,Activités de service d’intermédiation pour des services de soutien aux entreprises n.c.a.,82.40Y,Activités de service d’intermédiation pour des services de soutien aux entreprises n.c.a.,,,https://www.insee.fr/fr/metadonnees/naf2025/sousClasse/82.40Y,Insee — NAF 2025 — sous-classe 82.40Y
NAF 2025,O,ACTIVITÉS DE SERVICE ADMINISTRATIF ET DE SOUTIEN,82,"Activités de service de bureau, de soutien administratif et d’autre soutien aux entreprises",82.9,Activités de service de soutien aux entreprises n.c.a.,82.91,Activités d’agence de recouvrement et de bureau de crédit,82.91Y,Activités d’agence de recouvrement et de bureau de crédit,,,https://www.insee.fr/fr/metadonnees/naf2025/sousClasse/82.91Y,Insee — NAF 2025 — sous-classe 82.91Y
NAF 2025,O,ACTIVITÉS DE SERVICE ADMINISTRATIF ET DE SOUTIEN,82,"Activités de service de bureau, de soutien administratif et d’autre soutien aux entreprises",82.9,Activités de service de soutien aux entreprises n.c.a.,82.92,Activités de conditionnement,82.92Y,Activités de conditionnement,,,https://www.insee.fr/fr/metadonnees/naf2025/sousClasse/82.92Y,Insee — NAF 2025 — sous-classe 82.92Y
NAF 2025,O,ACTIVITÉS DE SERVICE ADMINISTRATIF ET DE SOUTIEN,82,"Activités de service de bureau, de soutien administratif et d’autre soutien aux entreprises",82.9,Activités de service de soutien aux entreprises n.c.a.,82.99,Autres activités de service de soutien aux entreprises n.c.a.,82.99Y,Autres activités de service de soutien aux entreprises n.c.a.,,,https://www.insee.fr/fr/metadonnees/naf2025/sousClasse/82.99Y,Insee — NAF 2025 — sous-classe 82.99Y
NAF 2025,P,ADMINISTRATION PUBLIQUE ET DÉFENSE ; SÉCURITÉ SOCIALE OBLIGATOIRE,84,Administration publique et défense ; sécurité sociale obligatoire,84.1,"Administration générale, économique et sociale et environnementale",84.11,Activités d’administration publique générale,84.11Y,Activités d’administration publique générale,,,https://www.insee.fr/fr/metadonnees/naf2025/sousClasse/84.11Y,Insee — NAF 2025 — sous-classe 84.11Y
NAF 2025,P,ADMINISTRATION PUBLIQUE ET DÉFENSE ; SÉCURITÉ SOCIALE OBLIGATOIRE,84,Administration publique et défense ; sécurité sociale obligatoire,84.1,"Administration générale, économique et sociale et environnementale",84.12,"Réglementation des soins de santé, de l’enseignement, des services culturels et des autres services sociaux",84.12Y,"Réglementation des soins de santé, de l’enseignement, des services culturels et des autres services sociaux",,,https://www.insee.fr/fr/metadonnees/naf2025/sousClasse/84.12Y,Insee — NAF 2025 — sous-classe 84.12Y
NAF 2025,P,ADMINISTRATION PUBLIQUE ET DÉFENSE ; SÉCURITÉ SOCIALE OBLIGATOIRE,84,Administration publique et défense ; sécurité sociale obligatoire,84.1,"Administration générale, économique et sociale et environnementale",84.13,Réglementation et contribution à l’amélioration de l’efficacité des activités économiques,84.13Y,Réglementation et contribution à l’amélioration de l’efficacité des activités économiques,,,https://www.insee.fr/fr/metadonnees/naf2025/sousClasse/84.13Y,Insee — NAF 2025 — sous-classe 84.13Y
NAF 2025,P,ADMINISTRATION PUBLIQUE ET DÉFENSE ; SÉCURITÉ SOCIALE OBLIGATOIRE,84,Administration publique et défense ; sécurité sociale obligatoire,84.2,Services de prérogative publique,84.21,Affaires étrangères,84.21Y,Affaires étrangères,,,https://www.insee.fr/fr/metadonnees/naf2025/sousClasse/84.21Y,Insee — NAF 2025 — sous-classe 84.21Y
NAF 2025,P,ADMINISTRATION PUBLIQUE ET DÉFENSE ; SÉCURITÉ SOCIALE OBLIGATOIRE,84,Administration publique et défense ; sécurité sociale obligatoire,84.2,Services de prérogative publique,84.22,Défense,84.22Y,Défense,,,https://www.insee.fr/fr/metadonnees/naf2025/sousClasse/84.22Y,Insee — NAF 2025 — sous-classe 84.22Y
NAF 2025,P,ADMINISTRATION PUBLIQUE ET DÉFENSE ; SÉCURITÉ SOCIALE OBLIGATOIRE,84,Administration publique et défense ; sécurité sociale obligatoire,84.2,Services de prérogative publique,84.23,Justice,84.23Y,Justice,,,https://www.insee.fr/fr/metadonnees/naf2025/sousClasse/84.23Y,Insee — NAF 2025 — sous-classe 84.23Y
NAF 2025,P,ADMINISTRATION PUBLIQUE ET DÉFENSE ; SÉCURITÉ SOCIALE OBLIGATOIRE,84,Administration publique et défense ; sécurité sociale obligatoire,84.2,Services de prérogative publique,84.24,Activités d’ordre public et de sécurité civile,84.24Y,Activités d’ordre public et de sécurité civile,,,https://www.insee.fr/fr/metadonnees/naf2025/sousClasse/84.24Y,Insee — NAF 2025 — sous-classe 84.24Y
NAF 2025,P,ADMINISTRATION PUBLIQUE ET DÉFENSE ; SÉCURITÉ SOCIALE OBLIGATOIRE,84,Administration publique et défense ; sécurité sociale obligatoire,84.2,Services de prérogative publique,84.25,Activités de service d’incendie et de secours,84.25Y,Activités de service d’incendie et de secours,,,https://www.insee.fr/fr/metadonnees/naf2025/sousClasse/84.25Y,Insee — NAF 2025 — sous-classe 84.25Y
NAF 2025,P,ADMINISTRATION PUBLIQUE ET DÉFENSE ; SÉCURITÉ SOCIALE OBLIGATOIRE,84,Administration publique et défense ; sécurité sociale obligatoire,84.3,Sécurité sociale obligatoire,84.30,Sécurité sociale obligatoire,84.30G,Activités générales de sécurité sociale,,,https://www.insee.fr/fr/metadonnees/naf2025/sousClasse/84.30G,Insee — NAF 2025 — sous-classe 84.30G
NAF 2025,P,ADMINISTRATION PUBLIQUE ET DÉFENSE ; SÉCURITÉ SOCIALE OBLIGATOIRE,84,Administration publique et défense ; sécurité sociale obligatoire,84.3,Sécurité sociale obligatoire,84.30,Sécurité sociale obligatoire,84.30H,Gestion des retraites complémentaires,,,https://www.insee.fr/fr/metadonnees/naf2025/sousClasse/84.30H,Insee — NAF 2025 — sous-classe 84.30H
NAF 2025,P,ADMINISTRATION PUBLIQUE ET DÉFENSE ; SÉCURITÉ SOCIALE OBLIGATOIRE,84,Administration publique et défense ; sécurité sociale obligatoire,84.3,Sécurité sociale obligatoire,84.30,Sécurité sociale obligatoire,84.30J,Distribution sociale de revenus,,,https://www.insee.fr/fr/metadonnees/naf2025/sousClasse/84.30J,Insee — NAF 2025 — sous-classe 84.30J
NAF 2025,Q,ENSEIGNEMENT,85,Enseignement,85.1,Enseignement pré-primaire,85.10,Enseignement pré-primaire,85.10Y,Enseignement pré-primaire,,,https://www.insee.fr/fr/metadonnees/naf2025/sousClasse/85.10Y,Insee — NAF 2025 — sous-classe 85.10Y
NAF 2025,Q,ENSEIGNEMENT,85,Enseignement,85.2,Enseignement primaire,85.20,Enseignement primaire,85.20Y,Enseignement primaire,,,https://www.insee.fr/fr/metadonnees/naf2025/sousClasse/85.20Y,Insee — NAF 2025 — sous-classe 85.20Y
NAF 2025,Q,ENSEIGNEMENT,85,Enseignement,85.3,Enseignement secondaire et enseignement post-secondaire non supérieur,85.31,Enseignement secondaire général,85.31Y,Enseignement secondaire général,,,https://www.insee.fr/fr/metadonnees/naf2025/sousClasse/85.31Y,Insee — NAF 2025 — sous-classe 85.31Y
NAF 2025,Q,ENSEIGNEMENT,85,Enseignement,85.3,Enseignement secondaire et enseignement post-secondaire non supérieur,85.32,Enseignement secondaire professionnel,85.32Y,Enseignement secondaire professionnel,,,https://www.insee.fr/fr/metadonnees/naf2025/sousClasse/85.32Y,Insee — NAF 2025 — sous-classe 85.32Y
NAF 2025,Q,ENSEIGNEMENT,85,Enseignement,85.3,Enseignement secondaire et enseignement post-secondaire non supérieur,85.33,Enseignement post-secondaire non supérieur,85.33Y,Enseignement post-secondaire non supérieur,,,https://www.insee.fr/fr/metadonnees/naf2025/sousClasse/85.33Y,Insee — NAF 2025 — sous-classe 85.33Y
NAF 2025,Q,ENSEIGNEMENT,85,Enseignement,85.4,Enseignement supérieur,85.40,Enseignement supérieur,85.40Y,Enseignement supérieur,,,https://www.insee.fr/fr/metadonnees/naf2025/sousClasse/85.40Y,Insee — NAF 2025 — sous-classe 85.40Y
NAF 2025,Q,ENSEIGNEMENT,85,Enseignement,85.5,Autre enseignement,85.51,Enseignement de disciplines sportives et d’activités de loisirs,85.51Y,Enseignement de disciplines sportives et d’activités de loisirs,,,https://www.insee.fr/fr/metadonnees/naf2025/sousClasse/85.51Y,Insee — NAF 2025 — sous-classe 85.51Y
NAF 2025,Q,ENSEIGNEMENT,85,Enseignement,85.5,Autre enseignement,85.52,Enseignement culturel,85.52Y,Enseignement culturel,,,https://www.insee.fr/fr/metadonnees/naf2025/sousClasse/85.52Y,Insee — NAF 2025 — sous-classe 85.52Y
NAF 2025,Q,ENSEIGNEMENT,85,Enseignement,85.5,Autre enseignement,85.53,Enseignement de la conduite,85.53Y,Enseignement de la conduite,,,https://www.insee.fr/fr/metadonnees/naf2025/sousClasse/85.53Y,Insee — NAF 2025 — sous-classe 85.53Y
NAF 2025,Q,ENSEIGNEMENT,85,Enseignement,85.5,Autre enseignement,85.59,Autre enseignement n.c.a.,85.59G,Formation continue d'adultes,,,https://www.insee.fr/fr/metadonnees/naf2025/sousClasse/85.59G,Insee — NAF 2025 — sous-classe 85.59G
NAF 2025,Q,ENSEIGNEMENT,85,Enseignement,85.5,Autre enseignement,85.59,Autre enseignement n.c.a.,85.59H,Tous les autres enseignements n.c.a.,,,https://www.insee.fr/fr/metadonnees/naf2025/sousClasse/85.59H,Insee — NAF 2025 — sous-classe 85.59H
NAF 2025,Q,ENSEIGNEMENT,85,Enseignement,85.6,Activités de soutien à l’enseignement,85.61,Activités de service d’intermédiation dans le domaine de l’appui scolaire et du tutorat,85.61Y,Activités de service d’intermédiation dans le domaine de l’appui scolaire et du tutorat,,,https://www.insee.fr/fr/metadonnees/naf2025/sousClasse/85.61Y,Insee — NAF 2025 — sous-classe 85.61Y
NAF 2025,Q,ENSEIGNEMENT,85,Enseignement,85.6,Activités de soutien à l’enseignement,85.69,Activités de soutien à l’enseignement n.c.a.,85.69Y,Activités de soutien à l’enseignement n.c.a.,,,https://www.insee.fr/fr/metadonnees/naf2025/sousClasse/85.69Y,Insee — NAF 2025 — sous-classe 85.69Y
NAF 2025,R,SANTÉ HUMAINE ET ACTIVITÉS D’ACTION SOCIALE,86,Activités pour la santé humaine,86.1,Activités hospitalières,86.10,Activités hospitalières,86.10Y,Activités hospitalières,,,https://www.insee.fr/fr/metadonnees/naf2025/sousClasse/86.10Y,Insee — NAF 2025 — sous-classe 86.10Y
NAF 2025,R,SANTÉ HUMAINE ET ACTIVITÉS D’ACTION SOCIALE,86,Activités pour la santé humaine,86.2,Activités des médecins et dentistes,86.21,Activités de médecine générale,86.21Y,Activités de médecine générale,,,https://www.insee.fr/fr/metadonnees/naf2025/sousClasse/86.21Y,Insee — NAF 2025 — sous-classe 86.21Y
NAF 2025,R,SANTÉ HUMAINE ET ACTIVITÉS D’ACTION SOCIALE,86,Activités pour la santé humaine,86.2,Activités des médecins et dentistes,86.22,Activités de médecine spécialisée,86.22Y,Activités de médecine spécialisée,,,https://www.insee.fr/fr/metadonnees/naf2025/sousClasse/86.22Y,Insee — NAF 2025 — sous-classe 86.22Y
NAF 2025,R,SANTÉ HUMAINE ET ACTIVITÉS D’ACTION SOCIALE,86,Activités pour la santé humaine,86.2,Activités des médecins et dentistes,86.23,Activités de soins dentaires,86.23Y,Activités de soins dentaires,,,https://www.insee.fr/fr/metadonnees/naf2025/sousClasse/86.23Y,Insee — NAF 2025 — sous-classe 86.23Y
NAF 2025,R,SANTÉ HUMAINE ET ACTIVITÉS D’ACTION SOCIALE,86,Activités pour la santé humaine,86.9,Autres activités pour la santé humaine,86.91,Activités d’imagerie médicale et de laboratoire d’analyse médicale,86.91Y,Activités d’imagerie médicale et de laboratoire d’analyse médicale,,,https://www.insee.fr/fr/metadonnees/naf2025/sousClasse/86.91Y,Insee — NAF 2025 — sous-classe 86.91Y
NAF 2025,R,SANTÉ HUMAINE ET ACTIVITÉS D’ACTION SOCIALE,86,Activités pour la santé humaine,86.9,Autres activités pour la santé humaine,86.92,Transport de patients par ambulance,86.92Y,Transport de patients par ambulance,,,https://www.insee.fr/fr/metadonnees/naf2025/sousClasse/86.92Y,Insee — NAF 2025 — sous-classe 86.92Y
NAF 2025,R,SANTÉ HUMAINE ET ACTIVITÉS D’ACTION SOCIALE,86,Activités pour la santé humaine,86.9,Autres activités pour la santé humaine,86.93,"Activités des psychologues et psychothérapeutes, à l’exception des médecins",86.93Y,"Activités des psychologues et psychothérapeutes, à l’exception des médecins",,,https://www.insee.fr/fr/metadonnees/naf2025/sousClasse/86.93Y,Insee — NAF 2025 — sous-classe 86.93Y
NAF 2025,R,SANTÉ HUMAINE ET ACTIVITÉS D’ACTION SOCIALE,86,Activités pour la santé humaine,86.9,Autres activités pour la santé humaine,86.94,Activités de soins infirmiers et de maïeutique,86.94G,Activités de soins infirmiers,,,https://www.insee.fr/fr/metadonnees/naf2025/sousClasse/86.94G,Insee — NAF 2025 — sous-classe 86.94G
NAF 2025,R,SANTÉ HUMAINE ET ACTIVITÉS D’ACTION SOCIALE,86,Activités pour la santé humaine,86.9,Autres activités pour la santé humaine,86.94,Activités de soins infirmiers et de maïeutique,86.94H,Activités de maïeutique,,,https://www.insee.fr/fr/metadonnees/naf2025/sousClasse/86.94H,Insee — NAF 2025 — sous-classe 86.94H
NAF 2025,R,SANTÉ HUMAINE ET ACTIVITÉS D’ACTION SOCIALE,86,Activités pour la santé humaine,86.9,Autres activités pour la santé humaine,86.95,Activités de physiothérapie,86.95Y,Activités de physiothérapie,,,https://www.insee.fr/fr/metadonnees/naf2025/sousClasse/86.95Y,Insee — NAF 2025 — sous-classe 86.95Y
NAF 2025,R,SANTÉ HUMAINE ET ACTIVITÉS D’ACTION SOCIALE,86,Activités pour la santé humaine,86.9,Autres activités pour la santé humaine,86.96,"Activités de médecine traditionnelle, complémentaire et alternative",86.96Y,"Activités de médecine traditionnelle, complémentaire et alternative",,,https://www.insee.fr/fr/metadonnees/naf2025/sousClasse/86.96Y,Insee — NAF 2025 — sous-classe 86.96Y
NAF 2025,R,SANTÉ HUMAINE ET ACTIVITÉS D’ACTION SOCIALE,86,Activités pour la santé humaine,86.9,Autres activités pour la santé humaine,86.97,"Activités de service d’intermédiation pour les services médicaux, dentaires et autres services pour la santé humaine",86.97Y,"Activités de service d’intermédiation pour les services médicaux, dentaires et autres services pour la santé humaine",,,https://www.insee.fr/fr/metadonnees/naf2025/sousClasse/86.97Y,Insee — NAF 2025 — sous-classe 86.97Y
NAF 2025,R,SANTÉ HUMAINE ET ACTIVITÉS D’ACTION SOCIALE,86,Activités pour la santé humaine,86.9,Autres activités pour la santé humaine,86.99,Autres activités pour la santé humaine n.c.a.,86.99Y,Autres activités pour la santé humaine n.c.a.,,,https://www.insee.fr/fr/metadonnees/naf2025/sousClasse/86.99Y,Insee — NAF 2025 — sous-classe 86.99Y
NAF 2025,R,SANTÉ HUMAINE ET ACTIVITÉS D’ACTION SOCIALE,87,Activités de soins en établissement résidentiel,87.1,Activités d’hébergement médicalisé,87.10,Activités d’hébergement médicalisé,87.10G,Activités d’hébergement médicalisé pour personnes âgées,,,https://www.insee.fr/fr/metadonnees/naf2025/sousClasse/87.10G,Insee — NAF 2025 — sous-classe 87.10G
NAF 2025,R,SANTÉ HUMAINE ET ACTIVITÉS D’ACTION SOCIALE,87,Activités de soins en établissement résidentiel,87.1,Activités d’hébergement médicalisé,87.10,Activités d’hébergement médicalisé,87.10H,Activités d’hébergement médicalisé pour enfants en situation de handicap,,,https://www.insee.fr/fr/metadonnees/naf2025/sousClasse/87.10H,Insee — NAF 2025 — sous-classe 87.10H
NAF 2025,R,SANTÉ HUMAINE ET ACTIVITÉS D’ACTION SOCIALE,87,Activités de soins en établissement résidentiel,87.1,Activités d’hébergement médicalisé,87.10,Activités d’hébergement médicalisé,87.10J,Activités d’hébergement médicalisé pour adultes en situation de handicap et autres activités d’hébergement médicalisé,,,https://www.insee.fr/fr/metadonnees/naf2025/sousClasse/87.10J,Insee — NAF 2025 — sous-classe 87.10J
NAF 2025,R,SANTÉ HUMAINE ET ACTIVITÉS D’ACTION SOCIALE,87,Activités de soins en établissement résidentiel,87.2,Activités d’hébergement social pour personnes souffrant de maladie mentale ou de toxicomanie,87.20,Activités d’hébergement social pour personnes souffrant de maladie mentale ou de toxicomanie,87.20G,Activités d’hébergement social pour personnes souffrant de maladie mentale,,,https://www.insee.fr/fr/metadonnees/naf2025/sousClasse/87.20G,Insee — NAF 2025 — sous-classe 87.20G
NAF 2025,R,SANTÉ HUMAINE ET ACTIVITÉS D’ACTION SOCIALE,87,Activités de soins en établissement résidentiel,87.2,Activités d’hébergement social pour personnes souffrant de maladie mentale ou de toxicomanie,87.20,Activités d’hébergement social pour personnes souffrant de maladie mentale ou de toxicomanie,87.20H,Activités d’hébergement social pour personnes souffrant de toxicomanie,,,https://www.insee.fr/fr/metadonnees/naf2025/sousClasse/87.20H,Insee — NAF 2025 — sous-classe 87.20H
NAF 2025,R,SANTÉ HUMAINE ET ACTIVITÉS D’ACTION SOCIALE,87,Activités de soins en établissement résidentiel,87.3,Activités d’hébergement social pour personnes âgées ou en situation de handicap physique,87.30,Activités d’hébergement social pour personnes âgées ou en situation de handicap physique,87.30G,Activités d’hébergement social pour personnes âgées,,,https://www.insee.fr/fr/metadonnees/naf2025/sousClasse/87.30G,Insee — NAF 2025 — sous-classe 87.30G
NAF 2025,R,SANTÉ HUMAINE ET ACTIVITÉS D’ACTION SOCIALE,87,Activités de soins en établissement résidentiel,87.3,Activités d’hébergement social pour personnes âgées ou en situation de handicap physique,87.30,Activités d’hébergement social pour personnes âgées ou en situation de handicap physique,87.30H,Activités d’hébergement social pour personnes en situation de handicap physique,,,https://www.insee.fr/fr/metadonnees/naf2025/sousClasse/87.30H,Insee — NAF 2025 — sous-classe 87.30H
NAF 2025,R,SANTÉ HUMAINE ET ACTIVITÉS D’ACTION SOCIALE,87,Activités de soins en établissement résidentiel,87.9,Autres activités de soins en établissement résidentiel,87.91,Activités de service d’intermédiation pour des activités de soins en établissement résidentiel,87.91Y,Activités de service d’intermédiation pour des activités de soins en établissement résidentiel,,,https://www.insee.fr/fr/metadonnees/naf2025/sousClasse/87.91Y,Insee — NAF 2025 — sous-classe 87.91Y
NAF 2025,R,SANTÉ HUMAINE ET ACTIVITÉS D’ACTION SOCIALE,87,Activités de soins en établissement résidentiel,87.9,Autres activités de soins en établissement résidentiel,87.99,Autres activités d’hébergement social n.c.a.,87.99G,Activités d’hébergement social pour enfants en difficulté,,,https://www.insee.fr/fr/metadonnees/naf2025/sousClasse/87.99G,Insee — NAF 2025 — sous-classe 87.99G
NAF 2025,R,SANTÉ HUMAINE ET ACTIVITÉS D’ACTION SOCIALE,87,Activités de soins en établissement résidentiel,87.9,Autres activités de soins en établissement résidentiel,87.99,Autres activités d’hébergement social n.c.a.,87.99H,Activités d’hébergement social pour adultes et familles en difficulté et autres activités d’hébergement social n.c.a.,,,https://www.insee.fr/fr/metadonnees/naf2025/sousClasse/87.99H,Insee — NAF 2025 — sous-classe 87.99H
NAF 2025,R,SANTÉ HUMAINE ET ACTIVITÉS D’ACTION SOCIALE,88,Activités d’action sociale sans hébergement,88.1,Activités d’action sociale sans hébergement pour personnes âgées ou en situation de handicap,88.10,Activités d’action sociale sans hébergement pour personnes âgées ou en situation de handicap,88.10G,Activités d’action sociale à domicile,,,https://www.insee.fr/fr/metadonnees/naf2025/sousClasse/88.10G,Insee — NAF 2025 — sous-classe 88.10G
NAF 2025,R,SANTÉ HUMAINE ET ACTIVITÉS D’ACTION SOCIALE,88,Activités d’action sociale sans hébergement,88.1,Activités d’action sociale sans hébergement pour personnes âgées ou en situation de handicap,88.10,Activités d’action sociale sans hébergement pour personnes âgées ou en situation de handicap,88.10H,Activités d’accueil ou d’accompagnement sans hébergement d’adultes en situation de handicap ou de personnes âgées,,,https://www.insee.fr/fr/metadonnees/naf2025/sousClasse/88.10H,Insee — NAF 2025 — sous-classe 88.10H
NAF 2025,R,SANTÉ HUMAINE ET ACTIVITÉS D’ACTION SOCIALE,88,Activités d’action sociale sans hébergement,88.1,Activités d’action sociale sans hébergement pour personnes âgées ou en situation de handicap,88.10,Activités d’action sociale sans hébergement pour personnes âgées ou en situation de handicap,88.10J,"Activités de réadaptation professionnelle et réinsertion, aide par le travail",,,https://www.insee.fr/fr/metadonnees/naf2025/sousClasse/88.10J,Insee — NAF 2025 — sous-classe 88.10J
NAF 2025,R,SANTÉ HUMAINE ET ACTIVITÉS D’ACTION SOCIALE,88,Activités d’action sociale sans hébergement,88.9,Autres activités d’action sociale sans hébergement,88.91,Activités de garde d’enfants,88.91G,Accueil de jeunes enfants en structure collective,,,https://www.insee.fr/fr/metadonnees/naf2025/sousClasse/88.91G,Insee — NAF 2025 — sous-classe 88.91G
NAF 2025,R,SANTÉ HUMAINE ET ACTIVITÉS D’ACTION SOCIALE,88,Activités d’action sociale sans hébergement,88.9,Autres activités d’action sociale sans hébergement,88.91,Activités de garde d’enfants,88.91H,Accueil de jeunes enfants à domicile,,,https://www.insee.fr/fr/metadonnees/naf2025/sousClasse/88.91H,Insee — NAF 2025 — sous-classe 88.91H
NAF 2025,R,SANTÉ HUMAINE ET ACTIVITÉS D’ACTION SOCIALE,88,Activités d’action sociale sans hébergement,88.9,Autres activités d’action sociale sans hébergement,88.91,Activités de garde d’enfants,88.91J,Accueil ou accompagnement sans hébergement d’enfants en situation de handicap,,,https://www.insee.fr/fr/metadonnees/naf2025/sousClasse/88.91J,Insee — NAF 2025 — sous-classe 88.91J
NAF 2025,R,SANTÉ HUMAINE ET ACTIVITÉS D’ACTION SOCIALE,88,Activités d’action sociale sans hébergement,88.9,Autres activités d’action sociale sans hébergement,88.99,Autres activités d’action sociale sans hébergement n.c.a.,88.99G,Autre accueil ou accompagnement sans hébergement d’enfants et d’adolescents,,,https://www.insee.fr/fr/metadonnees/naf2025/sousClasse/88.99G,Insee — NAF 2025 — sous-classe 88.99G
NAF 2025,R,SANTÉ HUMAINE ET ACTIVITÉS D’ACTION SOCIALE,88,Activités d’action sociale sans hébergement,88.9,Autres activités d’action sociale sans hébergement,88.99,Autres activités d’action sociale sans hébergement n.c.a.,88.99H,Toutes les autres activités d’action sociale sans hébergement n.c.a.,,,https://www.insee.fr/fr/metadonnees/naf2025/sousClasse/88.99H,Insee — NAF 2025 — sous-classe 88.99H
NAF 2025,S,"ARTS, SPORTS ET ACTIVITÉS RÉCRÉATIVES",90,Activités de création artistique et de spectacle,90.1,Activités de création artistique,90.11,Activités de création littéraire et de composition musicale,90.11Y,Activités de création littéraire et de composition musicale,,,https://www.insee.fr/fr/metadonnees/naf2025/sousClasse/90.11Y,Insee — NAF 2025 — sous-classe 90.11Y
NAF 2025,S,"ARTS, SPORTS ET ACTIVITÉS RÉCRÉATIVES",90,Activités de création artistique et de spectacle,90.1,Activités de création artistique,90.12,Activités de création en arts visuels,90.12Y,Activités de création en arts visuels,,,https://www.insee.fr/fr/metadonnees/naf2025/sousClasse/90.12Y,Insee — NAF 2025 — sous-classe 90.12Y
NAF 2025,S,"ARTS, SPORTS ET ACTIVITÉS RÉCRÉATIVES",90,Activités de création artistique et de spectacle,90.1,Activités de création artistique,90.13,Autres activités de création artistique,90.13Y,Autres activités de création artistique,,,https://www.insee.fr/fr/metadonnees/naf2025/sousClasse/90.13Y,Insee — NAF 2025 — sous-classe 90.13Y
NAF 2025,S,"ARTS, SPORTS ET ACTIVITÉS RÉCRÉATIVES",90,Activités de création artistique et de spectacle,90.2,Activités de spectacle,90.20,Activités de spectacle,90.20Y,Activités de spectacle,,,https://www.insee.fr/fr/metadonnees/naf2025/sousClasse/90.20Y,Insee — NAF 2025 — sous-classe 90.20Y
NAF 2025,S,"ARTS, SPORTS ET ACTIVITÉS RÉCRÉATIVES",90,Activités de création artistique et de spectacle,90.3,Activités de soutien à la création artistique et aux spectacles,90.31,Gestion de lieux d’exposition artistique et de salles de spectacles,90.31G,Gestion d’installations et de lieux de production et de diffusion des arts visuels,,,https://www.insee.fr/fr/metadonnees/naf2025/sousClasse/90.31G,Insee — NAF 2025 — sous-classe 90.31G
NAF 2025,S,"ARTS, SPORTS ET ACTIVITÉS RÉCRÉATIVES",90,Activités de création artistique et de spectacle,90.3,Activités de soutien à la création artistique et aux spectacles,90.31,Gestion de lieux d’exposition artistique et de salles de spectacles,90.31H,Gestion de salles de spectacle vivant,,,https://www.insee.fr/fr/metadonnees/naf2025/sousClasse/90.31H,Insee — NAF 2025 — sous-classe 90.31H
NAF 2025,S,"ARTS, SPORTS ET ACTIVITÉS RÉCRÉATIVES",90,Activités de création artistique et de spectacle,90.3,Activités de soutien à la création artistique et aux spectacles,90.39,Autres activités de soutien à la création artistique et aux spectacles,90.39G,Activités de production et organisation d'évènements culturels,,,https://www.insee.fr/fr/metadonnees/naf2025/sousClasse/90.39G,Insee — NAF 2025 — sous-classe 90.39G
NAF 2025,S,"ARTS, SPORTS ET ACTIVITÉS RÉCRÉATIVES",90,Activités de création artistique et de spectacle,90.3,Activités de soutien à la création artistique et aux spectacles,90.39,Autres activités de soutien à la création artistique et aux spectacles,90.39H,Activités de soutien technique aux spectacles et aux événements culturels,,,https://www.insee.fr/fr/metadonnees/naf2025/sousClasse/90.39H,Insee — NAF 2025 — sous-classe 90.39H
NAF 2025,S,"ARTS, SPORTS ET ACTIVITÉS RÉCRÉATIVES",91,"Bibliothèques, archives, musées et autres activités culturelles",91.1,Activités des bibliothèques et centres d’archives,91.11,Activités des bibliothèques,91.11Y,Activités des bibliothèques,,,https://www.insee.fr/fr/metadonnees/naf2025/sousClasse/91.11Y,Insee — NAF 2025 — sous-classe 91.11Y
NAF 2025,S,"ARTS, SPORTS ET ACTIVITÉS RÉCRÉATIVES",91,"Bibliothèques, archives, musées et autres activités culturelles",91.1,Activités des bibliothèques et centres d’archives,91.12,Activités des centres d’archives,91.12Y,Activités des centres d’archives,,,https://www.insee.fr/fr/metadonnees/naf2025/sousClasse/91.12Y,Insee — NAF 2025 — sous-classe 91.12Y
NAF 2025,S,"ARTS, SPORTS ET ACTIVITÉS RÉCRÉATIVES",91,"Bibliothèques, archives, musées et autres activités culturelles",91.2,"Activités des musées, collections, monuments et sites historiques",91.21,Activités des musées et collections,91.21Y,Activités des musées et collections,,,https://www.insee.fr/fr/metadonnees/naf2025/sousClasse/91.21Y,Insee — NAF 2025 — sous-classe 91.21Y
NAF 2025,S,"ARTS, SPORTS ET ACTIVITÉS RÉCRÉATIVES",91,"Bibliothèques, archives, musées et autres activités culturelles",91.2,"Activités des musées, collections, monuments et sites historiques",91.22,Activité des monuments et sites historiques,91.22Y,Activité des monuments et sites historiques,,,https://www.insee.fr/fr/metadonnees/naf2025/sousClasse/91.22Y,Insee — NAF 2025 — sous-classe 91.22Y
NAF 2025,S,"ARTS, SPORTS ET ACTIVITÉS RÉCRÉATIVES",91,"Bibliothèques, archives, musées et autres activités culturelles",91.3,"Conservation, restauration et autres activités de soutien pour la préservation du patrimoine culturel",91.30,"Conservation, restauration et autres activités de soutien pour la préservation du patrimoine culturel",91.30Y,"Conservation, restauration et autres activités de soutien pour la préservation du patrimoine culturel",,,https://www.insee.fr/fr/metadonnees/naf2025/sousClasse/91.30Y,Insee — NAF 2025 — sous-classe 91.30Y
NAF 2025,S,"ARTS, SPORTS ET ACTIVITÉS RÉCRÉATIVES",91,"Bibliothèques, archives, musées et autres activités culturelles",91.4,Activités de gestion de jardins botaniques et zoologiques et de réserves naturelles,91.41,Activités de gestion de jardins botaniques et zoologiques,91.41Y,Activités de gestion de jardins botaniques et zoologiques,,,https://www.insee.fr/fr/metadonnees/naf2025/sousClasse/91.41Y,Insee — NAF 2025 — sous-classe 91.41Y
NAF 2025,S,"ARTS, SPORTS ET ACTIVITÉS RÉCRÉATIVES",91,"Bibliothèques, archives, musées et autres activités culturelles",91.4,Activités de gestion de jardins botaniques et zoologiques et de réserves naturelles,91.42,Activités de gestion de réserves naturelles,91.42Y,Activités de gestion de réserves naturelles,,,https://www.insee.fr/fr/metadonnees/naf2025/sousClasse/91.42Y,Insee — NAF 2025 — sous-classe 91.42Y
NAF 2025,S,"ARTS, SPORTS ET ACTIVITÉS RÉCRÉATIVES",92,Activités de jeux d’argent et de paris,92.0,Activités de jeux d’argent et de paris,92.00,Activités de jeux d’argent et de paris,92.00Y,Activités de jeux d’argent et de paris,,,https://www.insee.fr/fr/metadonnees/naf2025/sousClasse/92.00Y,Insee — NAF 2025 — sous-classe 92.00Y
NAF 2025,S,"ARTS, SPORTS ET ACTIVITÉS RÉCRÉATIVES",93,Activités sportives et activités récréatives et de loisirs,93.1,Activités sportives,93.11,Gestion d’installations sportives,93.11Y,Gestion d’installations sportives,,,https://www.insee.fr/fr/metadonnees/naf2025/sousClasse/93.11Y,Insee — NAF 2025 — sous-classe 93.11Y
NAF 2025,S,"ARTS, SPORTS ET ACTIVITÉS RÉCRÉATIVES",93,Activités sportives et activités récréatives et de loisirs,93.1,Activités sportives,93.12,Activités des clubs de sports,93.12Y,Activités des clubs de sports,,,https://www.insee.fr/fr/metadonnees/naf2025/sousClasse/93.12Y,Insee — NAF 2025 — sous-classe 93.12Y
NAF 2025,S,"ARTS, SPORTS ET ACTIVITÉS RÉCRÉATIVES",93,Activités sportives et activités récréatives et de loisirs,93.1,Activités sportives,93.13,Activités des centres de fitness,93.13Y,Activités des centres de fitness,,,https://www.insee.fr/fr/metadonnees/naf2025/sousClasse/93.13Y,Insee — NAF 2025 — sous-classe 93.13Y
NAF 2025,S,"ARTS, SPORTS ET ACTIVITÉS RÉCRÉATIVES",93,Activités sportives et activités récréatives et de loisirs,93.1,Activités sportives,93.19,Autres activités sportives n.c.a.,93.19Y,Autres activités sportives n.c.a.,,,https://www.insee.fr/fr/metadonnees/naf2025/sousClasse/93.19Y,Insee — NAF 2025 — sous-classe 93.19Y
NAF 2025,S,"ARTS, SPORTS ET ACTIVITÉS RÉCRÉATIVES",93,Activités sportives et activités récréatives et de loisirs,93.2,Activités récréatives et de loisirs,93.21,Activités des parcs d’attractions et parcs à thème,93.21Y,Activités des parcs d’attractions et parcs à thème,,,https://www.insee.fr/fr/metadonnees/naf2025/sousClasse/93.21Y,Insee — NAF 2025 — sous-classe 93.21Y
NAF 2025,S,"ARTS, SPORTS ET ACTIVITÉS RÉCRÉATIVES",93,Activités sportives et activités récréatives et de loisirs,93.2,Activités récréatives et de loisirs,93.29,Activités récréatives et de loisirs n.c.a.,93.29Y,Activités récréatives et de loisirs n.c.a.,,,https://www.insee.fr/fr/metadonnees/naf2025/sousClasse/93.29Y,Insee — NAF 2025 — sous-classe 93.29Y
NAF 2025,T,AUTRES ACTIVITÉS DE SERVICES,94,Activités des organisations associatives,94.1,"Activités des organisations économiques, patronales et professionnelles",94.11,Activités des organisations patronales et des chambres représentatives,94.11Y,Activités des organisations patronales et des chambres représentatives,,,https://www.insee.fr/fr/metadonnees/naf2025/sousClasse/94.11Y,Insee — NAF 2025 — sous-classe 94.11Y
NAF 2025,T,AUTRES ACTIVITÉS DE SERVICES,94,Activités des organisations associatives,94.1,"Activités des organisations économiques, patronales et professionnelles",94.12,Activités des organisations professionnelles,94.12Y,Activités des organisations professionnelles,,,https://www.insee.fr/fr/metadonnees/naf2025/sousClasse/94.12Y,Insee — NAF 2025 — sous-classe 94.12Y
NAF 2025,T,AUTRES ACTIVITÉS DE SERVICES,94,Activités des organisations associatives,94.2,Activités des syndicats de salariés,94.20,Activités des syndicats de salariés,94.20Y,Activités des syndicats de salariés,,,https://www.insee.fr/fr/metadonnees/naf2025/sousClasse/94.20Y,Insee — NAF 2025 — sous-classe 94.20Y
NAF 2025,T,AUTRES ACTIVITÉS DE SERVICES,94,Activités des organisations associatives,94.9,Activités des autres organisations associatives,94.91,Activités des organisations religieuses,94.91Y,Activités des organisations religieuses,,,https://www.insee.fr/fr/metadonnees/naf2025/sousClasse/94.91Y,Insee — NAF 2025 — sous-classe 94.91Y
NAF 2025,T,AUTRES ACTIVITÉS DE SERVICES,94,Activités des organisations associatives,94.9,Activités des autres organisations associatives,94.92,Activités des organisations politiques,94.92Y,Activités des organisations politiques,,,https://www.insee.fr/fr/metadonnees/naf2025/sousClasse/94.92Y,Insee — NAF 2025 — sous-classe 94.92Y
NAF 2025,T,AUTRES ACTIVITÉS DE SERVICES,94,Activités des organisations associatives,94.9,Activités des autres organisations associatives,94.99,Activités des organisations associatives n.c.a.,94.99Y,Activités des organisations associatives n.c.a.,,,https://www.insee.fr/fr/metadonnees/naf2025/sousClasse/94.99Y,Insee — NAF 2025 — sous-classe 94.99Y
NAF 2025,T,AUTRES ACTIVITÉS DE SERVICES,95,"Réparation et entretien d’ordinateurs, de biens personnels et domestiques et d’automobiles et motocycles",95.1,Réparation et entretien d’ordinateurs et d’équipements de communication,95.10,Réparation et entretien d’ordinateurs et d’équipements de communication,95.10Y,Réparation et entretien d’ordinateurs et d’équipements de communication,,,https://www.insee.fr/fr/metadonnees/naf2025/sousClasse/95.10Y,Insee — NAF 2025 — sous-classe 95.10Y
NAF 2025,T,AUTRES ACTIVITÉS DE SERVICES,95,"Réparation et entretien d’ordinateurs, de biens personnels et domestiques et d’automobiles et motocycles",95.2,Réparation et entretien de biens personnels et domestiques,95.21,Réparation et entretien de produits électroniques grand public,95.21Y,Réparation et entretien de produits électroniques grand public,,,https://www.insee.fr/fr/metadonnees/naf2025/sousClasse/95.21Y,Insee — NAF 2025 — sous-classe 95.21Y
NAF 2025,T,AUTRES ACTIVITÉS DE SERVICES,95,"Réparation et entretien d’ordinateurs, de biens personnels et domestiques et d’automobiles et motocycles",95.2,Réparation et entretien de biens personnels et domestiques,95.22,Réparation et entretien d’appareils électroménagers et d’équipements pour la maison et le jardin,95.22Y,Réparation et entretien d’appareils électroménagers et d’équipements pour la maison et le jardin,,,https://www.insee.fr/fr/metadonnees/naf2025/sousClasse/95.22Y,Insee — NAF 2025 — sous-classe 95.22Y
NAF 2025,T,AUTRES ACTIVITÉS DE SERVICES,95,"Réparation et entretien d’ordinateurs, de biens personnels et domestiques et d’automobiles et motocycles",95.2,Réparation et entretien de biens personnels et domestiques,95.23,Réparation et entretien de chaussures et d’articles en cuir,95.23Y,Réparation et entretien de chaussures et d’articles en cuir,,,https://www.insee.fr/fr/metadonnees/naf2025/sousClasse/95.23Y,Insee — NAF 2025 — sous-classe 95.23Y
NAF 2025,T,AUTRES ACTIVITÉS DE SERVICES,95,"Réparation et entretien d’ordinateurs, de biens personnels et domestiques et d’automobiles et motocycles",95.2,Réparation et entretien de biens personnels et domestiques,95.24,Réparation et entretien de meubles et d’équipements du foyer,95.24Y,Réparation et entretien de meubles et d’équipements du foyer,,,https://www.insee.fr/fr/metadonnees/naf2025/sousClasse/95.24Y,Insee — NAF 2025 — sous-classe 95.24Y
NAF 2025,T,AUTRES ACTIVITÉS DE SERVICES,95,"Réparation et entretien d’ordinateurs, de biens personnels et domestiques et d’automobiles et motocycles",95.2,Réparation et entretien de biens personnels et domestiques,95.25,Réparation et entretien d’articles d’horlogerie et de bijouterie,95.25Y,Réparation et entretien d’articles d’horlogerie et de bijouterie,,,https://www.insee.fr/fr/metadonnees/naf2025/sousClasse/95.25Y,Insee — NAF 2025 — sous-classe 95.25Y
NAF 2025,T,AUTRES ACTIVITÉS DE SERVICES,95,"Réparation et entretien d’ordinateurs, de biens personnels et domestiques et d’automobiles et motocycles",95.2,Réparation et entretien de biens personnels et domestiques,95.29,Réparation et entretien d’autres biens personnels ou domestiques n.c.a.,95.29G,Réparation et entretien de cycles et autres engins de la mobilité douce,,,https://www.insee.fr/fr/metadonnees/naf2025/sousClasse/95.29G,Insee — NAF 2025 — sous-classe 95.29G
NAF 2025,T,AUTRES ACTIVITÉS DE SERVICES,95,"Réparation et entretien d’ordinateurs, de biens personnels et domestiques et d’automobiles et motocycles",95.2,Réparation et entretien de biens personnels et domestiques,95.29,Réparation et entretien d’autres biens personnels ou domestiques n.c.a.,95.29H,Réparation et entretien de tous les autres biens personnels ou domestiques n.c.a.,,,https://www.insee.fr/fr/metadonnees/naf2025/sousClasse/95.29H,Insee — NAF 2025 — sous-classe 95.29H
NAF 2025,T,AUTRES ACTIVITÉS DE SERVICES,95,"Réparation et entretien d’ordinateurs, de biens personnels et domestiques et d’automobiles et motocycles",95.3,Réparation et entretien d’automobiles et de motocycles,95.31,Réparation et entretien d’automobiles,95.31G,"Réparation et entretien de véhicules automobiles légers (moins de 3,5 tonnes)",,,https://www.insee.fr/fr/metadonnees/naf2025/sousClasse/95.31G,Insee — NAF 2025 — sous-classe 95.31G
NAF 2025,T,AUTRES ACTIVITÉS DE SERVICES,95,"Réparation et entretien d’ordinateurs, de biens personnels et domestiques et d’automobiles et motocycles",95.3,Réparation et entretien d’automobiles et de motocycles,95.31,Réparation et entretien d’automobiles,95.31H,Réparation et entretien d'autres véhicules automobiles,,,https://www.insee.fr/fr/metadonnees/naf2025/sousClasse/95.31H,Insee — NAF 2025 — sous-classe 95.31H
NAF 2025,T,AUTRES ACTIVITÉS DE SERVICES,95,"Réparation et entretien d’ordinateurs, de biens personnels et domestiques et d’automobiles et motocycles",95.3,Réparation et entretien d’automobiles et de motocycles,95.32,Réparation et entretien de motocycles,95.32Y,Réparation et entretien de motocycles,,,https://www.insee.fr/fr/metadonnees/naf2025/sousClasse/95.32Y,Insee — NAF 2025 — sous-classe 95.32Y
NAF 2025,T,AUTRES ACTIVITÉS DE SERVICES,95,"Réparation et entretien d’ordinateurs, de biens personnels et domestiques et d’automobiles et motocycles",95.4,"Activités de service d’intermédiation pour la réparation et l’entretien d’ordinateurs, de biens personnels et domestiques et d’automobiles et motocycles",95.40,"Activités de service d’intermédiation pour la réparation et l’entretien d’ordinateurs, de biens personnels et domestiques et d’automobiles et motocycles",95.40Y,"Activités de service d’intermédiation pour la réparation et l’entretien d’ordinateurs, de biens personnels et domestiques et d’automobiles et motocycles",,,https://www.insee.fr/fr/metadonnees/naf2025/sousClasse/95.40Y,Insee — NAF 2025 — sous-classe 95.40Y
NAF 2025,T,AUTRES ACTIVITÉS DE SERVICES,96,Activités de services aux personnes,96.1,Blanchisserie-teinturerie,96.10,Blanchisserie-teinturerie,96.10G,Blanchisserie-teinturerie de gros,,,https://www.insee.fr/fr/metadonnees/naf2025/sousClasse/96.10G,Insee — NAF 2025 — sous-classe 96.10G
NAF 2025,T,AUTRES ACTIVITÉS DE SERVICES,96,Activités de services aux personnes,96.1,Blanchisserie-teinturerie,96.10,Blanchisserie-teinturerie,96.10H,Blanchisserie-teinturerie de détail,,,https://www.insee.fr/fr/metadonnees/naf2025/sousClasse/96.10H,Insee — NAF 2025 — sous-classe 96.10H
NAF 2025,T,AUTRES ACTIVITÉS DE SERVICES,96,Activités de services aux personnes,96.2,"Coiffure, soins de beauté, spa et activités similaires",96.21,Coiffure et activités de barbier,96.21G,Coiffure et activités de barbier en salon,,,https://www.insee.fr/fr/metadonnees/naf2025/sousClasse/96.21G,Insee — NAF 2025 — sous-classe 96.21G
NAF 2025,T,AUTRES ACTIVITÉS DE SERVICES,96,Activités de services aux personnes,96.2,"Coiffure, soins de beauté, spa et activités similaires",96.21,Coiffure et activités de barbier,96.21H,Coiffure et activités de barbier hors salon,,,https://www.insee.fr/fr/metadonnees/naf2025/sousClasse/96.21H,Insee — NAF 2025 — sous-classe 96.21H
NAF 2025,T,AUTRES ACTIVITÉS DE SERVICES,96,Activités de services aux personnes,96.2,"Coiffure, soins de beauté, spa et activités similaires",96.22,Soins de beauté et autres activités de traitement esthétique,96.22Y,Soins de beauté et autres activités de traitement esthétique,,,https://www.insee.fr/fr/metadonnees/naf2025/sousClasse/96.22Y,Insee — NAF 2025 — sous-classe 96.22Y
NAF 2025,T,AUTRES ACTIVITÉS DE SERVICES,96,Activités de services aux personnes,96.2,"Coiffure, soins de beauté, spa et activités similaires",96.23,"Activités de spa, de sauna et de bain de vapeur",96.23Y,"Activités de spa, de sauna et de bain de vapeur",,,https://www.insee.fr/fr/metadonnees/naf2025/sousClasse/96.23Y,Insee — NAF 2025 — sous-classe 96.23Y
NAF 2025,T,AUTRES ACTIVITÉS DE SERVICES,96,Activités de services aux personnes,96.3,Services funéraires et activités connexes,96.30,Services funéraires et activités connexes,96.30Y,Services funéraires et activités connexes,,,https://www.insee.fr/fr/metadonnees/naf2025/sousClasse/96.30Y,Insee — NAF 2025 — sous-classe 96.30Y
NAF 2025,T,AUTRES ACTIVITÉS DE SERVICES,96,Activités de services aux personnes,96.4,Activités de service d’intermédiation pour des services aux personnes,96.40,Activités de service d’intermédiation pour des services aux personnes,96.40Y,Activités de service d’intermédiation pour des services aux personnes,,,https://www.insee.fr/fr/metadonnees/naf2025/sousClasse/96.40Y,Insee — NAF 2025 — sous-classe 96.40Y
NAF 2025,T,AUTRES ACTIVITÉS DE SERVICES,96,Activités de services aux personnes,96.9,Autres activités de service aux personnes,96.91,Activités d’offre de services domestiques aux personnes,96.91Y,Activités d’offre de services domestiques aux personnes,,,https://www.insee.fr/fr/metadonnees/naf2025/sousClasse/96.91Y,Insee — NAF 2025 — sous-classe 96.91Y
NAF 2025,T,AUTRES ACTIVITÉS DE SERVICES,96,Activités de services aux personnes,96.9,Autres activités de service aux personnes,96.99,Autres activités de service aux personnes n.c.a.,96.99G,Services pour animaux de compagnie,,,https://www.insee.fr/fr/metadonnees/naf2025/sousClasse/96.99G,Insee — NAF 2025 — sous-classe 96.99G
NAF 2025,T,AUTRES ACTIVITÉS DE SERVICES,96,Activités de services aux personnes,96.9,Autres activités de service aux personnes,96.99,Autres activités de service aux personnes n.c.a.,96.99H,Toutes les autres activités de service aux personnes n.c.a.,,,https://www.insee.fr/fr/metadonnees/naf2025/sousClasse/96.99H,Insee — NAF 2025 — sous-classe 96.99H
NAF 2025,U,ACTIVITÉS DES MÉNAGES EN TANT QU’EMPLOYEURS ; ACTIVITÉS INDIFFÉRENCIÉES DES MÉNAGES EN TANT QUE PRODUCTEURS DE BIENS ET SERVICES POUR USAGE PROPRE,97,Activités des ménages en tant qu’employeurs de personnel domestique,97.0,Activités des ménages en tant qu’employeurs de personnel domestique,97.00,Activités des ménages en tant qu’employeurs de personnel domestique,97.00Y,Activités des ménages en tant qu’employeurs de personnel domestique,,,https://www.insee.fr/fr/metadonnees/naf2025/sousClasse/97.00Y,Insee — NAF 2025 — sous-classe 97.00Y
NAF 2025,U,ACTIVITÉS DES MÉNAGES EN TANT QU’EMPLOYEURS ; ACTIVITÉS INDIFFÉRENCIÉES DES MÉNAGES EN TANT QUE PRODUCTEURS DE BIENS ET SERVICES POUR USAGE PROPRE,98,Activités indifférenciées des ménages en tant que producteurs de biens et services pour usage propre,98.1,Activités indifférenciées des ménages en tant que producteurs de biens pour usage propre,98.10,Activités indifférenciées des ménages en tant que producteurs de biens pour usage propre,98.10Y,Activités indifférenciées des ménages en tant que producteurs de biens pour usage propre,,,https://www.insee.fr/fr/metadonnees/naf2025/sousClasse/98.10Y,Insee — NAF 2025 — sous-classe 98.10Y
NAF 2025,U,ACTIVITÉS DES MÉNAGES EN TANT QU’EMPLOYEURS ; ACTIVITÉS INDIFFÉRENCIÉES DES MÉNAGES EN TANT QUE PRODUCTEURS DE BIENS ET SERVICES POUR USAGE PROPRE,98,Activités indifférenciées des ménages en tant que producteurs de biens et services pour usage propre,98.2,Activités indifférenciées des ménages en tant que producteurs de services pour usage propre,98.20,Activités indifférenciées des ménages en tant que producteurs de services pour usage propre,98.20Y,Activités indifférenciées des ménages en tant que producteurs de services pour usage propre,,,https://www.insee.fr/fr/metadonnees/naf2025/sousClasse/98.20Y,Insee — NAF 2025 — sous-classe 98.20Y
NAF 2025,V,ACTIVITÉS DES ORGANISATIONS ET ORGANISMES EXTRATERRITORIAUX,99,Activités des organisations et organismes extraterritoriaux,99.0,Activités des organisations et organismes extraterritoriaux,99.00,Activités des organisations et organismes extraterritoriaux,99.00Y,Activités des organisations et organismes extraterritoriaux,,,https://www.insee.fr/fr/metadonnees/naf2025/sousClasse/99.00Y,Insee — NAF 2025 — sous-classe 99.00Y
